User,NewGithubUser
1AB9502,False
7vikpeculiar,False
AAfghahi,False
AlexRRR,False
AndVK,True
Antonio-RiveroMartnez,False
Bonifacio2,False
Caahlo,False
ChristopherCFleming,True
CoryChaplin,False
DLT1412,False
Damans227,False
DanRoscigno,False
EBoisseauSierra,False
ETselikov,False
EugeneTorap,False
Gwitchr,False
JakobMiksch,False
JasonD28,False
JosueLugaro,True
KKcorps,False
KilimAnnejaro,False
MaiTiano,False
MatanBobi,False
MaxHuiYYDS,False
MayUWish,True
PApostol,False
PMExtra,False
Paulo-Eduardo,False
Renderz,False
TheLastSultan,False
Usiel,False
Yann-J,False
a5net,False
aadel,False
aakashnand,False
abhishekjog,False
ad-m,False
agatapst,False
agl-developer,False
akovalyov,False
alexandersimoes,False
alexkreidler,False
ali-bahjati,False
aminadha,False
amitmiran137,False
ancasarb,False
andreas-eberle,False
andrewbastian,False
andrewmusselman,False
aniaan,False
arthurpduarte,False
asif-ir,False
atronchi,False
atticoos,False
audour,False
austinpray,False
auxten,False
avakarev,False
avlihachev,True
axelet,False
azhar22k,False
bawantha,False
bearcage,False
belgren,False
benvdh,False
bipinsoniguavus,False
bkyryliuk,False
blcksrx,False
bmfs,False
brayanarrieta,False
brnnnfx,False
bryanck,False
bryanjtc,False
brylie,False
bungoume,False
cancan101,False
caviliar,False
cccs-Dustin,True
cccs-jc,False
cccs-joel,False
cdmikechen,False
cdreier,False
cemremengu,False
ceohockey60,False
cgivre,False
cheunhong,False
chinhngt,False
christophlingg,False
codemaster08240328,False
coderfender,False
codyml,False
connor924,False
corbinrobb,False
ctSkennerton,False
danielewood,False
datability-io,False
dbz10,False
dd-willgan,True
derari,False
dflionis,False
didva,False
diegoauad,False
diegomedina248,False
dinsaw,False
dkrat7,False
donbowman,False
dpgaspar,False
dreglad,False
dserkowski,False
dsztykman,False
dungdm93,False
duynguyenhoang,False
ecederstrand,False
einatbar,False
elukey,False
enricoberti,False
eric-briscoe,False
etr2460,False
exemplary-citizen,False
frafra,False
francishemingway,False
garden-of-delete,False
gbrian,False
geido,False
gforien,False
haaspt,False
hughhhh,False
iercan,False
jagamts1,False
jawabuu,False
jayakrishnankk,False
jfrag1,False
jimmytheneutrino,False
jinghua-qa,True
jsoref,False
junlincc,True
kakoni,False
kgabryje,False
kkucharc,False
klxiang,False
krsnik93,False
kstrz,False
ktmud,False
lamielle,False
lauderbaugh,False
liamnv,False
lilykuang,False
lyndsiWilliams,False
m-ajay,False
maloun96,False
maxmelnick,False
mayurnewase,False
mdeshmu,False
michael-hoffman-26,True
michael-s-molina,True
mmutiso,False
mvoitko,False
narendrans,False
nisheldo,False
nytai,False
octaviancorlade,False
ofekisr,False
passren,False
paulvic,False
pkdotson,False
prosdev0107,False
rahul-rahul-sp,False
rasta-rocket,False
rathberm,False
rijojoseph07,False
rjurney,False
robdiciuccio,False
rubenSastre,False
rusackas,False
sadpandajoe,False
schoel-bis,False
serenajiang,False
sfirke,False
simcha90,False
sinhashubham95,False
smacker,False
srinify,False
stellalc7,False
stephenLYZ,False
stevetracvc,True
suddjian,False
tanmaylaud,False
thinhnd2104,True
thunter009,False
tirkarthi,False
trepmag,False
villebro,False
vin01,False
wiktor2200,False
wonjin911,False
xasx,False
xiangfu0,False
xiezhongfu,False
yardz,False
yougyoung94,False
zhaorui2022,True
zhouyao1994,False
zuzana-vej,False
