User,NewGithubUser
AndyTeas,False
IsaacLK,False
KouWakai,False
MMeent,False
Maxim-Mazurok,False
Mozilla-GitHub-Standards,False
PinRathod,True
Pldi23,False
SaiKiranMukka,False
SpartanApple,False
a4lg,False
adenicole,True
apeltop,False
aplum,False
baloone,False
bhasto,False
calixteman,False
deathy,False
dhuang612,False
eltociear,False
emalysz,False
emilio,False
federicobond,False
gdh1995,False
hakubo,False
havocbcn,False
huzjakd,False
ineiti,False
janekotovich,True
justinribeiro,False
kjenova,False
kleins05,False
linfangrong,False
luistak,False
mgrigis,False
mikemando,True
mvasigh,False
nickyc975,False
nikolas,False
nisarhassan12,False
nmtigor,False
phillipj,False
quaoaris,False
raghav-wd,False
roiLeo,False
serdnab,False
srmagura,False
staktrace,False
stbensonimoh,False
sylvestre,False
symtalha14,False
tamuratak,False
terurou,False
vlastimilmaca,False
wojtekmaj,False
xelan,False
yangjiang3973,False
