User,NewGithubUser
APrigarina,False
AleksandrPanov,False
AoD314,False
ChipKerchner,False
GArik,False
JulieBar,False
JulienMaille,False
MaximMilashchenko,True
OrestChura,False
SSteve,False
SamFC10,False
SergeyIvanov87,False
StefanBruens,False
UnaNancyOwen,False
VadimLevin,False
WanliZhong,False
YashasSamaga,False
Yosshi999,False
aDanPin,False
aitikgupta,False
alex77g2,False
anton-potapov,False
asenyaev,True
ashishkrshrivastava,False
cabelo,False
cancerberoSgx,False
chrisballinger,False
colejd,False
cpoerschke,False
cudawarped,False
cyyever,False
danielenricocahall,False
devnexen,False
dmallia17,False
dvd42,False
eliteraspberries,False
fengyuentau,False
fpetrogalli,False
ganesh-k13,False
gasparitiago,False
hanliutong,False
ivashmak,False
komakai,False
liqi-c,False
ocpalo,False
opencv-pushbot,False
pmur,False
raaldrid,False
rayonnant14,False
rogday,False
sivanov-work,True
sl-sergei,False
smirnov-alexey,False
stefan-spiss,False
sthalik,False
tailsu,False
thangktran,False
themechanicalcoder,False
victor1234,False
vrabaud,False
zchrissirhcz,False
zihaomu,False
