,login,start_date,era
0,AngersZhuuuu,2019-03-18 07:13:25,pre
1,EnricoMi,2021-06-17 15:40:18,post
2,GuoPhilipse,2020-04-22 09:22:41,during
3,Kimahriman,2021-04-17 20:50:02,during
4,PavithraRamachandran,2019-06-24 14:38:11,pre
5,Peng-Lei,2021-03-22 10:48:39,during
6,TJX2014,2020-04-11 00:17:17,during
7,Yaohua628,2021-11-07 18:40:54,post
8,Yikun,2021-02-03 07:25:58,during
9,allisonwang-db,2020-06-13 00:43:34,during
10,amaliujia,2021-12-03 22:41:59,post
11,amanomer,2019-08-21 15:46:46,pre
12,anchovYu,2020-08-10 16:43:50,during
13,andygrove,2019-08-30 22:14:32,pre
14,beliefer,2020-02-01 13:17:08,pre
15,bjornjorgensen,2022-04-09 14:34:52,post
16,bozhang2820,2020-09-14 05:49:28,during
17,dbaliafroozeh,2019-08-06 09:17:36,pre
18,dchvn,2021-10-02 04:20:44,post
19,dcoliversun,2021-11-14 01:20:19,post
20,dominikgehl,2021-07-14 13:30:30,post
21,dongjoon-hyun,2022-08-27 03:45:27,post
22,dtenedor,2022-02-26 00:55:04,post
23,eejbyfeldt,2021-06-04 10:07:59,post
24,gemelen,2020-07-14 17:01:36,during
25,grundprinzip,2022-06-15 19:43:21,post
26,iRakson,2019-08-29 09:22:50,pre
27,imback82,2019-06-05 19:09:03,pre
28,itholic,2022-01-07 06:35:10,post
29,jsoref,2020-10-30 14:32:38,during
30,karenfeng,2020-05-12 01:32:38,during
31,kazuyukitanimura,2021-08-10 04:27:28,post
32,khalidmammadov,2022-01-23 16:13:31,post
33,leanken-zz,2019-06-14 06:58:26,pre
34,linhongliu-db,2020-08-21 08:51:10,during
35,lvshaokang,2022-01-15 18:17:16,post
36,martin-g,2022-01-31 13:01:36,post
37,mridulm,2020-05-14 03:43:03,during
38,otterc,2020-01-16 19:16:14,pre
39,pan3793,2020-06-28 19:04:17,during
40,panbingkun,2022-04-14 01:38:25,post
41,planga82,2019-04-21 08:17:09,pre
42,pzzs,2020-09-04 08:17:22,during
43,revans2,2019-06-04 16:04:34,pre
44,shardulm94,2020-10-14 23:42:43,during
45,sigmod,2021-04-06 05:25:56,during
46,tanelk,2020-07-13 19:30:44,during
47,tedyu,2020-12-31 15:02:53,during
48,tomvanbussel,2019-03-07 10:00:01,pre
49,ulysses-you,2019-07-08 06:11:57,pre
50,venkata91,2019-02-15 19:13:55,pre
51,vitaliili-db,2022-04-27 22:08:37,post
52,wangyum,2022-03-09 03:11:29,post
53,wankunde,2020-04-30 09:47:54,during
54,warrenzhu25,2019-10-25 23:12:23,pre
55,williamhyun,2020-05-18 00:07:43,during
56,xinrong-meng,2021-02-03 23:47:29,during
57,xkrogen,2020-06-19 23:37:26,during
58,yaooqinn,2021-04-14 16:44:36,during
59,yeshengm,2019-05-21 18:06:45,pre
60,yhuai,2020-02-06 21:56:26,pre
61,yoda-mon,2021-07-06 02:18:47,post
