User,NewGithubUser
AngersZhuuuu,False
EnricoMi,False
GuoPhilipse,False
Kimahriman,False
PavithraRamachandran,False
Peng-Lei,False
TJX2014,False
Yaohua628,True
Yikun,False
allisonwang-db,True
amaliujia,False
amanomer,False
anchovYu,False
andygrove,False
beliefer,False
bjornjorgensen,False
bozhang2820,False
dbaliafroozeh,False
dchvn,True
dcoliversun,False
dominikgehl,False
dongjoon-hyun,False
dtenedor,True
eejbyfeldt,True
gemelen,False
grundprinzip,False
iRakson,False
imback82,False
itholic,False
jsoref,False
karenfeng,False
kazuyukitanimura,False
khalidmammadov,False
leanken-zz,False
linhongliu-db,True
lvshaokang,False
martin-g,False
mridulm,False
otterc,False
pan3793,False
panbingkun,False
planga82,False
pzzs,False
revans2,False
shardulm94,False
sigmod,False
tanelk,False
tedyu,False
tomvanbussel,False
ulysses-you,False
venkata91,False
