User,NewGithubUser
2ZeroSix,False
Abhishek01039,False
AesSedai101,False
Alabhya268,False
AlexV525,False
Amitpatil215,False
Anas35,True
AyushBherwani1998,False
Bonsai11,False
Calamity210,False
CareF,False
CaseyHillers,False
ChoiAhHyun,False
CoderDake,False
ColdPaleLight,False
DanTup,False
DanielEdrisian,False
Hamdor,False
Hari-07,False
HeavenOSK,False
HelloCore,False
Im-Kevin,False
Inconnu08,False
Jasguerrero,False
Jjagg,False
JoseAlba,False
JsouLiang,False
JuYeong0413,False
Kavantix,False
LongCatIsLooong,False
M97Chahboun,True
MitchellGoodwin,False
Mokusesei,False
Moluram,False
MrBirb,True
NWalker1208,False
Nash0x7E2,False
Piinks,False
PixelToast,False
Pragya007,False
QuncCccccc,False
Renzo-Olivares,False
RoyARG02,False
Sunbreak,False
Swiftaxe,False
TahaTesser,False
ValentinVignal,False
WasserEsser,False
XilaiZhang,False
YeungKC,False
Yugue,False
Zazo032,False
a-wallen,False
abrush21,False
adazh,False
agordeev,False
amanv8060,False
andreidiaconu,False
andrewkolos,False
angjieli,False
ankur2136,False
annagrin,False
antholeole,False
apwilson,False
ardera,False
asashour,False
balvinderz,False
bdero,False
bernaferrari,False
bikcrum,False
bjartebore,False
bleroux,False
brianquinlan,False
broccolism,False
bryanoltman,False
camsim99,False
canastro,False
caseycrogers,False
chaselatta,False
chingjun,False
chinmoy12c,False
christian-muertz,False
christopherfujino,False
chunhtai,False
clarkezone,False
craiglabenz,False
creativecreatorormaybenot,False
crisboarna,False
daadu,False
darrenaustin,False
davidmartos96,False
dcharkes,False
ditman,False
dkwingsmt,False
domesticmouse,False
dratushnyy,False
dreveman,False
drewroengoogle,True
efortuna,False
egramond,False
eliasyishak,False
elliette,False
emem365,False
erickzanardo,False
esarbanis,False
esouthren,False
eukreign,False
eyebrowsoffire,False
feHouyushan,True
feinstein,False
fkorotkov,False
flar,False
fluttergithubbot,False
fourman-alex,False
fzyzcjy,False
gaaclarke,False
gazialankus,False
giantsol,False
godofredoc,False
grafovdenis,False
guidezpl,False
gusghrlrl101,False
gw280,False
haeseoklee,False
hamdikahloun,False
hangyujin,True
helin24,False
hellohuanlin,False
hpoul,False
igorakkerman,False
iskakaushik,False
itsjustkevin,False
jacek-marchwicki,False
jakemac53,False
jiahaog,False
jmagman,False
jnschulze,False
jonasfj,False
josh-burton,False
joshualitt,False
jpnurmi,False
jushutch,False
kaboc,False
keertip,False
keyonghan,False
kika,False
kpsroka,False
ksheremet,False
kwkr,False
legalcodes,False
letsar,False
liamappelbe,False
lidongze91,False
loic-sharma,False
ludwiktrammer,False
luizfranca,False
maheshmnj,False
mannprerak2,False
marcin-jelenski,False
matanshukry,False
mateusfccp,False
mghalayini,False
mhadaily,False
miDeb,False
michaellee8,False
miquelbeltran,False
moffatman,False
moko256,False
monkeyswarm,False
mono0926,False
naraekn,False
naudzghebre,False
nayeemtby,True
nbayati,True
nero-angela,False
nilsreichardt,False
nploi,False
nscobie,False
nt4f04uNd,False
nturgut,False
omerlevran46,False
pdblasi-google,True
pedromassango,False
pennzht,False
perclasson,False
polina-c,False
rami-a,False
renyou,False
ricardoamador,False
rickimaru18,False
robert-ancell,False
scheglov,False
shihaohong,False
shihchanghsiungsonos,False
shouichi,False
sidrao2006,True
sigmundch,False
smitsk,True
speaking-in-code,False
stevemessick,False
tarobins,False
tauu,False
tgucio,True
thkim1011,False
timsneath,False
ueman,False
vaind,False
vashworth,False
wanglikun7342,False
wangying3426,False
werainkhatri,False
willlockwood,False
wytesk133,False
xu-baolin,False
yaakovschectman,True
yash1200,False
youssef-attia,False
yusuf-goog,True
zanderso,False
zhongwuzw,False
zichangg,False
