,login,start_date,era
0,AK391,2022-01-04 21:10:47,post
1,AMontgomerie,2022-03-21 03:03:34,post
2,AdityaSoni19031997,2020-07-22 01:27:02,during
3,AkechiShiro,2021-10-10 16:46:22,post
4,AliOsm,2020-10-17 09:38:12,during
5,AndreaSottana,2020-10-15 15:42:42,during
6,AnugunjNaman,2022-05-10 12:29:24,post
7,Apoorvgarg-creator,2021-08-19 08:16:34,post
8,ArthurZucker,2022-04-13 10:57:40,post
9,AymenBer99,2022-10-12 08:08:52,post
10,Bearnardd,2022-10-03 21:52:17,post
11,BramVanroy,2022-09-12 11:31:08,post
12,ChainYo,2021-10-19 07:44:32,post
13,Craigacp,2020-11-30 21:11:51,during
14,D3xter1922,2022-10-07 09:17:21,post
15,Dahlbomii,2022-03-23 22:35:19,post
16,DavidNemeskey,2020-09-01 22:45:45,during
17,Davidy22,2022-10-06 05:01:58,post
18,DeepsMoseli,2020-07-01 00:20:32,during
19,DhavalTaunk08,2020-10-01 12:53:28,during
20,Ethan-yt,2020-09-27 06:17:46,during
21,F02934,2022-06-08 18:45:41,post
22,Fellip15,2022-04-19 19:12:48,post
23,FremyCompany,2020-09-30 11:25:49,during
24,HamidShojanazeri,2021-03-15 23:18:11,during
25,IMvision12,2022-09-25 14:12:09,post
26,JME-P,2020-08-05 15:15:49,during
27,JetRunner,2020-06-17 06:22:17,during
28,JingyaHuang,2022-07-01 09:32:11,post
29,JohnGiorgi,2022-03-29 20:09:06,post
30,JunnYu,2021-12-18 12:30:54,post
31,KMFODA,2020-10-02 09:52:05,during
32,KoichiYasuoka,2021-06-03 05:16:23,post
33,LSinev,2022-08-03 08:51:49,post
34,LysandreJik,2020-07-08 13:54:05,during
35,Mehrad0711,2020-07-10 20:22:19,during
36,Mustapha-AJEGHRIR,2022-09-21 20:33:08,post
37,Narsil,2020-08-06 11:15:12,during
38,NielsRogge,2020-08-11 09:36:57,during
39,NouamaneTazi,2022-06-12 12:44:41,post
40,PhilipMay,2020-07-23 18:10:47,during
41,Pradhy729,2020-06-26 21:48:01,during
42,Qbiwan,2021-01-02 12:16:30,during
43,RamitPahwa,2022-10-08 02:30:06,post
44,Ryou0634,2021-11-24 02:25:29,post
45,SBrandeis,2020-12-09 11:54:05,during
46,SD-13,2022-10-13 11:44:08,post
47,Saad135,2022-10-29 08:56:02,post
48,SaulLu,2021-02-24 11:35:05,during
49,SidJain1412,2020-08-19 11:35:38,during
50,SimplyJuanjo,2022-03-22 11:13:29,post
51,Tegzes,2022-09-19 17:10:35,post
52,TevenLeScao,2020-09-22 09:39:51,during
53,Threepointone4,2022-10-12 09:58:27,post
54,Timoeller,2020-12-13 10:11:20,during
55,VictorSanh,2021-06-23 22:57:36,post
56,ViktorAlm,2020-05-13 10:50:17,during
57,Wauplin,2022-08-29 10:11:25,post
58,WissamAntoun,2022-07-05 16:15:30,post
59,WybeKoper,2021-03-02 15:47:27,during
60,Xpiri,2022-06-09 12:47:55,post
61,Yard1,2021-07-15 19:54:26,post
62,abedkhooli,2021-01-06 10:59:36,during
63,abhilash1910,2020-10-02 16:35:29,during
64,abhishekkrthakur,2020-10-28 18:38:33,during
65,adelevie,2020-08-20 01:07:52,during
66,afcruzs,2020-07-16 04:28:52,during
67,agemagician,2020-11-19 22:08:58,during
68,ak314,2021-01-24 09:34:25,during
69,alaradirik,2022-06-08 08:52:17,post
70,alisafaya,2020-09-18 08:17:36,during
71,ameasure,2021-11-12 16:51:41,post
72,amodaresi,2020-08-14 17:28:29,during
73,amogkam,2020-10-08 00:37:49,during
74,amyeroberts,2022-04-22 10:56:48,post
75,anmolsjoshi,2022-04-04 22:29:36,post
76,anton-l,2021-10-21 19:25:15,post
77,aodiniz,2020-06-20 02:41:57,during
78,aphedges,2021-06-30 21:42:03,post
79,aretius,2020-06-02 17:45:57,during
80,ariG23498,2022-05-30 01:57:33,post
81,arnaudstiegler,2022-03-23 22:10:51,post
82,arnavsharma93,2020-07-03 06:40:51,during
83,astariul,2020-12-10 03:30:35,during
84,atturaioe,2022-07-28 17:55:44,post
85,avital,2020-10-29 18:32:21,during
86,ayaka14732,2022-03-25 05:52:10,post
87,banda-larga,2022-01-12 14:07:04,post
88,bashartalafha,2020-07-08 12:05:49,during
89,bayartsogt-ya,2021-07-04 18:28:15,post
90,bdalal,2020-11-17 16:06:50,during
91,benjamin-mlr,2020-07-25 17:39:27,during
92,bhadreshpsavani,2021-06-23 16:35:14,post
93,bhavika,2022-03-13 04:47:26,post
94,bhavitvyamalik,2021-04-04 07:42:52,during
95,binny-mathew,2020-08-04 21:18:16,during
96,bminixhofer,2020-11-16 10:45:50,during
97,bofenghuang,2022-06-03 16:09:38,post
98,brandenchan,2020-11-13 13:37:23,during
99,cakiki,2022-03-18 09:39:37,post
100,cccntu,2020-10-03 08:08:56,during
101,cceyda,2020-07-22 09:36:50,during
102,cedspam,2020-08-10 13:47:57,during
103,chrisliu298,2020-07-02 03:07:31,during
104,cimeister,2022-02-02 14:48:31,post
105,clefourrier,2022-03-16 09:34:31,post
106,code-review-doctor,2022-04-13 21:05:40,post
107,colindean,2022-08-19 22:36:14,post
108,csarron,2020-07-05 18:21:30,during
109,cwkeam,2022-03-18 05:36:46,post
110,d-miketa,2022-04-03 09:53:56,post
111,danielpatrickhug,2021-02-04 04:13:29,during
112,daspartho,2022-09-12 16:06:14,post
113,datquocnguyen,2022-05-12 09:39:56,post
114,davialvb,2022-10-20 23:04:16,post
115,davidleonfdez,2022-02-02 02:50:00,post
116,dblakely,2020-12-30 17:47:55,during
117,ddrm86,2021-10-05 08:06:25,post
118,divyanshugit,2022-07-22 06:21:14,post
119,dlwh,2022-03-06 05:57:45,post
120,donchev7,2020-10-07 13:33:07,during
121,donelianc,2022-06-16 19:41:27,post
122,dsblank,2021-04-27 16:00:23,during
123,duongna21,2022-07-08 06:40:14,post
124,dwyatte,2021-10-05 18:49:39,post
125,echarlaix,2021-11-05 13:11:43,post
126,edugp,2021-07-01 04:09:20,post
127,ekagra-ranjan,2022-08-27 13:04:03,post
128,elk-cloner,2020-10-30 15:26:54,during
129,elsanns,2020-08-05 07:56:10,during
130,eltoto1219,2020-07-14 00:46:11,during
131,fcakyon,2021-12-01 19:21:14,post
132,flozi00,2022-08-15 09:37:40,post
133,fmcurti,2020-10-07 17:15:26,during
134,forest1988,2020-10-26 13:37:43,during
135,formiel,2021-02-18 21:27:38,during
136,forresti,2020-09-01 01:09:04,during
137,fredo838,2022-04-04 11:40:55,post
138,fullyz,2021-10-05 17:30:14,post
139,fxmarty,2022-05-11 12:26:01,post
140,gante,2022-01-06 18:02:02,post
141,garyhlai,2020-12-06 16:43:41,during
142,gchhablani,2020-06-17 21:35:01,during
143,gentaiscool,2020-10-28 03:10:27,during
144,gianfrancobarone,2020-07-23 06:56:16,during
145,gonglinyuan,2020-07-07 02:22:48,during
146,grgkaran03,2022-10-13 06:27:30,post
147,gsarti,2022-07-07 13:46:21,post
148,gui11aume,2021-03-25 16:25:15,during
149,guillaumekln,2022-06-21 12:49:24,post
150,h-holm,2021-12-16 21:23:18,post
151,h4iku,2021-10-20 18:08:48,post
152,hamelsmu,2021-04-28 07:36:24,during
153,harrydrippin,2022-07-21 06:06:54,post
154,hemildesai,2021-03-31 03:55:31,during
155,hjptriplebee,2020-09-01 06:30:06,during
156,hollance,2022-04-13 10:13:48,post
157,ibraheem-moosa,2021-07-04 13:59:05,post
158,iglimanaj,2020-06-01 14:54:19,during
159,ikuyamada,2022-07-25 09:47:10,post
160,imarekkus,2022-10-13 07:18:36,post
161,infinite-Joy,2022-01-19 06:57:03,post
162,ionicsolutions,2021-06-15 14:14:31,post
163,jQuinRivero,2022-04-30 04:28:40,post
164,jacobdineen,2022-03-11 18:52:02,post
165,jaketae,2021-08-27 03:00:46,post
166,jayendra13,2021-05-27 11:34:38,post
167,jcmc00,2022-01-24 15:10:42,post
168,jeffra,2022-03-11 22:35:53,post
169,jethrokuan,2020-12-23 05:50:03,during
170,jianan-gu,2021-08-25 08:35:33,post
171,jimregan,2020-08-17 18:38:52,during
172,jinoobaek-qz,2020-06-10 11:39:28,during
173,johko,2022-03-13 19:53:05,post
174,john-hewitt,2021-12-08 10:21:19,post
175,johnnygreco,2022-03-11 18:00:30,post
176,jonatasgrosman,2022-05-18 21:54:46,post
177,jordiclive,2021-04-29 09:14:08,during
178,kamalkraj,2021-07-28 18:43:55,post
179,kant,2022-10-09 13:59:02,post
180,karthikrangasai,2021-09-01 05:26:13,post
181,kashif,2022-05-25 09:46:41,post
182,kiansierra,2022-07-30 16:02:41,post
183,killazz67,2021-10-08 18:32:51,post
184,kishore-s-15,2022-09-17 12:47:24,post
185,kiyoungkim1,2021-01-14 08:36:23,during
186,konstantinjdobler,2022-03-05 14:50:54,post
187,krfricke,2020-08-26 08:16:23,during
188,kumapo,2022-08-27 07:38:20,post
189,kuppulur,2020-10-30 02:09:17,during
190,kventinel,2022-10-02 10:14:55,post
191,laurahanu,2021-08-28 14:27:19,post
192,leondz,2022-04-20 12:55:46,post
193,lewtun,2020-12-02 11:34:28,during
194,lhoestq,2020-06-02 16:33:02,during
195,loubnabnl,2022-04-20 10:23:23,post
196,lvwerra,2020-10-04 15:16:40,during
197,m3hrdadfi,2020-05-27 07:33:28,during
198,madlag,2020-10-02 17:01:50,during
199,manandey,2022-03-13 14:25:46,post
200,manuelciosici,2021-11-10 21:15:50,post
201,mapmeld,2022-09-20 05:51:57,post
202,mar-muel,2020-05-18 09:13:25,during
203,marcvanzee,2020-09-11 12:57:06,during
204,mariosasko,2021-02-23 18:10:51,during
205,mathieujouffroy,2022-08-09 09:06:26,post
206,mazicwong,2021-04-08 03:40:24,during
207,merrymercy,2021-03-17 15:26:14,during
208,mfumanelli,2022-05-26 19:32:15,post
209,michaelbenayoun,2021-04-21 14:20:07,during
210,mishig25,2021-07-20 10:18:58,post
211,mojave-pku,2020-12-23 12:18:40,during
212,mpoemsl,2022-04-29 23:14:09,post
213,mukesh663,2022-10-11 16:29:59,post
214,mymusise,2020-10-27 03:02:05,during
215,n1t0,2021-06-25 12:51:49,post
216,nandwalritik,2022-04-28 10:37:48,post
217,navjotts,2020-12-07 17:53:23,during
218,nbroad1881,2021-06-12 16:32:38,post
219,ndrohith09,2022-10-20 03:17:21,post
220,ngoquanghuy99,2022-01-26 10:06:25,post
221,nickprock,2022-09-26 07:37:22,post
222,nishprabhu,2021-08-25 10:26:49,post
223,novice03,2022-07-12 15:52:17,post
224,nreimers,2021-07-21 11:55:27,post
225,oToToT,2021-04-29 07:51:35,during
226,ola13,2022-10-13 12:31:09,post
227,oneraghavan,2022-07-20 08:22:24,post
228,orena1,2020-08-19 19:08:09,during
229,osanseviero,2021-05-03 08:12:13,post
230,pacman100,2022-04-05 07:30:07,post
231,patil-suraj,2020-05-14 13:29:41,during
232,pbelevich,2022-02-23 00:36:20,post
233,philschmid,2021-03-30 17:57:27,during
234,prajjwal1,2020-05-27 15:00:20,during
235,psorianom,2021-04-20 20:47:10,during
236,qqaatw,2021-07-10 06:21:21,post
237,raghavanone,2022-10-10 09:10:54,post
238,rahular,2022-08-22 14:11:22,post
239,ratthachat,2020-10-24 02:47:33,during
240,rchan26,2022-10-07 06:34:13,post
241,rdenadai,2020-07-24 15:19:28,during
242,reichenbch,2022-03-18 11:34:56,post
243,riklopfer,2021-03-14 22:55:51,during
244,rmroczkowski,2021-03-16 15:40:39,during
245,robotjellyzone,2022-05-01 08:53:24,post
246,rohanrajpal,2020-08-07 11:01:25,during
247,romainr,2020-08-16 01:06:30,during
248,sadakmed,2020-12-08 14:26:49,during
249,sam-h-bean,2022-06-09 04:22:17,post
250,sanchit-gandhi,2022-02-08 17:26:02,post
251,sanderland,2022-03-28 12:12:27,post
252,schmidek,2020-06-30 16:22:22,during
253,setu4993,2020-06-02 08:32:39,during
254,sgugger,2020-06-24 19:47:28,during
255,shamanez,2022-06-10 05:03:51,post
256,shangz-ai,2021-09-16 19:39:33,post
257,shijie-wu,2022-05-11 22:14:11,post
258,siddk,2022-06-24 18:33:33,post
259,sijunhe,2022-04-26 11:31:47,post
260,singletongue,2021-03-28 02:01:08,during
261,sirmammingtonham,2020-09-25 19:38:00,during
262,skpig,2021-09-24 08:56:13,post
263,smanjil,2020-10-23 09:18:28,during
264,spatil6,2020-11-21 10:29:27,during
265,srhrshr,2022-10-05 10:54:26,post
266,stancld,2021-01-04 20:21:30,during
267,stas00,2020-07-08 23:24:49,during
268,stefan-it,2022-08-15 13:54:17,post
269,stevhliu,2021-09-12 18:17:54,post
270,sywangyi,2022-06-06 08:25:22,post
271,szutenberg,2021-06-23 15:33:35,post
272,tanmay17061,2021-02-16 20:24:30,during
273,thevasudevgupta,2020-09-03 19:04:48,during
274,thliang01,2022-10-04 13:56:38,post
275,tholor,2020-09-25 10:15:20,during
276,thomasw21,2021-08-02 13:00:30,post
277,tomaarsen,2022-07-17 12:34:24,post
278,tuner007,2020-07-18 10:57:51,during
279,unography,2022-08-04 15:50:01,post
280,utkusaglm,2022-03-12 18:30:22,post
281,vblagoje,2020-08-09 07:30:49,during
282,versae,2022-03-02 14:46:59,post
283,vumichien,2022-03-26 15:35:56,post
284,will-rice,2020-05-17 01:27:46,during
285,willfrey,2021-06-22 16:24:54,post
286,wlhgtc,2021-01-29 10:41:47,during
287,ydshieh,2020-09-02 19:41:06,during
288,ymwangg,2021-09-14 22:04:55,post
289,yoshitomo-matsubara,2020-12-14 01:16:13,during
290,zcain117,2020-08-12 15:38:40,during
291,ztjhz,2022-10-14 06:14:38,post
292,zyuanlim,2020-08-30 08:37:13,during
