User,NewGithubUser
AK391,True
AMontgomerie,False
AdityaSoni19031997,False
AkechiShiro,False
AliOsm,False
AndreaSottana,False
AnugunjNaman,False
Apoorvgarg-creator,False
ArthurZucker,False
AymenBer99,True
Bearnardd,False
BramVanroy,False
ChainYo,False
Craigacp,False
D3xter1922,False
Dahlbomii,True
DavidNemeskey,False
Davidy22,False
DeepsMoseli,False
DhavalTaunk08,False
Ethan-yt,False
F02934,False
Fellip15,True
FremyCompany,False
HamidShojanazeri,False
IMvision12,True
JME-P,False
JetRunner,False
JingyaHuang,False
JohnGiorgi,False
JunnYu,False
KMFODA,False
KoichiYasuoka,False
LSinev,False
LysandreJik,False
Mehrad0711,False
Mustapha-AJEGHRIR,True
Narsil,False
NielsRogge,False
NouamaneTazi,False
PhilipMay,False
Pradhy729,False
Qbiwan,True
RamitPahwa,False
Ryou0634,False
SBrandeis,False
SD-13,True
Saad135,False
SaulLu,False
SidJain1412,False
SimplyJuanjo,True
Tegzes,False
TevenLeScao,False
Threepointone4,False
Timoeller,False
VictorSanh,False
ViktorAlm,False
Wauplin,False
WissamAntoun,False
WybeKoper,False
Xpiri,True
Yard1,False
abedkhooli,False
abhilash1910,False
abhishekkrthakur,False
adelevie,False
afcruzs,False
agemagician,False
ak314,False
alaradirik,False
alisafaya,False
ameasure,False
amodaresi,False
amogkam,False
amyeroberts,False
anmolsjoshi,False
anton-l,False
aodiniz,False
aphedges,False
aretius,False
ariG23498,False
arnaudstiegler,False
arnavsharma93,False
astariul,False
atturaioe,True
avital,False
ayaka14732,True
banda-larga,False
bashartalafha,False
bayartsogt-ya,False
bdalal,False
benjamin-mlr,False
bhadreshpsavani,False
bhavika,False
bhavitvyamalik,False
binny-mathew,False
bminixhofer,False
bofenghuang,False
brandenchan,False
cakiki,False
cccntu,False
cceyda,False
cedspam,False
chrisliu298,False
cimeister,False
clefourrier,False
code-review-doctor,True
colindean,False
csarron,False
cwkeam,False
d-miketa,False
danielpatrickhug,False
daspartho,False
datquocnguyen,False
davialvb,False
davidleonfdez,False
dblakely,False
ddrm86,False
divyanshugit,False
dlwh,False
donchev7,False
donelianc,False
dsblank,False
duongna21,False
dwyatte,False
echarlaix,True
edugp,False
ekagra-ranjan,False
elk-cloner,False
elsanns,False
eltoto1219,False
fcakyon,False
flozi00,False
fmcurti,False
forest1988,False
formiel,False
forresti,False
fredo838,False
fullyz,False
fxmarty,False
gante,False
garyhlai,False
gchhablani,False
gentaiscool,False
gianfrancobarone,False
gonglinyuan,False
grgkaran03,True
gsarti,False
gui11aume,False
guillaumekln,False
h-holm,False
h4iku,False
hamelsmu,False
harrydrippin,False
hemildesai,False
hjptriplebee,False
hollance,False
ibraheem-moosa,False
iglimanaj,False
ikuyamada,False
imarekkus,False
infinite-Joy,False
ionicsolutions,False
jQuinRivero,False
jacobdineen,False
jaketae,False
jayendra13,False
jcmc00,False
jeffra,False
jethrokuan,False
jianan-gu,True
jimregan,False
jinoobaek-qz,False
johko,False
john-hewitt,False
johnnygreco,False
jonatasgrosman,False
jordiclive,False
kamalkraj,False
kant,False
karthikrangasai,False
kashif,False
kiansierra,False
killazz67,False
kishore-s-15,False
kiyoungkim1,False
konstantinjdobler,False
krfricke,False
kumapo,False
kuppulur,False
kventinel,False
laurahanu,False
leondz,False
lewtun,False
lhoestq,False
loubnabnl,False
lvwerra,False
m3hrdadfi,False
madlag,False
manandey,False
manuelciosici,False
mapmeld,False
mar-muel,False
marcvanzee,False
mariosasko,False
mathieujouffroy,False
mazicwong,False
merrymercy,False
mfumanelli,False
michaelbenayoun,False
mishig25,False
mojave-pku,False
mpoemsl,False
mukesh663,True
mymusise,False
n1t0,False
nandwalritik,False
navjotts,False
nbroad1881,False
ndrohith09,True
ngoquanghuy99,False
nickprock,False
nishprabhu,False
novice03,False
nreimers,False
oToToT,False
ola13,False
oneraghavan,False
orena1,False
osanseviero,False
pacman100,False
patil-suraj,False
pbelevich,False
philschmid,False
prajjwal1,False
psorianom,False
qqaatw,False
raghavanone,True
rahular,False
ratthachat,False
rchan26,False
rdenadai,False
reichenbch,False
riklopfer,False
rmroczkowski,True
robotjellyzone,False
rohanrajpal,False
romainr,False
sadakmed,False
sam-h-bean,False
sanchit-gandhi,True
sanderland,False
schmidek,False
setu4993,False
sgugger,False
shamanez,False
shangz-ai,True
shijie-wu,False
siddk,False
sijunhe,False
singletongue,False
sirmammingtonham,False
skpig,False
smanjil,False
spatil6,False
srhrshr,False
stancld,False
stas00,False
stefan-it,False
stevhliu,False
sywangyi,False
szutenberg,False
tanmay17061,False
thevasudevgupta,False
thliang01,False
tholor,False
thomasw21,False
tomaarsen,False
tuner007,False
unography,False
utkusaglm,False
vblagoje,False
versae,False
vumichien,False
will-rice,False
willfrey,False
wlhgtc,False
ydshieh,False
ymwangg,False
yoshitomo-matsubara,False
zcain117,False
ztjhz,False
zyuanlim,False
