full_name,created_at
AzezSalami/maven,2022-10-31 09:54:05
SimonBaars/maven,2022-10-29 07:38:37
zhangzq7/maven,2022-10-29 02:32:37
RajuYelagattu/maven,2022-10-28 10:20:00
AbdelHajou/maven,2022-10-28 08:28:56
jack-Lili/maven,2022-10-28 07:44:29
chuanghou/maven,2022-10-27 01:28:25
DarkXu/maven,2022-10-25 13:10:17
Dharamkar-pvt/maven,2022-10-25 06:27:33
dsuprmajstc93r/maven,2022-10-25 05:47:16
semen-ilnitski/maven,2022-10-22 19:29:11
sultan/maven,2022-10-22 15:25:30
NYForever/maven,2022-10-20 06:37:00
1992Kongpc/maven,2022-10-18 13:45:57
gopinath145/maven,2022-10-17 08:09:55
sandhyailu/maven123,2022-10-15 09:04:47
jgneff/maven,2022-10-13 15:28:14
ElmarDott/maven,2022-10-12 16:59:40
Geetanjaligupta123/maven,2022-10-11 14:38:24
Jaiweshlee/maven-1,2022-10-11 06:14:50
KiranGithub-com/maven,2022-10-10 10:42:35
zeeshanakhter12/maven,2022-10-07 11:32:14
JurrianFahner/maven,2022-10-06 20:31:53
Mohanveera/maven,2022-10-06 11:48:15
devisyam/maven,2022-10-06 10:23:13
prathyusharosy/maven-prathyusha,2022-10-04 05:32:38
Yogesh1108/maven,2022-10-03 19:58:05
traza123/maven,2022-10-03 09:23:57
RichelYu1998/maven,2022-10-02 14:08:48
shivusirnayak/maven,2022-10-02 12:09:26
Kirito3136t/maven,2022-10-02 09:02:03
bhatuchaudhari2124/maven-demo,2022-09-30 15:57:17
Cyclops3/maven,2022-09-29 18:39:06
abhiCloud9/maven,2022-09-29 11:36:13
Inferno-Inc/maven,2022-09-28 21:44:50
William3Johnson/maven,2022-09-28 21:44:32
murulimtge/maven,2022-09-28 09:27:41
muralidharrao1991/maven,2022-09-27 10:07:15
wang-yan-github/homebrew-maven,2022-09-27 05:41:38
fsdmubashar/Jenkinsmave,2022-09-26 09:14:25
yuimy/maven,2022-09-24 01:49:30
shimib/maven,2022-09-24 00:11:23
sunithalucky17/maven,2022-09-20 13:29:54
E2N/maven,2022-09-18 09:49:54
wujianwen/maven,2022-09-18 06:33:39
mouzt/maven,2022-09-13 02:35:21
gasches/maven,2022-09-11 12:32:35
Kishorepullagura/maven,2022-09-07 10:27:58
SaraVijay/maven-1,2022-09-07 06:20:54
SASANK1919/maven,2022-09-06 06:40:24
peekkaayy/maven,2022-09-03 07:19:45
lqw187927/maven,2022-09-03 04:54:49
liyuyun-lyy/maven,2022-08-31 02:00:59
Ajmal321/maven,2022-08-28 15:18:53
mohan1501/maven,2022-08-28 14:49:07
123kariyanna/maven-repo-new,2022-08-25 10:14:59
sowjanyakolli/maven-own,2022-08-24 01:57:09
wfwf1522446813/maven,2022-08-23 10:27:49
QAsasha/maven,2022-08-22 22:43:40
jerryASU/maven,2022-08-22 15:11:45
iammageshs/maven,2022-08-20 06:26:01
failure132/maven,2022-08-18 16:25:32
knightsnew/maven-1,2022-08-18 13:22:00
saikrishna3103/maven,2022-08-17 08:52:10
aprilkathaca/maven,2022-08-15 19:53:50
chellapandi2001/maven,2022-08-15 09:12:43
sudheerkt/maven,2022-08-14 17:02:15
nanisravankumar/maven,2022-08-14 11:46:45
moizkhan8/maven,2022-08-12 23:01:41
benses/maven,2022-08-11 19:51:49
liu-weiguo/maven,2022-08-10 08:28:20
rajuvalakatla/maven,2022-08-10 00:40:39
lokeshyalla123/maven,2022-08-08 13:41:53
shubhwip/maven,2022-08-08 06:32:13
beyondlex/maven,2022-08-06 02:35:55
daniel-itunu/maven,2022-08-04 19:33:13
joedragons/maven,2022-08-03 22:08:33
jeremyw-dobeu/maven,2022-07-30 17:08:12
hgschmie/maven,2022-07-29 04:17:07
dachengxi/maven,2022-07-28 16:52:40
rahul3017/maven,2022-07-26 17:58:22
bhargavpriyanka/maven,2022-07-26 02:21:18
parag-vyas/maven,2022-07-25 07:21:25
NirShaharabani/maven-project,2022-07-24 09:30:42
Praveen179/maven,2022-07-24 04:00:58
SaiChowdary333/maven,2022-07-23 18:08:45
rohankumardubey/maven-apache,2022-07-23 17:29:59
thomas-ayissi/maven,2022-07-22 23:21:22
Chen0Yang/maven,2022-07-20 13:00:23
LaveshSatim/maven,2022-07-17 07:10:11
Woodpile37/maven,2022-07-16 05:35:08
CristianStanciu/maven,2022-07-15 15:06:50
devopsveeru9/maven,2022-07-15 14:26:40
sureshmg978/maven,2022-07-13 18:29:28
kwart/maven,2022-07-12 13:54:59
Nithingowda0056/maven,2022-07-12 00:57:58
alvistack/apache-maven,2022-07-11 07:58:59
Juicethadon/maven,2022-07-10 05:41:15
LauAnderson/maven,2022-07-10 01:04:47
CitizenLU/maven,2022-07-09 17:03:47
jeviolle/maven,2022-07-08 20:40:06
linux-on-ibm-z/maven,2022-07-05 11:34:52
Azharmaruf/maven-4-7-22,2022-07-04 17:42:30
qurram-zaheer/maven,2022-07-03 16:48:53
Yougoss/maven,2022-07-02 10:18:13
happyboy6669/maven,2022-06-29 16:00:31
chris12023/maven-1,2022-06-29 01:14:00
ganeshsagani/maven-core,2022-06-29 00:58:25
frant-hartm/maven,2022-06-28 13:42:13
mahi4838/maven,2022-06-24 11:13:32
vnlemanhthanh/apache--maven,2022-06-23 17:35:39
turrisxyz/maven,2022-06-23 00:29:28
nagalaxmi143/maven-project,2022-06-22 08:46:00
rohitvasta/maven,2022-06-22 06:41:26
devopssuresh1/maven1,2022-06-20 06:12:40
tushartushar/maven,2022-06-19 21:32:30
tryweirdier/maven,2022-06-18 17:57:14
gitgustave/maven,2022-06-17 14:33:07
vgvsai/maven,2022-06-16 06:17:41
mehmetyz/maven,2022-06-15 11:41:22
krishna7chaitanya/maven,2022-06-15 10:25:43
vinayc0821/maven,2022-06-14 07:51:53
ccc12312/maven,2022-06-12 06:34:57
pathiderangula/maven,2022-06-11 10:53:58
shyamalatha17/maven,2022-06-10 06:05:27
csdaa/maven,2022-06-09 10:10:53
IvyLingyun/maven,2022-06-09 04:22:34
nadolny1/maven,2022-06-08 03:31:09
brianf/maven,2022-06-06 19:13:29
timboudreau/maven,2022-06-06 15:34:44
manasys/maven,2022-06-05 06:16:24
nissikj/maven,2022-06-04 15:33:04
mehdi81/maven,2022-06-03 14:29:27
amanappin/maven,2022-06-03 06:17:55
sairavichandra66/maven,2022-06-02 07:14:23
Benjaminansah/maven,2022-06-01 01:00:55
vinayakumb/maven,2022-05-25 21:22:04
05071999/maven,2022-05-24 20:44:23
kajendran1/maven,2022-05-24 03:45:52
sudhakar2119/maven,2022-05-23 12:16:59
Horik1/maven,2022-05-23 09:53:51
alxbnct/maven,2022-05-23 08:39:24
jbaiden013/maven-1-pipeline-failed,2022-05-22 16:44:23
varunsh-coder/maven,2022-05-22 01:59:55
hariom28/maven,2022-05-19 14:23:46
Gal-Doron/maven-itself,2022-05-19 13:01:52
samkenxstream/turnkey-triumph-326606_apache-maven,2022-05-19 09:26:13
Likith199/maven,2022-05-18 07:19:48
kangjinghang/maven,2022-05-18 01:13:51
Himalaymudunuru/maven,2022-05-16 06:04:33
FelipeRubioo/maven,2022-05-14 01:00:47
malansl/maven,2022-05-12 14:05:01
azuredeepika/maven,2022-05-11 17:54:32
qubaitian/maven,2022-05-11 06:05:08
peterrinehart/maven,2022-05-10 16:55:32
taniruddhar/maven,2022-05-09 16:52:12
ramm1997/maven,2022-05-09 11:59:08
rohinidevops7/maven,2022-05-08 06:06:42
YazElla/maven,2022-05-05 08:39:04
pillagovuladivya/maven,2022-05-05 05:35:00
leafiadias/ant-,2022-05-04 18:21:27
medararaju/maven,2022-04-28 13:40:21
lakshmireddaiahkayam/maven,2022-04-27 02:58:20
devops0101/maven-concepts,2022-04-25 03:45:00
ducrz/Apache-maven-3.8.5,2022-04-23 16:19:38
AhmadDevops/maven,2022-04-23 09:20:06
twistedfantasy4321/maven,2022-04-23 00:51:55
efifxy/maven,2022-04-22 08:32:34
kaligotanithin/maven,2022-04-20 09:34:13
m-leena/maven,2022-04-19 13:29:24
MarynaOstap/maven,2022-04-19 10:49:10
akshay9666/maven,2022-04-19 09:50:37
H-Bahiraei/maven,2022-04-18 12:57:00
bowbahdoe/maven,2022-04-18 03:44:41
Chandu-1993/maven,2022-04-17 09:43:21
Shaw-University/maven,2022-04-17 03:16:30
kollexy/maven,2022-04-15 17:17:28
Forkteam/maven,2022-04-15 17:15:27
MithunM1998/maven,2022-04-14 07:48:46
somand-demo-account/maven,2022-04-13 23:14:27
Tiru07/maven,2022-04-12 15:12:47
Saurabhbatham/maven,2022-04-12 12:56:00
somahi12/maven,2022-04-11 04:18:26
Harshigupta11/maven,2022-04-10 18:02:45
zhufengcn/maven,2022-04-08 09:29:55
kunaganesh/maven,2022-04-07 10:33:51
Walhalla-Summary/maven,2022-04-07 05:02:17
Gabriel9753/maven,2022-04-06 16:30:32
pallauma/maven,2022-04-06 10:38:22
zlqpzww/maven,2022-04-05 04:32:44
iamabs2001/maven,2022-04-04 09:31:48
SkillfactoryCoding/JAVA-SQL-maven,2022-04-04 07:44:24
praveenaws143/maven,2022-04-04 06:54:05
anilsaini1234/maven,2022-04-03 11:45:43
clayburn/maven,2022-03-31 12:51:57
Aylinee-RH-Arletee/maven,2022-03-31 10:27:04
DaqianLiao/maven-source,2022-03-31 09:37:59
jagadeesh563/maven,2022-03-30 12:39:21
MellyMadame/maven,2022-03-30 11:05:25
PandharkarSayali/maven,2022-03-29 08:42:53
DennisKr/maven,2022-03-28 19:55:56
linyu003/maven,2022-03-28 16:05:12
GeoEducator/maven,2022-03-28 02:52:50
jxs-apache/maven,2022-03-26 03:09:04
Qiming-C/maven,2022-03-25 18:57:33
thamphan11699/maven,2022-03-23 05:50:41
Harry5757/maven-1,2022-03-22 15:05:14
SpringOf182/maven,2022-03-21 09:08:48
dsudheer970/maven,2022-03-21 06:43:28
ufo001sos002/maven,2022-03-20 11:59:46
sun-qiwei/maven,2022-03-18 18:51:18
dantran/maven,2022-03-18 02:36:26
Amato707/maven,2022-03-18 02:03:22
Wuzuoming/maven,2022-03-17 03:19:40
yj1009/maven,2022-03-16 10:39:23
DPN-XFN/maven,2022-03-16 05:38:02
GBU1860/maven,2022-03-15 13:22:15
saikiran218/maven,2022-03-15 12:49:34
Mustafashaik77/maven,2022-03-14 14:48:59
pavankumar800/maven,2022-03-14 06:05:09
AlexeyGolubkov/maven,2022-03-13 08:36:51
ash9700/maven,2022-03-11 07:09:41
aldrineeinsteen/maven,2022-03-09 15:13:14
ShwethaYP/maven,2022-03-09 09:30:55
wwjiang007/maven,2022-03-09 06:19:30
luisjesuspellicer/maven,2022-03-08 10:52:58
javaorz/maven,2022-03-07 07:12:57
anubhav103/maven,2022-03-07 05:52:27
nvrakesh17/maven,2022-03-06 06:49:38
sangamesh-sirsgi/maven,2022-03-06 06:26:44
morrisheather1990/maven,2022-03-05 15:10:04
tcguanshuhuai/maven,2022-03-05 12:11:35
Gakiii/maven,2022-03-04 14:59:11
xiaohaiGit/maven,2022-03-03 02:12:46
Amitvinutha8186/maven,2022-03-02 15:01:39
XuYuanjie/maven,2022-03-01 09:18:42
ACB-a1/maven,2022-02-26 13:04:51
ufolr/maven,2022-02-25 16:25:34
panagalurusiva/maven,2022-02-22 16:42:03
Saranyadenuva/maven,2022-02-22 15:11:11
shihlei/maven,2022-02-22 00:37:25
lss-zelle01/maven,2022-02-21 05:01:15
RajaBoyina786/maven,2022-02-19 08:09:18
raghukabber/maven,2022-02-19 06:44:17
lakshmireddyk26/maven,2022-02-18 16:18:28
FussionIT/maven,2022-02-18 05:46:33
Eugenia-cloud/maven,2022-02-18 04:27:09
Vamshivelpula/maven,2022-02-17 13:49:37
hmj4287917/maven,2022-02-17 01:37:44
UmeshIghe/maven,2022-02-15 13:03:00
Lipton2777/maven,2022-02-11 08:47:49
gurubamal/maven,2022-02-09 13:37:41
JeN1ks/maven,2022-02-09 11:25:34
manishchaitanya1400/maven,2022-02-07 18:18:04
VincyGX/maven,2022-02-07 18:07:25
healchow/maven,2022-02-05 16:56:30
Stancy11/maven,2022-02-03 08:24:38
michel1991/maven,2022-02-02 10:18:14
raviteja-bandi/maven,2022-02-02 04:56:05
okera/maven,2022-01-31 23:48:26
SatyaKumar85/maven,2022-01-31 14:41:12
sonatype-lift-apache/maven,2022-01-31 11:52:22
mo79571830/maven,2022-01-28 22:59:46
vignesh986/maven,2022-01-28 16:26:32
SaiRasagnyaGodavarti/maven,2022-01-27 13:53:25
prelaunch-lift/maven,2022-01-27 03:16:42
mudaliar20/maven-1,2022-01-26 21:25:52
constanine/maven,2022-01-25 10:54:50
CCodingMan/maven,2022-01-24 12:09:27
laeubi/maven,2022-01-24 11:55:35
n-dimens/maven,2022-01-24 10:59:00
SushilOhol/maven,2022-01-22 20:02:44
lvaolin/maven,2022-01-22 14:41:15
dbenesj/maven,2022-01-20 12:02:38
jayanthi255/maven,2022-01-18 10:01:25
sainathmitalakar/maven,2022-01-18 06:18:01
AbhishekGangurdeAdmin/maven,2022-01-17 17:00:00
WrBug/maven,2022-01-17 08:07:09
onepiec1/maven,2022-01-16 09:29:43
kthoms/maven,2022-01-15 08:41:44
goodstudio/maven,2022-01-14 10:08:02
WeisonWei/maven,2022-01-14 09:00:10
wushangzi/maven,2022-01-14 01:38:03
umamanikant/maven,2022-01-13 01:01:23
dvssairam/maven,2022-01-12 05:38:10
lutovich/maven,2022-01-09 21:26:00
helalshaban96/maven,2022-01-09 09:18:12
yangdy-buji/maven,2022-01-08 04:02:19
AntsCodeCommunity/maven,2022-01-07 17:29:50
agboke/maven,2022-01-07 14:41:29
usench/maven,2022-01-05 13:35:45
thorjay/maven,2022-01-05 07:06:41
nhojpatrick/apache_maven,2022-01-04 19:10:07
rlenferink/maven,2022-01-04 19:04:33
LilPoppy/maven,2022-01-04 18:48:30
xerx593/maven,2022-01-04 15:55:25
haobiao2017/maven,2022-01-04 11:32:42
kidszhu/maven,2022-01-02 13:46:05
alastor1729/maven,2022-01-01 19:52:43
NagarjunaRayala/maven,2021-12-30 15:04:36
dareylyon/maven,2021-12-30 01:24:16
jmhodges/maven,2021-12-29 09:24:45
java-app-scans/maven,2021-12-29 08:33:01
ayyappamotamarry/maven,2021-12-27 18:14:15
saroj18361/maven-1,2021-12-23 05:45:39
jorsol/maven,2021-12-21 11:56:06
jenkinstudent/maven,2021-12-21 11:54:32
wangchengming666/maven,2021-12-20 02:03:59
webdevwilson/maven,2021-12-17 13:22:40
Git-yzc/maven,2021-12-16 14:25:10
daanipuui/maven,2021-12-15 20:46:02
jiseongg/maven,2021-12-15 16:42:20
raupachz/maven,2021-12-15 16:34:02
lhalam/maven,2021-12-13 15:02:44
MeghanaDb/maven,2021-12-08 14:14:57
rocker58/maven,2021-12-08 09:50:21
kwin/maven,2021-12-06 14:51:34
ixchelruiz/maven,2021-12-06 08:59:06
preciousonyekwere/maven,2021-12-05 18:50:09
AlexanderAshitkin/maven,2021-12-05 16:17:24
anil8064/maven,2021-12-05 06:42:52
skysiders/maven,2021-12-04 12:40:06
SourceHot/maven,2021-12-04 10:59:48
Amruts123/maven,2021-12-04 09:12:42
MathieuAVRIL/maven,2021-12-03 19:34:50
kokaprasad/maven,2021-12-03 04:14:53
developermadhu/maven,2021-11-30 10:20:49
Girish357/maven,2021-11-30 09:20:25
Tiyclem/maven,2021-11-29 15:51:35
SivaBrahma/maven,2021-11-29 07:16:04
mengxiangkun/maven,2021-11-27 10:03:47
lmz2559/maven,2021-11-27 07:33:22
99455125/maven,2021-11-26 22:17:24
wallrat/maven,2021-11-24 11:43:19
kronoma/maven,2021-11-24 05:56:30
manasasunkari/maven,2021-11-23 18:15:57
gantyadaram/maven,2021-11-20 13:04:31
SSDevops-10/maven,2021-11-18 18:31:22
okokokog/maven,2021-11-18 11:22:35
sourabhwadhwa53org/maven,2021-11-17 01:01:23
A652004/maven,2021-11-16 06:57:05
sheepblueblue/maven,2021-11-15 15:21:00
lgc523/maven,2021-11-14 08:46:09
yangnaihua/maven,2021-11-12 15:17:39
leeeeehhnn/maven,2021-11-12 00:23:16
kent7301/maven,2021-11-11 16:59:46
nemalikondaudayasree/maven,2021-11-11 02:29:03
ndivhuhon/maven,2021-11-10 17:41:37
Safdar97777/maven-1,2021-11-10 11:28:17
QPC-WORLDWIDE/maven,2021-11-06 21:49:32
TinaBeranic/maven,2021-11-06 20:36:16
mrodubois/maven,2021-11-04 23:07:28
uniqkod/maven,2021-11-04 19:39:46
ken-duck/maven,2021-11-01 17:28:43
tun-0-9-tap-0-9/maven,2021-11-01 08:54:46
renuacpro/maven,2021-11-01 08:54:20
renuac/maven,2021-11-01 08:53:57
gudivadabala/maven,2021-10-31 17:07:33
yangsibao89/maven,2021-10-30 16:52:21
jasondeng1997/maven,2021-10-29 09:01:37
pramodmaddela/maven,2021-10-29 02:19:16
manarias/maven,2021-10-28 07:32:37
weca1018/maven,2021-10-25 18:00:32
pfjia/maven,2021-10-24 08:09:34
chriswininger/maven,2021-10-20 20:54:31
wqou/maven,2021-10-19 05:07:52
isabella232/maven-1,2021-10-17 09:24:21
patnox-atomic/maven,2021-10-15 13:56:54
JhonataRibeiro/maven,2021-10-15 00:34:53
DamFlancoz/maven,2021-10-12 21:00:52
satishbabu143/maven,2021-10-10 16:34:40
syedfaiz401/maven,2021-10-10 13:58:17
Gibran8080/maven,2021-10-10 04:13:16
MAZYAFAI/maven,2021-10-10 03:43:33
liuyan707124617/maven,2021-10-09 11:14:12
binmazi/maven,2021-10-09 10:50:57
lujiefsi/maven,2021-10-09 02:27:09
talhayameen/maven,2021-10-08 15:15:50
zly123987123/maven,2021-10-08 12:58:07
dennisge/maven,2021-10-08 11:54:02
delanym/maven,2021-10-08 06:56:55
rebelvijay/maven,2021-10-08 06:32:58
arturobernalg/maven,2021-10-06 18:46:40
jaynotleno/maven,2021-09-29 15:46:14
jmtd/maven,2021-09-29 10:24:29
workze/maven,2021-09-27 04:54:34
avisriva/maven,2021-09-22 06:39:14
lgxbslgx/maven,2021-09-20 03:53:31
shepardo/maven,2021-09-17 22:16:44
Uplift-0508/maven,2021-09-16 09:31:05
SujithVengayil/maven,2021-09-15 16:54:51
pcbreddy/maven,2021-09-14 19:40:50
amar-m-cloud/maven,2021-09-13 12:32:24
zhouhanglalala/maven,2021-09-12 17:25:09
puradawid/maven,2021-09-12 09:00:31
davachaitanyavarma/maven,2021-09-12 07:28:15
vdeepikavr/maven,2021-09-11 10:54:38
lgnchem/maven,2021-09-07 18:31:00
palaprakash/maven,2021-09-07 18:02:27
Somu7/maven-1,2021-09-03 04:09:50
chriskilding/maven,2021-09-02 10:57:34
sungpeo/maven,2021-09-02 02:32:18
savannah-yahsuanlin/maven,2021-09-01 20:41:41
youronlydad/maven,2021-08-30 07:58:30
yashwanth1170/maven,2021-08-30 06:16:17
adufourcq/maven,2021-08-29 01:40:05
vivekjcloud/maven,2021-08-28 03:49:14
TechnicalConsultant321/maven,2021-08-27 06:43:46
kpcyrd/maven,2021-08-25 19:45:49
deekshithchowdoju/maven,2021-08-23 16:21:56
moqimoqidea/maven,2021-08-23 02:15:12
mikera/maven,2021-08-20 05:17:52
Phoenix-hierarchy-martial/PhoenixDOM-maven,2021-08-19 14:20:16
1453944229/maven,2021-08-19 06:23:07
surendhar0187/maven,2021-08-18 07:28:42
Giovds/maven,2021-08-17 19:50:25
edisonlil/maven,2021-08-17 04:55:43
khareesh/maven-1,2021-08-16 13:08:04
imdeepak12/maven,2021-08-10 16:35:47
1ndevelopment/maven,2021-08-09 09:11:12
Sacm89-Code/maven,2021-08-08 16:13:18
vinaypinninti/maven,2021-08-07 18:31:03
egnaidu31/maven,2021-08-05 06:23:31
deutschebank/maven,2021-08-04 17:07:51
surya5577/maven,2021-08-04 15:17:32
w-xunlong/maven,2021-08-02 00:04:51
bhagiratha88/maven,2021-07-29 08:45:57
SilverRamesh/maven,2021-07-28 11:44:26
marcin-piotrak-mox/maven,2021-07-27 10:50:24
org-tekeli-borisp/maven,2021-07-24 07:40:56
thurston81/maven,2021-07-24 06:41:45
Sreekanth9035/maven-1,2021-07-23 17:01:09
val-verde/maven,2021-07-21 21:57:53
akshaypatel13/maven,2021-07-21 11:36:27
Kevinprince1976/maven,2021-07-20 16:19:46
AlexPshe/maven,2021-07-20 09:36:10
removedporn/maven,2021-07-19 21:34:45
lavanya-92/maven,2021-07-16 04:52:42
9912914151/maven,2021-07-16 03:19:53
strohmattenverleger/maven,2021-07-15 20:30:39
Pooja0509/maven,2021-07-15 06:28:03
JourneyFlower/maven,2021-07-15 01:17:19
xiaozhongzhong1/maven,2021-07-14 14:12:41
zhangCheng1993/maven,2021-07-12 06:20:36
aluneed/maven,2021-07-08 09:02:46
xutai/maven,2021-07-08 03:32:29
madhujaggu123/maven,2021-07-07 16:13:02
hitman-045/maven,2021-07-07 06:28:05
waleed-git/maven,2021-07-06 09:23:04
Listaglobal/maven,2021-07-05 21:35:33
Varuntejapalnati/maven,2021-07-04 16:20:53
DAFaulkens/maven,2021-07-03 17:29:30
Twinkle-Anand/maven,2021-07-02 17:04:19
ZhangMingShuo/maven,2021-07-01 08:09:44
qamarzamanmtbc/maven,2021-06-30 07:18:25
nielsbasjes/maven,2021-06-28 19:51:03
sindhan-dev/maven-1,2021-06-28 11:30:37
aqqwiyth/maven,2021-06-28 05:16:03
KarthikVanama34/maven,2021-06-27 12:31:33
Aboysky/maven,2021-06-25 07:21:55
LifeDJIK/maven,2021-06-24 20:11:21
soy-braised-pork/maven,2021-06-24 06:51:06
vishnuvardhan9008/maven,2021-06-19 04:40:57
aksinha0908/maven,2021-06-16 09:24:07
r-peter/maven,2021-06-15 21:59:36
itsVol/maven,2021-06-15 10:08:24
Register2016/maven,2021-06-12 15:53:12
10088/maven,2021-06-11 10:09:22
shamexln/maven,2021-06-11 07:25:23
paleloser/maven,2021-06-10 11:25:23
DaveTony/maven,2021-06-06 15:16:29
majacQ/maven,2021-06-05 13:26:08
stevenschenk/maven,2021-06-03 17:27:34
rahul2969/maven,2021-06-03 13:50:54
tingfang1/maven,2021-06-01 01:10:21
bio170/maven,2021-05-29 14:20:56
maxuedon/maven,2021-05-28 15:16:28
SammyVimes/maven,2021-05-28 07:20:15
Gadrawingz/maven,2021-05-28 00:04:24
18191851/maven,2021-05-27 02:19:11
ramdevops03/maven-1,2021-05-27 00:10:28
New-company1/maven,2021-05-24 19:03:44
foolishfrank/maven,2021-05-21 07:33:58
dedsec-9/maven-1,2021-05-21 01:43:32
vijaygitid/maven,2021-05-19 14:18:06
AgroTechFarms/maven,2021-05-15 01:47:51
NaveenVoru/maven,2021-05-14 06:16:31
alvarodl96/maven,2021-05-13 16:40:20
saurabh-ovhal/maven,2021-05-13 09:04:22
xBugs-dot/maven,2021-05-11 19:32:08
dbgp2021/maven,2021-05-10 07:18:20
Fotile/maven,2021-05-10 04:35:45
putman1017/maven,2021-05-10 04:14:28
igorcampos20016/maven,2021-05-09 16:05:59
dkreynin/maven,2021-05-09 08:58:33
Rajalakshmi-H-M/maven,2021-05-07 08:37:35
Blade-Dancer/maven,2021-05-07 03:08:27
public-repo1/maven,2021-05-07 01:19:11
HiteshMah-Jan/maven,2021-05-06 12:09:47
sunandadevops05/maven,2021-05-06 04:47:19
yeonju-lee/maven,2021-05-03 09:15:06
ravikiranmaroju/maven-1,2021-04-30 18:00:23
muniraja1431/maven,2021-04-29 18:31:59
sreenivas735/maven,2021-04-29 17:50:02
ansible45/maven,2021-04-29 08:55:30
Angie3120/maven,2021-04-29 01:58:09
jgreffe/maven,2021-04-28 08:23:06
salamani/maven,2021-04-27 11:13:58
poojarisunil/maven,2021-04-27 03:56:33
Dufgui/maven,2021-04-25 08:30:34
Manoj-lab26/maven,2021-04-24 06:49:04
thierrylach/maven,2021-04-23 20:50:23
AmitMaurya15893/maven,2021-04-23 11:26:30
dattu104/maven,2021-04-21 16:12:37
wx930910/maven,2021-04-19 01:56:02
aravind2389/maven,2021-04-18 10:44:46
timilan123/maven,2021-04-18 01:08:34
Gizaw28/maven,2021-04-17 23:20:56
VasukiDhanabal/maven,2021-04-16 08:16:16
agungl4/maven,2021-04-15 12:39:43
Tryweirder/maven,2021-04-15 00:55:24
kappasairam/maven,2021-04-14 08:07:51
artbabayan/maven,2021-04-14 07:10:49
sluk3r/maven,2021-04-13 07:56:04
kirankumar9030/maven,2021-04-11 21:29:51
phoenix-dom/PhoenixDOM-ApacheMaven,2021-04-10 14:27:30
deepgnly/maven,2021-04-09 05:11:23
kn30/maven,2021-04-05 18:04:48
sakibguy/maven,2021-04-05 17:37:18
w0wn3r0/maven,2021-04-05 11:43:58
Wikiclob/maven,2021-04-05 05:45:02
shivajideotale/maven,2021-04-04 14:29:42
anil666/maven,2021-04-02 13:38:40
limit1992/maven,2021-04-02 07:13:56
kathyayanikishore/maven,2021-04-02 05:35:29
jnthansc/maven,2021-04-01 10:44:41
muddasarkhan/maven,2021-03-31 13:14:01
cn-developer/maven,2021-03-31 05:45:29
Charg/maven,2021-03-30 21:12:46
maxikuehn/maven,2021-03-30 12:23:41
oga2701/maven,2021-03-29 18:26:32
edgardespinoza/maven,2021-03-29 18:10:31
Nagaraju578/maven,2021-03-29 09:42:34
sambhav228/maven,2021-03-27 11:14:26
eyx092/maven,2021-03-26 16:05:56
vamsikrishna-git/maven,2021-03-25 17:43:52
abhishekdvg/maven,2021-03-25 11:02:22
vivekd9939/maven,2021-03-25 07:51:43
Xorn4020/maven,2021-03-22 12:54:00
priyadopare/maven,2021-03-21 09:43:26
sksubhanisms/maven,2021-03-20 14:29:37
ShiyuXie/maven,2021-03-16 22:33:53
teaolivia/maven,2021-03-13 12:09:52
edfern/maven,2021-03-11 19:10:29
samgithubadmin/maven,2021-03-10 05:44:43
GabrielBuzila/maven,2021-03-09 21:22:22
rdp/maven,2021-03-08 18:25:08
crlabrada10/maven,2021-03-08 00:28:37
NileshVirkar148/maven,2021-03-05 20:23:13
shyransystems/maven,2021-03-04 11:07:54
lrpatil/maven,2021-03-03 10:36:57
fralalonde/maven,2021-03-02 16:51:46
shinu93/maven,2021-03-02 07:21:22
sp-faysal/maven,2021-03-02 06:40:01
01user/maven,2021-03-01 04:38:29
LionTech22/maven,2021-02-28 07:03:03
jeuzemjoelle/maven,2021-02-28 02:47:52
sudhirbalusu/maven,2021-02-26 16:50:13
wy732756662/maven,2021-02-25 03:54:17
HARSHAHH/maven,2021-02-23 06:24:28
anuvu/maven,2021-02-23 00:31:02
Pooja0504/maven,2021-02-22 12:34:07
xenoamess-fork/maven,2021-02-21 10:15:45
patrickkenya/maven,2021-02-20 12:15:45
confluentinc/maven,2021-02-19 22:22:30
iceballt-github/maven,2021-02-19 05:07:57
Corpus-2021/maven,2021-02-18 02:33:51
Lukeskywaler/maven,2021-02-14 06:23:56
Techcable/maven,2021-02-13 19:12:56
Shliilh2/maven,2021-02-11 13:06:20
StingNevermore/maven,2021-02-07 07:46:58
yhytsunami/maven,2021-02-06 12:17:29
jack5505/maven,2021-02-05 13:13:31
ThoufiqB/maven,2021-02-05 07:47:26
xli1996/maven,2021-02-03 22:06:37
1401826426/maven,2021-02-03 01:56:43
upenderadepu/maven,2021-02-02 11:39:02
SamanthaAnn/maven,2021-02-02 10:50:45
sai8830/maven,2021-02-02 05:30:01
sathya260794/maven,2021-02-01 10:22:24
sutejkrishna/maven,2021-01-31 18:47:13
n5ujn/maven,2021-01-31 17:21:29
dgkh1975/maven,2021-01-28 18:30:29
fangcai120/maven,2021-01-26 03:13:17
McFoggy/maven,2021-01-25 15:39:33
wee616/maven,2021-01-20 09:59:39
Korov/maven,2021-01-19 14:40:02
SuccessOpen/maven,2021-01-18 08:48:26
woizran/maven,2021-01-17 14:39:05
gongxuanzhang/maven,2021-01-17 13:48:23
maxpaynebupt/maven,2021-01-16 07:37:38
qweek/maven,2021-01-12 13:00:00
Kamthekirtee/maven,2021-01-08 08:26:02
jmax01/maven,2021-01-06 19:07:58
boris-unckel/maven,2021-01-05 21:39:03
fayaz1234r/maven,2021-01-05 01:54:12
linhpt/maven,2021-01-04 08:16:54
edsonmartins/maven,2020-12-28 22:48:35
Reuf12/maven,2020-12-28 16:34:59
mkarg/maven,2020-12-28 14:45:15
chrisjcox79/maven,2020-12-27 11:38:11
madneal/maven,2020-12-23 12:39:47
namannigam/maven,2020-12-22 19:06:05
nig-cc/maven,2020-12-22 03:03:10
AlessandroG09/maven,2020-12-21 15:20:40
rajendraprasad9/maven,2020-12-17 11:37:32
atokr/maven,2020-12-15 08:53:15
sebastien-doyon/maven,2020-12-14 16:33:29
PraveenKottu/maven,2020-12-13 19:01:42
zurinice898/maven,2020-12-12 09:17:48
rishumehrotra/maven,2020-12-09 14:30:20
deekshith7799/maven,2020-12-09 04:35:24
shipitamit/maven,2020-12-08 17:56:34
airson-yu/maven,2020-12-08 10:41:01
kludge-works/maven,2020-12-06 19:48:54
technogem123/maven,2020-12-05 06:44:23
GhatnekarPreeti/maven,2020-12-02 12:00:38
dja-fr/maven,2020-12-01 15:00:10
Blackdread/maven,2020-12-01 01:49:09
CraigMcDonaldCodes/maven,2020-11-30 00:41:57
laashub-sda/maven,2020-11-29 10:37:27
cypher-me/maven,2020-11-29 08:17:17
purnachandra1234/maven,2020-11-27 08:26:17
victorlopesjg/maven,2020-11-26 14:45:22
drubioa/maven,2020-11-26 07:39:50
andreoss/maven,2020-11-24 14:14:49
pothurainaresh/maven,2020-11-23 06:05:25
Angshuman032001/maven,2020-11-22 08:17:39
eliasyaoyc/maven,2020-11-21 13:55:25
BlackPeachLawn/maven,2020-11-21 03:58:38
chihero1982/maven,2020-11-20 22:53:45
shaohuabaishuo/maven-1,2020-11-20 01:35:54
yifeiyichen/maven,2020-11-17 02:28:30
Nullos59/maven,2020-11-14 11:05:19
wan200601379/maven,2020-11-11 08:45:39
winnerineast/maven,2020-11-04 10:10:13
ndskc123/maven,2020-11-01 09:12:44
DarkWizard007/maven,2020-10-31 19:47:15
h4cker39/maven,2020-10-30 14:40:19
xiuyuanjun/maven,2020-10-30 01:20:55
Commonjava/maven,2020-10-28 19:23:26
georgiosmakrhs/maven,2020-10-24 15:23:54
aboutdever/maven,2020-10-23 16:52:23
isuruadl/maven,2020-10-22 13:15:51
raj0088/maven,2020-10-21 01:27:24
ajju001/maven,2020-10-19 18:43:17
leeyazhou/maven,2020-10-16 07:58:09
ungsookim/maven,2020-10-14 12:18:09
boris-github/maven,2020-10-14 12:04:51
advancing-king/maven,2020-10-14 02:04:32
Danitime/maven,2020-10-13 21:09:05
vidheyavirat/maven-1,2020-10-13 12:04:40
Grobakumma/maven,2020-10-13 11:26:23
panbo24/maven,2020-10-13 07:27:28
FahirL/maven,2020-10-07 10:07:30
dut3062796s/maven,2020-10-06 03:15:50
Goutham8128/maven,2020-10-01 16:28:41
gwl475857172/maven,2020-09-29 01:32:44
filin8804/maven,2020-09-28 08:31:07
hsijingsi/maven,2020-09-27 06:33:41
lukejackson/maven,2020-09-24 12:51:55
tmallet/maven,2020-09-21 13:14:58
LokeshGit536/maven,2020-09-21 03:45:55
israelbrener/maven,2020-09-19 08:49:24
yashraj2312/maven,2020-09-18 18:18:31
stevenlsj/maven,2020-09-18 02:45:44
injetiravi/maven,2020-09-17 07:28:25
sivashankar1989/siva477,2020-09-16 05:41:59
yingmingbao/maven,2020-09-16 02:54:49
cpratik025/maven,2020-09-15 03:52:45
zhang-yuxiang/maven,2020-09-13 03:55:25
heartBin/maven,2020-09-12 08:49:23
luocx/maven,2020-09-12 05:39:45
shenghwanbyun/maven,2020-09-11 01:38:46
mbruggmann/maven,2020-09-10 13:14:03
YohannTalend/maven,2020-09-09 15:38:05
PPazderski/maven,2020-09-08 16:40:11
hunkathome/maven,2020-09-07 15:08:47
tolstoyfafa/maven,2020-09-07 07:28:55
terigrossheim/maven,2020-09-07 03:22:44
onlinedata2019/maven,2020-09-05 06:47:50
souza-dan/maven,2020-09-01 15:34:29
Xargos/maven,2020-08-30 11:53:29
patope/maven,2020-08-28 14:04:25
vpinna80/maven,2020-08-26 12:30:20
pranshu1200/maven,2020-08-25 18:11:12
rammatzkvosky/maven,2020-08-25 11:29:29
andrewhar/maven,2020-08-24 09:26:49
oraziov/maven,2020-08-20 15:57:42
aglehming/maven,2020-08-19 23:34:27
YANGLUOTONG/maven,2020-08-19 02:25:50
sumitAmble/maven,2020-08-17 12:48:29
MonkeyMeng/maven,2020-08-17 09:01:06
Sunnie-Y/maven,2020-08-16 07:31:47
dragon87/maven,2020-08-15 04:37:06
forchid/maven,2020-08-14 11:44:40
sushil08/maven,2020-08-14 08:25:47
yxliang12345/maven,2020-08-13 15:38:32
ajayforazure/maven,2020-08-13 06:19:09
emadshihab/maven,2020-08-11 15:20:08
danukaw/maven,2020-08-10 10:06:22
PoojaChandak/maven,2020-08-07 12:26:39
AbsoluteZero-CHN/maven,2020-08-06 10:07:30
mickroll/maven,2020-08-03 10:22:05
daniel-liy/maven,2020-08-03 01:46:09
0-artnoc/maven,2020-08-03 00:17:23
Bolth/maven,2020-08-02 02:01:09
john-wang2018/maven,2020-08-01 06:28:09
zhongshimaimi1/maven,2020-07-31 09:57:13
QPanDevOps/BLD_JAVA-maven,2020-07-31 03:10:41
jpl-jengelke/maven,2020-07-29 20:03:34
runPig626/maven,2020-07-27 14:16:54
github20200417/maven,2020-07-20 12:40:45
Global19-atlassian-net/maven,2020-07-19 05:15:31
zz0614/maven,2020-07-16 04:08:47
Terry1504/maven,2020-07-12 03:36:42
garydgregory/maven,2020-07-10 14:39:50
Lizalecht/maven,2020-07-05 13:14:55
nishanthchowdary/maven,2020-07-02 13:54:59
yangnuoyu/maven,2020-07-01 23:19:24
ollie3030/maven,2020-06-24 23:55:34
santik/maven,2020-06-24 06:50:21
riyaz8383/maven,2020-06-22 19:31:19
nguyenngan/maven,2020-06-20 06:45:18
niczhu/maven,2020-06-18 08:04:00
zouxiaochaun/maven,2020-06-18 07:42:19
ark12344/maven,2020-06-17 09:21:58
zhaoyunxing92/maven,2020-06-16 09:36:42
devops6devops/maven,2020-06-16 05:24:54
pzygielo/maven,2020-06-15 08:02:03
amir-toly/maven,2020-06-15 04:08:12
invictus4155/maven,2020-06-14 01:38:50
manjitmaharjan/maven,2020-06-13 08:40:04
santoshdeshmane06/maven,2020-06-08 09:37:02
jhutchings1/maven,2020-06-07 01:52:55
nithinadmin/maven,2020-06-05 16:56:23
gitrepo786/maven,2020-06-05 16:54:14
wlopper/maven,2020-06-05 11:10:19
Metersbone/maven,2020-06-03 01:42:17
bmarwell/maven,2020-06-02 09:59:18
adamretter/maven,2020-06-01 20:47:00
JuanMorenoDeveloper/maven,2020-05-28 17:35:56
JackFresher/maven,2020-05-28 12:09:15
bharatkrreddy/maven,2020-05-28 06:17:51
richard1230/maven,2020-05-27 13:46:03
Eskibear/maven,2020-05-27 05:25:50
SDGSemantic/maven,2020-05-26 07:40:53
Bananeweizen/maven,2020-05-24 10:00:04
victorgodinho-meli/maven,2020-05-23 02:51:17
yyzx428/maven,2020-05-23 02:25:38
badatya111/maven,2020-05-22 16:22:22
mathansp/maven,2020-05-22 10:07:54
glimmerveen/maven,2020-05-21 18:50:10
smagill-test/maven,2020-05-20 20:18:25
smannathan/maven,2020-05-20 13:12:10
hsarma/maven,2020-05-20 10:23:24
ViniVS/maven,2020-05-20 01:28:40
berryjam/maven,2020-05-18 16:14:02
dehasi/maven,2020-05-17 10:11:08
bhaskar6891/maven,2020-05-16 11:57:56
jufeng9318/maven,2020-05-14 16:16:05
madangarad/maven,2020-05-13 20:44:27
chenlanqing/maven,2020-05-13 02:51:50
JiYuzhe/maven,2020-05-12 14:20:11
shivah4u/maven,2020-05-12 14:10:33
ash-srini/maven,2020-05-11 18:53:06
pravin197/maven,2020-05-11 17:30:39
dheerajchhabra18/maven,2020-05-11 14:00:22
eolivelli/maven,2020-05-10 14:51:07
mcassel/maven,2020-05-09 00:58:13
ArronHuang/maven,2020-05-08 05:00:43
long2ltoy/maven,2020-05-06 02:53:44
rs1496/maven,2020-05-05 11:40:24
EstelaGarcia/maven,2020-04-29 15:22:01
mahammadbaig/maven,2020-04-29 15:18:04
yanchaosb123/maven,2020-04-29 15:04:45
fork-for-contribution/maven,2020-04-29 06:17:30
ojhasumit/maven,2020-04-26 14:15:10
simondong1979/maven,2020-04-26 07:01:13
raj1122/maven,2020-04-26 03:29:51
SIVA-NT/maven,2020-04-25 21:29:47
gamerchandu/maven,2020-04-24 13:14:04
samedsay/maven,2020-04-22 23:12:51
fy-travis-projects/maven,2020-04-22 22:22:18
xuweijia627/maven,2020-04-21 10:33:34
raysaini19/maven,2020-04-20 14:10:54
ajumonc/maven,2020-04-19 18:43:25
ravikantcool2008/maven,2020-04-18 14:52:57
cldvr/maven,2020-04-17 23:10:06
devaravulaganga/maven,2020-04-17 09:18:55
lokaish39/maven,2020-04-15 07:42:03
Raheela1024/maven,2020-04-13 11:24:12
laashub-soa/maven,2020-04-13 06:20:33
NicolasPrates/maven,2020-04-09 12:49:58
rjzou/maven,2020-04-09 10:14:08
rslkvk/maven,2020-04-09 08:40:22
FengJinbao/maven,2020-04-09 01:50:58
hefeizhangjian/maven,2020-04-09 01:25:31
anon24816/maven,2020-04-08 18:10:21
jhermann/maven,2020-04-08 15:53:09
liuychk/maven,2020-04-08 02:17:43
metaversed/maven,2020-04-07 17:35:06
fkalinski/maven,2020-04-06 14:25:59
gianchandanijeetendra/maven,2020-04-06 11:49:50
brightclark/maven,2020-04-05 23:02:13
yasvanth-m/maven,2020-04-05 06:25:46
liyanpengcode/maven,2020-04-05 03:52:15
krnlshh/maven,2020-04-04 11:32:16
grant-guo/maven,2020-04-04 01:49:34
prashantkumar1190/maven,2020-04-03 20:11:15
York0519/maven,2020-04-02 11:02:11
makool/maven,2020-04-01 13:51:13
amogha1594/maven,2020-04-01 06:29:25
sowfadia/maven,2020-03-31 13:59:43
knachike/maven,2020-03-31 07:02:26
shuhsun/maven,2020-03-29 23:02:50
GitHubAccount-Testing/maven,2020-03-29 13:21:57
vinodch501/maven,2020-03-28 17:10:46
leave417/maven,2020-03-28 15:32:01
lttguolindev/maven,2020-03-27 08:15:54
intellidevops/maven,2020-03-26 06:44:53
Nithyananadakamath/maven,2020-03-26 05:52:16
andreaslarfors/maven,2020-03-25 18:35:23
DevopsAravind/maven,2020-03-24 16:32:26
olegzaim/maven,2020-03-24 09:25:55
Osama-O5/maven,2020-03-23 13:06:15
Varsh-M/maven,2020-03-23 05:20:02
ieevo/maven,2020-03-22 22:14:37
rxr8798/maven,2020-03-22 19:51:05
fliaj/maven,2020-03-22 08:43:06
boussninizakaria/maven,2020-03-21 22:29:25
Artnoc1/maven,2020-03-20 18:13:26
rasec18k/maven,2020-03-19 15:47:13
idefav/maven,2020-03-19 13:42:24
Rib47/maven,2020-03-17 21:40:28
oliveira-sofist/maven,2020-03-17 18:57:07
kingdomdong/maven,2020-03-17 06:31:10
hah1346798520/maven,2020-03-16 12:49:54
GitHubxzy/maven,2020-03-16 10:37:59
ainouss/maven,2020-03-15 23:17:34
zhengquan45/maven,2020-03-15 13:34:57
praveenas6/maven,2020-03-15 12:20:00
alvoyager/maven,2020-03-15 08:59:44
mcmollehuara/maven,2020-03-15 05:07:48
antoinegoze/maven,2020-03-15 00:09:37
atef23/maven,2020-03-13 15:15:19
DebasishBiswal90/maven,2020-03-11 17:33:03
sajil41234/maven,2020-03-11 09:27:24
francescoZ93/maven,2020-03-10 16:25:06
Jhonikhan/RealTime-Maven-Project,2020-03-10 12:27:07
vipul-kacha/maven,2020-03-06 18:48:43
Jagadeesh852/maven,2020-03-06 11:21:24
jaya5939/maven,2020-03-04 06:30:25
vitorc/maven,2020-03-03 20:49:21
sreevatsa-ramya/maven,2020-03-03 17:19:01
ourdani/maven,2020-03-03 14:12:58
gsivaprasadreddy/maven,2020-03-03 11:49:45
manigithub9/maven,2020-03-02 05:09:46
chaknory/maven,2020-03-01 16:45:02
deblianesousa/maven,2020-02-29 22:05:59
vinayakbagal7/maven,2020-02-29 06:30:41
wfxn1990/maven,2020-02-28 16:54:06
alexey-anufriev/maven,2020-02-27 23:38:38
dinesh-annam/maven,2020-02-27 05:36:32
sonuhariom1989/maven,2020-02-26 08:42:06
lindholm/maven,2020-02-26 07:16:43
btrice/maven,2020-02-25 10:23:15
qqyycom/maven,2020-02-25 08:53:48
asutosh936/maven,2020-02-23 16:33:15
chao5512/maven,2020-02-20 09:58:20
tarunyadav/maven,2020-02-20 04:45:27
vgaborabs/maven,2020-02-19 19:16:25
shavhi/maven,2020-02-19 14:15:09
manzhizhen/maven,2020-02-16 08:25:10
albertocoderei/maven,2020-02-15 12:31:53
sudharshan4c8/maven,2020-02-14 14:19:22
staticor/maven,2020-02-13 15:34:44
kiligY/maven,2020-02-13 08:06:10
chenchudhcs/maven,2020-02-13 00:49:11
nachete135/maven,2020-02-12 09:10:48
paul123-gif/maven,2020-02-12 08:21:59
PravinP11/maven,2020-02-12 03:54:33
pavel-fando/maven,2020-02-11 11:55:12
vishal24bargode/maven,2020-02-10 07:24:00
suraj95/maven,2020-02-08 12:26:42
lenve/maven,2020-02-07 09:05:37
roivant-sinanunur/maven,2020-02-04 22:42:27
giorop/maven,2020-02-04 02:46:03
cktakata/maven,2020-02-03 16:29:18
dharanibalasani/maven,2020-02-03 10:15:59
9095712697/maven,2020-02-03 04:35:42
mani38/maven,2020-01-31 09:27:37
harshavardhansaibattu/maven,2020-01-31 07:54:16
infosupport/maven,2020-01-29 14:45:58
mthmulders/maven,2020-01-29 09:07:02
bds1959/maven,2020-01-29 04:47:22
ramsoora/maven,2020-01-28 16:36:32
jornaman/maven,2020-01-27 01:56:50
omkarmercedes/maven,2020-01-26 16:04:34
nareshvadla/maven,2020-01-26 13:48:07
namannigam-zz/maven,2020-01-26 08:15:57
chakri4153/maven,2020-01-26 07:15:29
dwfchu/maven,2020-01-22 13:41:40
narasimmamoorthy/maven,2020-01-21 10:10:03
fjyulu/maven,2020-01-21 08:57:27
catulsingh7/maven,2020-01-21 06:06:21
niaomingjian/maven,2020-01-20 09:17:30
honor0883/maven,2020-01-19 18:32:50
gayathrimicroservice/maven,2020-01-18 02:24:52
ShaftStop/maven,2020-01-15 13:22:14
KevinLuuu/maven,2020-01-15 08:02:28
sonali04041995/maven,2020-01-11 06:00:31
yogesh249/maven,2020-01-06 14:10:10
kodeva/maven,2020-01-06 08:48:15
chrisM38/maven,2020-01-04 14:47:05
pe4ch/maven,2020-01-03 06:54:16
akash-jyoti/maven,2020-01-03 05:39:12
dwjisaboy/maven,2020-01-03 03:27:46
juliuszhang/maven,2020-01-02 03:05:18
SLLbw/maven,2020-01-01 02:48:12
rosti-il/maven,2019-12-31 23:00:35
chenxinoom/maven,2019-12-30 13:45:05
x13319/maven,2019-12-30 13:27:02
khmarbaise/maven,2019-12-28 22:44:53
bksutar/maven,2019-12-28 21:00:41
rgoldberg/maven,2019-12-28 13:01:37
nitishh35/maven-1,2019-12-28 08:40:19
L-ios/maven,2019-12-27 01:26:29
brahmanidevops/maven,2019-12-26 11:15:04
115201592/maven,2019-12-25 10:17:35
ZubairMasih/maven,2019-12-23 16:34:36
xiemingmin/maven,2019-12-23 10:04:33
yeuri19871210/maven,2019-12-23 06:53:50
viqueen/maven,2019-12-22 03:16:22
vardhandevi/maven,2019-12-21 23:25:19
qingliaowu/maven,2019-12-21 12:26:27
KUMAR-MRITUNJAY/maven,2019-12-21 06:00:36
fastt-forked/maven,2019-12-20 05:14:10
cigoff/maven,2019-12-19 05:48:17
syttttt/maven,2019-12-19 01:39:27
GiovaneOliveiraTI/maven,2019-12-18 19:14:52
danielmfn/maven,2019-12-18 19:14:26
robert-greathouse/maven,2019-12-18 18:49:47
shashankys/maven,2019-12-17 12:42:17
kisslonglin/maven,2019-12-17 06:10:09
mbrukman/apache-maven,2019-12-14 23:29:14
Bomidi/maven,2019-12-14 04:37:57
anvesh19/maven,2019-12-13 17:02:13
abhishekit00/maven,2019-12-13 16:02:50
darcy-shen/maven,2019-12-13 12:07:40
ibalago/maven,2019-12-13 07:49:21
ashokrajaboda/maven,2019-12-12 18:32:40
jenasubhadev/maven,2019-12-12 17:59:07
Shailendre/maven,2019-12-12 07:26:16
DaveEuson/maven,2019-12-10 16:38:56
joelvictor/maven,2019-12-10 11:23:11
loulanyue/maven,2019-12-10 11:00:31
krishnareddy94/maven,2019-12-10 05:42:37
violetmoon027/maven,2019-12-08 13:06:30
ventsing/maven,2019-12-08 11:46:09
KroArtem/maven,2019-12-07 23:18:34
justbuilding/maven,2019-12-07 00:46:53
brightlymale/maven,2019-12-06 16:01:51
Gaion/maven,2019-12-06 10:22:34
GuanJiBaoPingAn/maven,2019-12-06 04:00:59
fxx188/maven,2019-12-06 02:44:44
rieonke/maven,2019-12-04 02:33:29
cnvillegaschavez/maven,2019-12-03 15:18:31
radcortez/maven,2019-12-03 15:11:15
Y-tg/maven,2019-12-03 11:45:33
madhuri-stack/maven,2019-11-29 15:25:01
saumya0692/maven,2019-11-27 14:59:34
tirthankar-kundu/maven,2019-11-26 21:44:27
kapil23arora/maven,2019-11-25 14:36:27
G0ldenCrow/maven,2019-11-25 08:35:56
rajendragadekar/maven,2019-11-25 08:23:17
AvishaJindal/maven,2019-11-24 08:26:35
osamahassan245/maven,2019-11-23 14:20:17
sunhm7/maven,2019-11-22 12:28:40
chenyong0/maven,2019-11-20 09:48:15
xiehechong/maven,2019-11-18 12:07:50
AnandGaddikeriTR/maven,2019-11-18 06:59:21
tomafalcon/maven,2019-11-16 21:11:16
louislivi/maven,2019-11-16 06:11:54
ikungolf/maven,2019-11-14 07:27:11
FateMe0/maven,2019-11-13 02:05:14
utf7/maven,2019-11-13 01:12:47
to-be-architect/maven,2019-11-12 17:18:03
itrain-org1/maven,2019-11-11 18:02:07
dd-guo/maven,2019-11-11 02:15:12
amitbdj14/maven,2019-11-10 14:26:52
JiangHZ/maven,2019-11-09 06:36:19
wangzhaoning/maven,2019-11-09 06:34:41
galhana80/maven,2019-11-08 22:52:28
cwansart/maven,2019-11-07 14:49:34
fanhonglin/maven,2019-11-07 08:56:58
sumannewton/maven,2019-11-07 07:32:42
weshaggard/maven,2019-11-06 17:36:52
CShiva159/maven,2019-11-06 07:02:39
binaryjerry/maven,2019-11-05 11:13:04
MuQQQQQ/maven,2019-11-04 02:03:16
wilx/maven,2019-11-02 09:48:16
NicolasOjedajava/maven,2019-11-01 14:08:01
waters00/maven,2019-11-01 01:33:50
susuhlaing-dmm/maven,2019-10-30 11:03:05
rajeshsharma05/maven,2019-10-29 15:47:48
simplysameer333/maven,2019-10-29 13:37:34
simple569/maven,2019-10-29 09:07:49
xingsu56/maven,2019-10-29 03:36:10
Void9711/maven,2019-10-29 02:25:25
Kedarnathb/maven,2019-10-28 03:24:53
carloshn90/maven,2019-10-27 17:16:38
fishseven/maven,2019-10-27 03:21:56
ambica45/maven,2019-10-25 00:42:19
kchang264/maven,2019-10-24 18:41:38
yibethpachon24198/maven,2019-10-24 12:00:59
krimokrimo007/maven,2019-10-24 10:34:01
pench-vardhineni/maven,2019-10-24 10:20:24
SadnessofAtlantis/maven,2019-10-24 02:30:09
caneesh/maven,2019-10-20 02:42:31
soufiane77/maven,2019-10-16 15:22:15
lili2311/maven,2019-10-15 17:17:35
SARATH1994/maven,2019-10-14 11:06:03
Arvindmh/maven,2019-10-14 06:24:29
reshma998/maven,2019-10-13 04:38:36
harryeee/maven,2019-10-12 15:36:41
srdo/maven,2019-10-11 22:11:55
Cook-R/maven,2019-10-11 05:53:00
mblomenkamp/maven,2019-10-09 07:45:09
azaretsky/maven,2019-10-08 17:56:42
archanamw/maven,2019-10-08 06:11:21
minjian233/maven,2019-10-07 03:21:22
sandipsmenon/maven,2019-10-03 13:25:43
nao0811ta/maven,2019-10-03 02:19:08
ahemberg/maven,2019-10-02 19:31:09
jingwq/maven,2019-10-02 16:04:31
LeoCKY/maven,2019-10-02 09:43:30
ewiegs4/maven,2019-10-01 20:01:33
zerowindy/maven,2019-09-30 05:44:30
rohitnwg/maven,2019-09-29 17:30:10
TJee-snyk/maven,2019-09-27 03:51:08
maguochao1989/maven,2019-09-27 02:57:57
svyneet/maven,2019-09-25 15:40:40
Surendarmurugesan/maven,2019-09-25 14:54:19
sunilkumaranna/maven,2019-09-23 11:36:09
smagill/maven-1,2019-09-23 02:43:09
authorZhao/maven,2019-09-23 01:57:10
pevetni/maven,2019-09-22 01:00:12
z00228841/maven,2019-09-20 08:31:51
dfotin/maven,2019-09-19 11:30:56
cchacin/maven,2019-09-18 23:51:13
kannan0501/maven,2019-09-18 09:52:20
sumareddyyelampalli/maven,2019-09-18 07:48:06
tpischke-bedag/maven,2019-09-17 09:45:16
saccount/maven,2019-09-16 15:07:06
harsha1095/maven,2019-09-15 09:24:51
AarbozT/maven,2019-09-15 02:52:41
conwaychriscosmo/maven,2019-09-14 14:21:59
clearlyflirting/maven,2019-09-14 00:49:49
ITxiefeng/maven,2019-09-12 06:48:11
tjanela/maven,2019-09-11 20:06:12
vijendrky/maven,2019-09-06 18:12:59
vozzyo/maven,2019-09-05 01:18:46
amu123/maven,2019-09-04 12:28:26
caidezhi/maven,2019-09-04 08:18:20
shenzepeng/maven,2019-09-03 10:30:41
dheeraj-code-creator/maven,2019-09-03 04:06:03
accplxm/maven,2019-09-03 03:31:28
sonlv123/maven,2019-09-01 16:34:29
chermdave/maven,2019-09-01 14:21:48
KangZhiDong/maven,2019-08-31 22:21:30
adithya-sree/maven,2019-08-29 18:43:20
AlbertXe/maven,2019-08-28 16:50:14
neilqing/maven,2019-08-27 16:29:15
TPortmannSopSte/maven,2019-08-27 06:52:55
Longmin-1208/maven,2019-08-27 01:30:17
psnindia/maven,2019-08-26 20:16:42
naidudsp/maven,2019-08-24 20:23:28
prabhu204321/maven,2019-08-23 21:42:22
xlglyl/maven,2019-08-23 17:35:06
dpandu92/maven,2019-08-23 02:04:22
uttamkgc/maven,2019-08-22 14:38:53
dcdev2/maven,2019-08-22 02:48:55
sushmareddy444/maven,2019-08-21 10:25:37
wdnmd404/maven,2019-08-20 12:25:35
boohoo555/maven,2019-08-20 06:19:09
13567436138/maven,2019-08-20 02:47:37
zhlim-ml/maven,2019-08-20 00:59:52
arunanga/maven,2019-08-19 16:59:45
eswitha/maven,2019-08-19 06:12:03
thelproad/maven,2019-08-17 07:21:49
DCDEVTino/maven,2019-08-17 04:38:33
viettai0211/maven,2019-08-17 00:49:31
atilla8huno/maven,2019-08-16 10:18:15
hizhangziyi/maven,2019-08-16 08:54:35
BXALearn/maven,2019-08-16 00:14:00
MickeyElders/maven,2019-08-15 03:31:35
PrajeeshMNS/maven,2019-08-14 08:33:38
rajeshsakthi/maven,2019-08-14 06:28:50
craigthelinguist/maven,2019-08-13 21:57:26
rianmachado/maven,2019-08-13 20:41:52
rashidhj/maven,2019-08-13 20:33:06
karthikhmk/maven,2019-08-13 05:23:14
ExcuseMi/maven,2019-08-12 17:21:40
wjwisme/maven,2019-08-12 02:07:13
darscan/maven,2019-08-11 22:33:02
baipengyan/maven,2019-08-10 12:47:54
raul1991/maven,2019-08-07 14:22:53
Awesome-Spring/maven,2019-08-06 11:10:18
Jason-Chen-2017/maven,2019-08-06 06:11:50
aestebangarcianavas/maven,2019-08-05 12:21:21
JackeyLZQ/maven,2019-08-05 01:34:08
sohailashraf003/maven,2019-08-04 14:43:42
SaberMaycry/maven,2019-08-04 09:03:32
Angelxing/maven,2019-08-03 01:09:30
charan1494/maven,2019-08-02 07:42:37
RSDS/maven,2019-08-02 06:28:36
cheneyni/maven,2019-08-01 07:12:40
bobanr/maven,2019-07-31 21:35:28
lapido/maven,2019-07-31 14:24:34
danwes01/maven,2019-07-31 10:35:27
kdas2103/maven,2019-07-31 08:23:35
winsomexjs/maven,2019-07-30 07:39:13
realvedantagrawal/maven,2019-07-27 17:46:56
tienph91/maven,2019-07-26 04:04:12
sidhartha1234/maven,2019-07-25 06:58:50
suztomo/maven,2019-07-24 16:51:21
bryanwongsz/maven,2019-07-23 16:12:56
kana112233/maven,2019-07-22 14:45:58
asowamber/maven,2019-07-22 14:39:49
sshyran/maven,2019-07-21 14:27:02
venkatnikhilgoud/maven,2019-07-21 09:08:02
gaganis/maven,2019-07-19 09:42:08
csramanareddy/maven-1,2019-07-19 05:18:38
cndurant/maven,2019-07-19 00:51:52
jskyme/maven,2019-07-18 18:15:49
saturnism/maven,2019-07-18 12:05:44
jacbo/maven,2019-07-17 11:12:56
wjinlg/maven,2019-07-17 09:04:32
ivyxjc/maven,2019-07-16 12:17:32
SHEwiner/maven,2019-07-15 14:54:01
slawekjaranowski/maven,2019-07-15 11:40:06
harjotpooni/maven,2019-07-13 04:01:23
7010G/maven,2019-07-11 07:10:11
jloste/maven,2019-07-09 19:03:46
Sivayadav6010/maven,2019-07-09 05:23:07
mukeshptl002/maven,2019-07-08 16:32:25
phuonguyen290197/maven,2019-07-07 13:22:07
VirendraPariharCLS-zz/maven,2019-07-06 09:09:19
blindpirate/maven,2019-07-06 00:25:18
akash0997/maven,2019-07-04 11:22:54
vikasbharani/maven,2019-07-03 07:14:51
ghadishayban/maven,2019-07-02 14:30:55
sunnymoon/maven,2019-06-30 15:13:59
carbonecar/maven,2019-06-28 19:33:10
xianfengxiong/maven,2019-06-28 02:31:22
brandontoups/maven,2019-06-27 18:14:30
xutao1989103/maven,2019-06-27 10:59:31
fee1good/maven,2019-06-26 15:05:11
gnodet/maven,2019-06-25 06:30:27
Karlito88/maven,2019-06-24 08:47:47
embenzekri/maven,2019-06-23 22:58:58
java4dz/maven,2019-06-22 22:01:32
Govindmallurwar/maven,2019-06-22 18:35:22
asashish03/maven,2019-06-20 18:15:15
ultimatixarup/maven,2019-06-20 17:24:01
raheem88/maven,2019-06-18 13:10:53
1shekhar/maven-java,2019-06-17 10:29:01
16yuki0702/maven,2019-06-17 03:04:27
AElMehdi/maven,2019-06-15 15:17:40
hasirqi/maven,2019-06-15 13:00:21
shanmukhavardhan/maven-1,2019-06-15 07:39:03
Harishreddy053/maven,2019-06-15 07:29:31
zengzhaorui/maven,2019-06-15 06:48:02
VikasKumar10099/maven,2019-06-14 10:54:50
ominiscent/maven,2019-06-14 08:50:29
tab22/maven,2019-06-14 06:58:40
anthonyvdotbe/maven,2019-06-13 14:03:56
myhubloki/maven,2019-06-13 05:57:06
ouyangkongli/maven,2019-06-12 11:06:50
sekharbrs/maven,2019-06-12 09:23:11
kilataban/maven,2019-06-10 20:53:54
arastoul/maven,2019-06-10 09:14:13
chengjingfeng/maven,2019-06-09 02:56:24
deepaa5858/maven,2019-06-08 05:55:36
charygao/maven,2019-06-07 17:00:02
lijobs/maven,2019-06-05 02:11:14
EluriResearch/maven,2019-06-04 05:11:41
Arnaud-Nauwynck/maven,2019-06-02 13:22:29
tigerhen/maven,2019-06-01 08:31:21
jhonyelink/maven,2019-06-01 02:11:30
Luckl/maven,2019-05-31 16:31:01
MartinKanters/maven,2019-05-31 13:53:45
wanghui2019/maven,2019-05-30 09:40:49
Parthi10/maven,2019-05-28 09:25:09
heshasha33/maven,2019-05-27 08:45:39
digulla/maven,2019-05-24 12:28:58
daddyfatstacksBIG/maven,2019-05-24 01:42:50
GITKarthik123/maven,2019-05-23 12:57:04
leandropbahia/maven,2019-05-22 15:03:33
FanJups/maven,2019-05-21 18:47:50
harkon/maven,2019-05-21 11:33:50
pnr6944/maven,2019-05-21 07:11:26
manichinni/maven,2019-05-21 06:18:39
TomMD/maven,2019-05-21 05:05:53
oops-glory/maven,2019-05-21 01:28:10
QuantumCloudDatabase/maven,2019-05-20 18:56:46
linr211/maven,2019-05-20 03:18:55
edutuca/maven,2019-05-19 21:48:57
heinrichsmythe/maven,2019-05-18 18:23:48
xxoxo1838671/maven,2019-05-18 10:42:52
phapdinh/maven,2019-05-18 02:42:02
agiroshanark/maven,2019-05-17 17:07:01
mamrodrigues/maven,2019-05-17 02:33:05
feihonghui/maven,2019-05-16 15:00:13
NikolasMelui/maven,2019-05-16 11:00:41
sac10nikam/maven,2019-05-15 06:42:54
16729/maven,2019-05-15 05:59:35
fch596688/maven,2019-05-15 04:06:45
harsh-hardaha/maven,2019-05-11 19:45:41
prasadsanka/maven,2019-05-11 04:23:02
zvbb/maven,2019-05-11 03:47:28
sagarsilver/maven,2019-05-07 21:20:58
chiang-sss/maven,2019-05-07 14:57:10
aoumeurSC/maven,2019-05-07 12:45:16
VijayEluri/maven,2019-05-07 06:19:16
kundaramesh/maven,2019-05-05 16:27:00
dhaase/maven,2019-05-05 08:28:53
RobinGG/maven,2019-05-04 11:34:43
wc-itdog/maven,2019-05-04 03:59:38
aamosa/maven,2019-05-04 03:22:00
hemagb/maven,2019-04-30 18:12:46
Patouche/maven,2019-04-30 17:38:19
samraw83/maven,2019-04-30 10:50:59
sky-shenf/maven,2019-04-30 03:56:31
comesm/maven,2019-04-29 13:16:14
rh-hxkj/maven,2019-04-29 09:06:40
iexxk/maven,2019-04-29 07:50:59
xiaolongLee/maven,2019-04-29 01:57:39
wangzhisong27/maven,2019-04-28 15:34:56
WeiRuiCoding/maven,2019-04-27 07:56:06
cureking/maven,2019-04-26 02:47:36
lyb5215659/maven,2019-04-26 00:52:48
pariekshit/maven-2,2019-04-26 00:32:31
thorntonrp/maven,2019-04-25 19:04:10
PILLIMETLA/maven,2019-04-25 17:24:39
youngjoys/maven,2019-04-25 14:36:34
summit87/maven,2019-04-24 10:18:38
venkatamatrix/maven,2019-04-23 09:08:17
Kampbell/maven,2019-04-19 07:42:18
Michael-LLD/maven,2019-04-19 03:51:51
DeepaliAgrawal69/maven,2019-04-18 10:45:44
nilesh9985/maven,2019-04-18 09:25:18
tcmtang/maven,2019-04-18 03:49:01
darknesstm/maven,2019-04-17 14:21:26
feixueck/maven,2019-04-17 06:20:25
raza1993/maven,2019-04-14 07:25:09
jschwartzenberg/maven,2019-04-12 10:35:16
mydevopsall/maven,2019-04-12 04:20:30
araghuramanwow/maven,2019-04-10 02:04:00
stevenluplow/maven,2019-04-09 22:25:00
iampankajkumar/maven,2019-04-06 02:56:55
seregamorph/maven,2019-04-05 19:33:47
AndyGee/maven,2019-04-05 15:10:40
eorahil/maven,2019-04-05 08:23:05
saeedmfarid/maven,2019-04-04 15:31:37
dockerLee/maven,2019-04-04 05:33:38
jftsunami/maven,2019-04-03 20:18:52
ravigrv21290/maven,2019-04-03 07:17:28
ORASTARK/maven,2019-03-31 08:22:07
mrityunjaybiswas/maven,2019-03-30 10:41:42
chujianyun/maven,2019-03-29 22:47:15
wheelerlaw/maven,2019-03-27 18:41:31
Pradeep279/maven,2019-03-27 11:48:20
aloulouamine/maven,2019-03-26 18:44:52
LuoMin02161/maven,2019-03-26 02:26:53
arunkanthkarre/maven,2019-03-25 17:54:25
maoshuai/maven,2019-03-24 08:37:15
jesesun/maven,2019-03-23 17:30:04
estelleducamer/maven,2019-03-23 01:10:38
gumiemie/maven,2019-03-22 06:07:34
CNSuperman/maven,2019-03-22 00:49:21
bravehorsie/maven,2019-03-21 10:40:56
ankithakotian/maven,2019-03-20 10:31:31
roshan-mohamed/maven,2019-03-20 02:01:26
barclay-reg/maven,2019-03-18 21:00:01
SudhaGarimella/maven,2019-03-18 11:32:40
techgem9999/maven,2019-03-17 16:45:34
DalavanCloud/maven,2019-03-17 03:19:02
chenxingxing6/maven,2019-03-16 07:19:17
NileshVirkar/maven,2019-03-14 07:17:42
lvyoubin/maven,2019-03-13 07:52:54
yenanlai/maven,2019-03-13 02:35:35
Antholoj/maven,2019-03-12 15:52:57
97CBR/maven,2019-03-10 05:29:55
kinow/maven,2019-03-09 11:26:23
Ankitaanku15/maven-1,2019-03-08 09:18:17
BhavyaGodavarthi/maven,2019-03-07 07:03:59
gabrielvoigt/maven,2019-03-06 17:55:23
oehme/maven,2019-03-06 14:31:49
xiaohonghonghong/maven,2019-03-06 06:46:18
ishaan2007/maven,2019-03-05 03:44:36
nazu216/maven,2019-03-04 06:11:08
jyoattirala/maven,2019-03-01 18:47:29
linos1003/maven,2019-02-28 19:32:12
dekstroza/maven,2019-02-28 11:37:55
tjtonyge/maven,2019-02-27 03:27:35
vethastanley/maven,2019-02-26 06:00:19
bindasss/maven,2019-02-25 08:41:57
srimay/maven,2019-02-25 06:25:53
INTELCON/maven,2019-02-24 19:24:25
twopenguin/maven,2019-02-21 01:49:04
rfscholte/maven,2019-02-20 21:48:31
alexuaaaa/maven,2019-02-20 09:48:27
MarsLyu/maven,2019-02-18 07:19:40
abhinavtwr5/maven,2019-02-16 09:59:09
usman2x/maven,2019-02-13 14:08:57
Lasertooth/maven,2019-02-11 09:55:11
LearningProm/maven,2019-02-09 10:23:27
marbug/maven,2019-02-08 06:55:51
ivanmarkov13/maven,2019-02-07 20:23:45
orenjina/maven,2019-02-07 20:12:02
onepip/maven,2019-02-03 08:16:01
nishantraut/maven,2019-02-02 12:03:22
vitaliykushneruk/maven,2019-01-31 12:23:18
test-mile/maven,2019-01-31 11:31:51
spadmakumar1/maven,2019-01-29 11:43:12
belingueres/maven,2019-01-26 04:25:58
chrishlee/maven,2019-01-25 08:24:01
wuyan2017/maven,2019-01-23 07:40:31
funyomgit/maven,2019-01-22 07:44:20
Taylormsz/maven,2019-01-22 07:07:02
FollowWindCrazyDog/maven,2019-01-21 10:56:53
dhruvSinghBaghel/maven,2019-01-21 08:43:42
Anasss/maven,2019-01-20 10:07:36
AmmuJose/maven,2019-01-19 18:57:22
desmax74/maven,2019-01-19 18:15:04
fhadcs/maven,2019-01-17 08:35:27
truebit/maven,2019-01-16 08:05:53
zeetushar/maven,2019-01-15 15:25:09
jpfroud/maven,2019-01-15 12:45:01
biswa-mohanty/maven,2019-01-14 14:29:23
rajaram200/maven,2019-01-12 15:18:58
guylabs/maven,2019-01-10 14:09:46
johnlinp/maven,2019-01-10 08:05:15
ahoehma/maven,2019-01-10 07:37:13
jdiazfernandez/maven,2019-01-09 23:19:41
SonChalice/maven,2019-01-09 08:31:21
XuQianJin-Stars/maven,2019-01-08 09:57:31
dfa1/maven,2019-01-05 11:51:45
Linuxgt/maven,2019-01-04 03:55:54
indigos33k3r/maven,2019-01-01 02:10:18
