User,NewGithubUser
AElMehdi,False
AbdelHajou,False
Dufgui,False
Gakiii,False
Giovds,False
KroArtem,False
MartinKanters,False
PoojaChandak,False
arturobernalg,False
azaretsky,False
belingueres,False
blindpirate,False
bmarwell,False
boris-unckel,False
brianf,False
caidezhi,False
cchacin,False
dehasi,False
eolivelli,False
ewiegs4,False
georgiosmakrhs,False
gnodet,False
guylabs,False
hgschmie,False
jmhodges,False
jmtd,False
johnlinp,False
khmarbaise,False
kthoms,False
kwart,False
kwin,False
lgxbslgx,False
lujiefsi,False
maoshuai,False
mbruggmann,False
mickroll,False
mthmulders,False
oehme,False
pzygielo,False
rfscholte,False
rosti-il,False
saturnism,False
slawekjaranowski,False
srdo,False
sultan,False
sungpeo,False
thelproad,False
