User,NewGithubUser
DarphBobo,False
Egor18,False
EstherAF,False
Kevin-CB,True
Langer0416,True
NotMyFault,False
P4uline,False
Pldi23,False
Riliane,False
Sangaibisi,False
Si-So,True
StefanSpieker,False
VirtualTim,False
Zastai,False
aHenryJard,False
agmt5989,False
alauregaillard,True
alecharp,False
aman-raza,False
anafke,False
based2,False
basil,False
belingueres,False
benebsiny,False
bozaro,False
calvinpark,False
caseyduquettesc,False
damianszczepanik,False
darinpope,False
dduportal,False
eas5,False
eltociear,False
fedepell,False
felfert,False
foxtrot9,False
fqueiruga,False
frankie139506,True
glasswalk3r,False
gnikonorov,False
gulyaev13,False
janfaracik,False
jbleduigou,False
kevinlin18,False
longngn,False
markawm,False
mcansozeri,False
mustafau,False
nisarg1499,False
nxtn,False
offa,False
res0nance,False
slide,False
slonopotamus,False
stellargo,False
stikonas,False
takashiharano,False
timja,False
tsparber,False
ventojna,False
zbynek,False
