User,NewGithubUser
24kpure,False
54hechuan,False
896938034,False
AbelSara,False
AlbumenJ,False
AlexRenCN,False
AnthonyKot,False
Augustvic,False
Bentley-William,True
Bo-Qiu,False
Bricks-Man,False
BurningCN,False
CalvinKirs,False
Chromico,False
Codegass,False
CodingSinger,False
Cyc1ops,False
DIscord010,False
DangHT,False
EarthChen,False
FastAtlas,True
GungnirLaevatain,False
Hansanshi,False
Hearen,False
Henrik-Yao,True
HetaoWang,False
HildoYe,True
Hinsteny,False
HugeSkull,False
Huijing-Xu,False
InstallingB,False
JasmineJ1230,False
JavaLionLi,False
JdjzV,False
John-Smile,False
JooKS-me,False
Kvicii,False
LALAYANG,False
Leishunyu,False
Likenttt,False
LinShunKang,False
LiosWong,False
OLPMO,False
RojerAlone,False
Technoboy-,False
TianCheng88,False
TigerTurbo,False
TingSky,False
TrueAbc,False
Trying-hc,True
XIACYBING,False
XiaoWeiKIN,False
YoungHu,False
ZakiFan,False
a364176773,False
akaakking,True
alany9552,True
anLA7856,False
andyqian,False
aquariuspj,False
asa3311,False
awayings,False
beiwei30,False
bigwg,False
brotherlu-xcq,False
changfubai,False
charish00,False
cheese8,False
chenyanlann,False
chenziqiang666,False
cnjxzhao,True
codeimport,False
complone,False
conghuhu,False
crossoverJie,False
dadadadudu,False
dbolkensteyn,False
dgzpg,False
dhchao11,False
diguage,False
dj080808,False
dragon-zhang,False
dreamer-nitj,False
fakefrog,False
fanghuabing,False
fangliji,True
finalcola,False
freekry,False
guohao,False
haiyang1985,False
haoyann,False
happytimor,False
hboutemy,False
hdyztmdqd,False
hellosx,False
hengyunabc,False
hjq2016,False
horizonzy,False
htynkn,False
huangdx0726,False
huangwenkan9,False
hunjipo,False
huyuechy,False
icankeep,False
icodening,False
imuxi,False
islongfei,False
iwhalecloud-platform,False
jamesxuhaozhe,False
jerrick-zhu,True
jessin20161124,False
jk-tonycui,False
jobop,False
juliuszhang,False
juzi214032,False
kaiyaok2,False
kealdishx,False
kevinten10,False
kevinw66,False
klebertarcisio,False
klzami,False
kunblue,False
kylixs,False
laddcn,False
laosijikaichele,False
lebron374,False
leechor,False
leihuazhe,False
leizhiyuan,False
levis9527,False
leyou240,False
likemoongg,False
liufeiyu1002,False
liugddx,False
liujunzxcv,False
lixiaojiee,False
lovepoem,False
luoning810,False
luryson,False
manzhizhen,False
mawenlong1,False
maxiaoguang64,False
mayankkt9,False
mimihom,False
mjaow,False
monkeyWie,False
mooseen,False
mr3,False
mrhbj,False
niejian,False
nihongye,False
nineyang,False
nullcodeexecutor,False
nzomkxia,False
oaoit,False
odrepa,True
owen200008,False
pandaapo,False
panxiaojun233,False
pinxiong,False
pjfanning,False
plusmancn,False
pugwoo,False
qinliujie,False
qixiaobo,False
r1-12king,False
robberphex,False
rupertw,False
sagexueqi,False
sashashura,True
scxwhite,False
seasidesky,False
seedeed,False
sh1yu,False
shouhong,False
shoukai,False
shtke,False
shy-share,False
skyguard1,False
slankka,False
slievrly,False
smipo,False
sofkyle,False
sonymoon,False
stone-98,False
stoneapple,False
stonelion,False
sunchaser-lilu,False
tain198127,False
tangcent,False
tanoak10,False
thelproad,False
tianshuang,False
tomatofrommars,False
tonymarz,True
trytocatch,False
tswstarplanet,False
uglycow,False
ujjboy,False
victory460,False
wangchengming666,False
wanghbxxxx,False
wangnimaa,False
wangxin1028,False
water-coder,False
web1992,False
weixing1204,False
win120a,False
wolfdriver,False
wucheng1997,True
wuhulala,False
x-shadow-man,False
xh1202,False
xiamenmin,False
xiaochangbai,False
xiaoheng1,False
xiaomiusa87,True
xiaomoran,False
xxxcrel,False
xylsh,False
yangzan0816,False
yanhom1314,False
zhangjiezhang,False
zhangyz-hd,False
zhaoyuguang,False
zhaoyunxing92,False
zhenxianyimeng,False
zhoumengyks,True
zhuangjinjin,False
zishinan,False
zouyx,False
zrlw,False
