,login,start_date,era
0,Biki-das,2021-12-07 18:14:20,post
1,DenrizSusam,2019-01-31 14:23:16,pre
2,IDrissAitHafid,2020-10-06 02:24:39,during
3,Jack-Works,2022-09-07 03:18:35,post
4,Jessidhia,2019-02-04 10:18:38,pre
5,JoshuaGross,2019-09-24 22:19:49,pre
6,KirankumarAmbati,2019-09-28 19:53:14,pre
7,KonstHardy,2021-10-03 16:15:50,post
8,M-Izadmehr,2019-09-22 17:41:11,pre
9,MichaelDeBoey,2020-05-09 18:32:48,during
10,NMinhNguyen,2020-02-27 00:42:18,pre
11,Vicachu42,2022-09-18 19:19:04,post
12,ZoteTheMighty,2020-10-02 18:18:10,during
13,airjp73,2019-09-26 20:40:46,pre
14,akgupta0777,2021-09-18 08:50:58,post
15,alexandrutasica,2022-05-20 07:43:12,post
16,behnammodi,2020-07-03 18:24:41,during
17,behzad888,2020-10-28 13:46:16,during
18,billyjanitsch,2020-11-11 23:59:16,during
19,bowen31337,2021-02-26 10:43:53,during
20,byronluk,2021-07-31 06:34:43,post
21,calebmer,2019-05-27 23:44:43,pre
22,cyan33,2020-04-23 21:09:37,during
23,e-hosseini,2021-07-13 12:49:14,post
24,eltociear,2020-09-05 16:46:04,during
25,epicfaace,2019-03-14 00:09:31,pre
26,gabrieltrompiz,2021-10-14 17:24:55,post
27,hmohamme,2020-02-21 00:15:39,pre
28,hristo-kanchev,2019-04-09 07:41:37,pre
29,huozhi,2021-10-27 08:33:36,post
30,inokawa,2020-11-07 06:56:28,during
31,jddxf,2020-04-05 01:41:35,during
32,josepharhar,2020-03-24 02:41:42,pre
33,josephsavona,2021-09-27 16:57:09,post
34,kbuyukakyuz,2022-05-24 21:13:07,post
35,linshunghuang,2019-09-26 02:35:24,pre
36,lunaruan,2019-07-01 21:57:05,pre
37,mofeiZ,2022-09-07 15:36:07,post
38,motiz88,2021-07-02 11:05:40,post
39,nutboltu,2020-01-26 09:21:13,pre
40,omarsy,2019-02-10 12:39:34,pre
41,onionymous,2019-09-11 00:20:22,pre
42,pomber,2021-12-17 14:09:04,post
43,poteto,2020-11-23 19:12:02,during
44,rbalicki2,2022-10-07 19:54:00,post
45,rricard,2019-10-06 20:35:04,pre
46,salazarm,2021-09-27 23:02:12,post
47,sammy-SC,2021-05-24 08:58:00,post
48,sktguha,2020-09-30 21:07:25,during
49,sophiebits-humu,2019-03-10 19:52:06,pre
50,sota000,2021-07-16 22:25:27,post
51,submetu,2019-01-30 20:50:34,pre
52,taichiyi,2020-06-01 07:23:23,during
53,taneliang,2020-08-15 09:16:18,during
54,theKashey,2019-06-30 05:30:28,pre
55,threepointone,2019-01-11 14:30:06,pre
56,tyao1,2022-08-13 00:08:58,post
57,wtlin1228,2022-04-05 12:09:56,post
