User,NewGithubUser
Biki-das,True
DenrizSusam,False
IDrissAitHafid,False
Jack-Works,False
Jessidhia,False
JoshuaGross,False
KirankumarAmbati,False
KonstHardy,False
M-Izadmehr,False
MichaelDeBoey,False
NMinhNguyen,False
Vicachu42,True
ZoteTheMighty,False
airjp73,False
akgupta0777,False
alexandrutasica,False
behnammodi,False
behzad888,False
billyjanitsch,False
bowen31337,False
byronluk,False
calebmer,False
cyan33,False
e-hosseini,False
eltociear,False
epicfaace,False
gabrieltrompiz,False
hmohamme,False
hristo-kanchev,False
huozhi,False
inokawa,False
jddxf,False
josepharhar,False
josephsavona,False
kbuyukakyuz,True
linshunghuang,False
lunaruan,False
mofeiZ,False
motiz88,False
nutboltu,False
omarsy,False
onionymous,False
pomber,False
poteto,False
rbalicki2,False
rricard,False
salazarm,False
sammy-SC,False
sktguha,False
sophiebits-humu,False
sota000,False
submetu,False
taichiyi,False
taneliang,False
theKashey,False
threepointone,False
tyao1,False
wtlin1228,False
