,login,start_date,era
0,116050423,2021-12-15 12:06:05,post
1,Amice13,2022-06-18 10:23:22,post
2,Asiotus,2019-11-15 15:20:09,pre
3,Bilge,2021-04-26 21:27:59,during
4,BrianGilbert,2020-04-06 02:02:25,during
5,CaelumNigre,2021-06-04 08:43:51,post
6,CarterLi,2019-03-19 12:16:01,pre
7,ChepteaCatalin,2022-09-02 06:54:27,post
8,ClemMakesApps,2019-01-18 21:20:15,pre
9,Cuiyansong,2022-01-14 09:31:05,post
10,DalpatRathore,2022-03-27 05:27:20,post
11,DenrizSusam,2019-02-04 13:34:25,pre
12,Dingzhaocheng,2021-12-18 03:39:26,post
13,Ende93,2019-01-07 13:57:53,pre
14,FrankChencc,2022-01-19 08:30:55,post
15,Gyyi,2022-01-26 07:15:53,post
16,Hansz00,2020-07-29 12:39:56,during
17,JiriBalcar,2021-03-14 13:26:18,during
18,John60676,2021-08-05 07:10:01,post
19,MYKEU,2020-02-18 13:47:45,pre
20,MainHou,2022-10-08 14:44:46,post
21,Map1en,2021-05-10 08:30:41,post
22,MeetzhDing,2022-04-24 03:48:38,post
23,Nick22nd,2020-07-09 07:56:26,during
24,Rain120,2022-01-19 08:37:44,post
25,SREELAKSHMI-NAYATH,2019-10-23 06:11:45,pre
26,SnailSword,2021-11-01 04:21:45,post
27,TYzzt,2019-10-21 08:24:58,pre
28,WebCodePro719,2019-11-05 16:07:18,pre
29,WindyZ99,2022-03-13 12:12:16,post
30,ZXYT,2022-07-14 08:49:26,post
31,Zaynex,2020-01-11 06:54:59,pre
32,ZeekoZhu,2022-06-26 04:14:09,post
33,ZxdNoob,2019-05-17 08:45:04,pre
34,alex2wong,2019-09-21 14:23:37,pre
35,andrearoota,2021-10-22 01:05:23,post
36,bantic,2019-10-15 18:17:02,pre
37,baxtergu,2021-01-04 04:16:54,during
38,benlongo,2022-04-06 02:21:27,post
39,benmccann,2020-12-28 04:30:30,during
40,breizh24,2022-10-20 23:57:28,post
41,clChenLiang,2020-05-20 08:17:37,during
42,code4fan,2019-11-15 05:29:45,pre
43,congjiujiu,2021-05-25 11:00:14,post
44,deqingli,2019-03-01 06:20:54,pre
45,dileepyelleti,2021-04-23 12:17:28,during
46,dougalg,2021-05-06 03:36:58,post
47,dr-itz,2020-08-07 11:53:41,during
48,earo-Lau,2019-10-14 02:08:46,pre
49,foolzhang,2019-11-04 05:00:42,pre
50,fuchunhui,2021-04-22 04:15:42,during
51,g7i,2021-02-28 05:52:01,during
52,gitforhlp,2022-08-29 07:49:03,post
53,gracelia,2019-11-03 09:08:23,pre
54,howel52,2019-11-26 13:57:36,pre
55,jiawulin001,2022-03-22 06:22:04,post
56,johanvdw,2021-09-28 15:06:16,post
57,junmer,2020-09-29 07:22:20,during
58,kongmoumou,2021-07-28 07:25:18,post
59,kxxoling,2022-06-09 15:37:06,post
60,lefex,2022-01-15 08:44:20,post
61,leosxie,2021-11-01 06:47:56,post
62,linghaoSu,2021-08-06 00:33:34,post
63,liulinboyi,2020-06-08 12:32:05,during
64,liunana1230,2020-07-06 06:03:47,during
65,lzr900515,2020-05-15 12:19:44,during
66,mKainzbauer,2021-05-02 10:27:06,
67,mountainash,2022-10-11 12:59:29,post
68,newraina,2019-12-17 10:10:58,pre
69,plainheart,2020-03-30 04:56:00,during
70,quillblue,2021-02-27 11:48:20,during
71,regrex,2020-06-04 09:04:29,during
72,ryanhex53,2019-10-15 10:25:27,pre
73,siminx,2020-02-12 05:42:20,pre
74,ssthouse,2021-06-07 07:48:44,post
75,stephenLYZ,2021-05-04 10:55:19,post
76,susiwen8,2019-04-04 11:35:20,pre
77,svedova,2021-08-23 10:18:54,post
78,swsoyee,2020-10-21 16:06:16,during
79,szilard-dobai,2021-11-01 19:59:39,post
80,thesiti92,2021-02-11 22:27:14,during
81,twittwer,2021-02-25 14:02:47,during
82,tyn1998,2022-05-23 09:29:45,post
83,vojty,2021-11-22 09:31:23,post
84,wangguisong,2022-04-26 05:30:25,post
85,wenbin-im,2021-01-09 16:50:14,during
86,wf123537200,2020-04-24 01:09:26,during
87,williamorim,2021-09-14 19:09:00,post
88,xmatthias,2020-06-19 05:08:50,during
89,xvaara,2022-02-10 13:05:35,post
90,yanheSu,2019-12-19 12:05:10,pre
91,yassilah,2022-10-01 13:43:11,post
92,yuanjiangxia,2022-03-23 09:09:11,post
93,yufeng04,2019-05-07 12:40:09,pre
94,zhiyuc123,2021-07-16 06:18:32,post
