User,NewGithubUser
116050423,False
Amice13,False
Asiotus,False
Bilge,False
BrianGilbert,False
CaelumNigre,False
CarterLi,False
ChepteaCatalin,True
ClemMakesApps,False
Cuiyansong,False
DalpatRathore,True
DenrizSusam,False
Dingzhaocheng,False
Ende93,False
FrankChencc,False
Gyyi,False
Hansz00,False
JiriBalcar,False
John60676,False
MYKEU,False
MainHou,False
Map1en,False
MeetzhDing,False
Nick22nd,False
Rain120,False
SREELAKSHMI-NAYATH,False
SnailSword,False
TYzzt,False
WebCodePro719,False
WindyZ99,False
ZXYT,False
Zaynex,False
ZeekoZhu,False
ZxdNoob,False
alex2wong,False
andrearoota,False
bantic,False
baxtergu,False
benlongo,False
benmccann,False
breizh24,False
clChenLiang,False
code4fan,False
congjiujiu,False
deqingli,False
dileepyelleti,False
dougalg,False
dr-itz,False
earo-Lau,False
foolzhang,False
fuchunhui,False
g7i,False
gitforhlp,False
gracelia,False
howel52,False
jiawulin001,False
johanvdw,False
junmer,False
kongmoumou,False
kxxoling,False
lefex,False
leosxie,False
linghaoSu,False
liulinboyi,False
liunana1230,False
lzr900515,False
mKainzbauer,False
mountainash,False
newraina,False
plainheart,False
quillblue,False
regrex,False
ryanhex53,False
siminx,False
ssthouse,False
stephenLYZ,False
susiwen8,False
svedova,False
swsoyee,False
szilard-dobai,False
thesiti92,False
twittwer,False
tyn1998,False
vojty,False
wangguisong,False
wenbin-im,False
wf123537200,False
williamorim,False
xmatthias,False
xvaara,False
yanheSu,False
yassilah,False
yuanjiangxia,False
yufeng04,False
zhiyuc123,False
