login,id,node_id,avatar_url,gravatar_id,url,html_url,followers_url,following_url,gists_url,starred_url,subscriptions_url,organizations_url,repos_url,events_url,received_events_url,type,site_admin,contributions
joshelser,67863,MDQ6VXNlcjY3ODYz,https://avatars.githubusercontent.com/u/67863?v=4,,https://api.github.com/users/joshelser,https://github.com/joshelser,https://api.github.com/users/joshelser/followers,https://api.github.com/users/joshelser/following{/other_user},https://api.github.com/users/joshelser/gists{/gist_id},https://api.github.com/users/joshelser/starred{/owner}{/repo},https://api.github.com/users/joshelser/subscriptions,https://api.github.com/users/joshelser/orgs,https://api.github.com/users/joshelser/repos,https://api.github.com/users/joshelser/events{/privacy},https://api.github.com/users/joshelser/received_events,User,False,2340
ctubbsii,1280725,MDQ6VXNlcjEyODA3MjU=,https://avatars.githubusercontent.com/u/1280725?v=4,,https://api.github.com/users/ctubbsii,https://github.com/ctubbsii,https://api.github.com/users/ctubbsii/followers,https://api.github.com/users/ctubbsii/following{/other_user},https://api.github.com/users/ctubbsii/gists{/gist_id},https://api.github.com/users/ctubbsii/starred{/owner}{/repo},https://api.github.com/users/ctubbsii/subscriptions,https://api.github.com/users/ctubbsii/orgs,https://api.github.com/users/ctubbsii/repos,https://api.github.com/users/ctubbsii/events{/privacy},https://api.github.com/users/ctubbsii/received_events,User,False,2043
keith-turner,1268739,MDQ6VXNlcjEyNjg3Mzk=,https://avatars.githubusercontent.com/u/1268739?v=4,,https://api.github.com/users/keith-turner,https://github.com/keith-turner,https://api.github.com/users/keith-turner/followers,https://api.github.com/users/keith-turner/following{/other_user},https://api.github.com/users/keith-turner/gists{/gist_id},https://api.github.com/users/keith-turner/starred{/owner}{/repo},https://api.github.com/users/keith-turner/subscriptions,https://api.github.com/users/keith-turner/orgs,https://api.github.com/users/keith-turner/repos,https://api.github.com/users/keith-turner/events{/privacy},https://api.github.com/users/keith-turner/received_events,User,False,1166
ericnewton,1598294,MDQ6VXNlcjE1OTgyOTQ=,https://avatars.githubusercontent.com/u/1598294?v=4,,https://api.github.com/users/ericnewton,https://github.com/ericnewton,https://api.github.com/users/ericnewton/followers,https://api.github.com/users/ericnewton/following{/other_user},https://api.github.com/users/ericnewton/gists{/gist_id},https://api.github.com/users/ericnewton/starred{/owner}{/repo},https://api.github.com/users/ericnewton/subscriptions,https://api.github.com/users/ericnewton/orgs,https://api.github.com/users/ericnewton/repos,https://api.github.com/users/ericnewton/events{/privacy},https://api.github.com/users/ericnewton/received_events,User,False,1101
milleruntime,11872539,MDQ6VXNlcjExODcyNTM5,https://avatars.githubusercontent.com/u/11872539?v=4,,https://api.github.com/users/milleruntime,https://github.com/milleruntime,https://api.github.com/users/milleruntime/followers,https://api.github.com/users/milleruntime/following{/other_user},https://api.github.com/users/milleruntime/gists{/gist_id},https://api.github.com/users/milleruntime/starred{/owner}{/repo},https://api.github.com/users/milleruntime/subscriptions,https://api.github.com/users/milleruntime/orgs,https://api.github.com/users/milleruntime/repos,https://api.github.com/users/milleruntime/events{/privacy},https://api.github.com/users/milleruntime/received_events,User,False,663
billierinaldi,1810597,MDQ6VXNlcjE4MTA1OTc=,https://avatars.githubusercontent.com/u/1810597?v=4,,https://api.github.com/users/billierinaldi,https://github.com/billierinaldi,https://api.github.com/users/billierinaldi/followers,https://api.github.com/users/billierinaldi/following{/other_user},https://api.github.com/users/billierinaldi/gists{/gist_id},https://api.github.com/users/billierinaldi/starred{/owner}{/repo},https://api.github.com/users/billierinaldi/subscriptions,https://api.github.com/users/billierinaldi/orgs,https://api.github.com/users/billierinaldi/repos,https://api.github.com/users/billierinaldi/events{/privacy},https://api.github.com/users/billierinaldi/received_events,User,False,372
mikewalch,730698,MDQ6VXNlcjczMDY5OA==,https://avatars.githubusercontent.com/u/730698?v=4,,https://api.github.com/users/mikewalch,https://github.com/mikewalch,https://api.github.com/users/mikewalch/followers,https://api.github.com/users/mikewalch/following{/other_user},https://api.github.com/users/mikewalch/gists{/gist_id},https://api.github.com/users/mikewalch/starred{/owner}{/repo},https://api.github.com/users/mikewalch/subscriptions,https://api.github.com/users/mikewalch/orgs,https://api.github.com/users/mikewalch/repos,https://api.github.com/users/mikewalch/events{/privacy},https://api.github.com/users/mikewalch/received_events,User,False,238
dlmarion,567911,MDQ6VXNlcjU2NzkxMQ==,https://avatars.githubusercontent.com/u/567911?v=4,,https://api.github.com/users/dlmarion,https://github.com/dlmarion,https://api.github.com/users/dlmarion/followers,https://api.github.com/users/dlmarion/following{/other_user},https://api.github.com/users/dlmarion/gists{/gist_id},https://api.github.com/users/dlmarion/starred{/owner}{/repo},https://api.github.com/users/dlmarion/subscriptions,https://api.github.com/users/dlmarion/orgs,https://api.github.com/users/dlmarion/repos,https://api.github.com/users/dlmarion/events{/privacy},https://api.github.com/users/dlmarion/received_events,User,False,215
busbey,44891,MDQ6VXNlcjQ0ODkx,https://avatars.githubusercontent.com/u/44891?v=4,,https://api.github.com/users/busbey,https://github.com/busbey,https://api.github.com/users/busbey/followers,https://api.github.com/users/busbey/following{/other_user},https://api.github.com/users/busbey/gists{/gist_id},https://api.github.com/users/busbey/starred{/owner}{/repo},https://api.github.com/users/busbey/subscriptions,https://api.github.com/users/busbey/orgs,https://api.github.com/users/busbey/repos,https://api.github.com/users/busbey/events{/privacy},https://api.github.com/users/busbey/received_events,User,False,152
EdColeman,7047700,MDQ6VXNlcjcwNDc3MDA=,https://avatars.githubusercontent.com/u/7047700?v=4,,https://api.github.com/users/EdColeman,https://github.com/EdColeman,https://api.github.com/users/EdColeman/followers,https://api.github.com/users/EdColeman/following{/other_user},https://api.github.com/users/EdColeman/gists{/gist_id},https://api.github.com/users/EdColeman/starred{/owner}{/repo},https://api.github.com/users/EdColeman/subscriptions,https://api.github.com/users/EdColeman/orgs,https://api.github.com/users/EdColeman/repos,https://api.github.com/users/EdColeman/events{/privacy},https://api.github.com/users/EdColeman/received_events,User,False,124
jmark99,31573345,MDQ6VXNlcjMxNTczMzQ1,https://avatars.githubusercontent.com/u/31573345?v=4,,https://api.github.com/users/jmark99,https://github.com/jmark99,https://api.github.com/users/jmark99/followers,https://api.github.com/users/jmark99/following{/other_user},https://api.github.com/users/jmark99/gists{/gist_id},https://api.github.com/users/jmark99/starred{/owner}{/repo},https://api.github.com/users/jmark99/subscriptions,https://api.github.com/users/jmark99/orgs,https://api.github.com/users/jmark99/repos,https://api.github.com/users/jmark99/events{/privacy},https://api.github.com/users/jmark99/received_events,User,False,82
DomGarguilo,47725857,MDQ6VXNlcjQ3NzI1ODU3,https://avatars.githubusercontent.com/u/47725857?v=4,,https://api.github.com/users/DomGarguilo,https://github.com/DomGarguilo,https://api.github.com/users/DomGarguilo/followers,https://api.github.com/users/DomGarguilo/following{/other_user},https://api.github.com/users/DomGarguilo/gists{/gist_id},https://api.github.com/users/DomGarguilo/starred{/owner}{/repo},https://api.github.com/users/DomGarguilo/subscriptions,https://api.github.com/users/DomGarguilo/orgs,https://api.github.com/users/DomGarguilo/repos,https://api.github.com/users/DomGarguilo/events{/privacy},https://api.github.com/users/DomGarguilo/received_events,User,False,76
ivakegg,347158,MDQ6VXNlcjM0NzE1OA==,https://avatars.githubusercontent.com/u/347158?v=4,,https://api.github.com/users/ivakegg,https://github.com/ivakegg,https://api.github.com/users/ivakegg/followers,https://api.github.com/users/ivakegg/following{/other_user},https://api.github.com/users/ivakegg/gists{/gist_id},https://api.github.com/users/ivakegg/starred{/owner}{/repo},https://api.github.com/users/ivakegg/subscriptions,https://api.github.com/users/ivakegg/orgs,https://api.github.com/users/ivakegg/repos,https://api.github.com/users/ivakegg/events{/privacy},https://api.github.com/users/ivakegg/received_events,User,False,57
cjnolet,1242464,MDQ6VXNlcjEyNDI0NjQ=,https://avatars.githubusercontent.com/u/1242464?v=4,,https://api.github.com/users/cjnolet,https://github.com/cjnolet,https://api.github.com/users/cjnolet/followers,https://api.github.com/users/cjnolet/following{/other_user},https://api.github.com/users/cjnolet/gists{/gist_id},https://api.github.com/users/cjnolet/starred{/owner}{/repo},https://api.github.com/users/cjnolet/subscriptions,https://api.github.com/users/cjnolet/orgs,https://api.github.com/users/cjnolet/repos,https://api.github.com/users/cjnolet/events{/privacy},https://api.github.com/users/cjnolet/received_events,User,False,52
ohshazbot,123058,MDQ6VXNlcjEyMzA1OA==,https://avatars.githubusercontent.com/u/123058?v=4,,https://api.github.com/users/ohshazbot,https://github.com/ohshazbot,https://api.github.com/users/ohshazbot/followers,https://api.github.com/users/ohshazbot/following{/other_user},https://api.github.com/users/ohshazbot/gists{/gist_id},https://api.github.com/users/ohshazbot/starred{/owner}{/repo},https://api.github.com/users/ohshazbot/subscriptions,https://api.github.com/users/ohshazbot/orgs,https://api.github.com/users/ohshazbot/repos,https://api.github.com/users/ohshazbot/events{/privacy},https://api.github.com/users/ohshazbot/received_events,User,False,43
Manno15,29436247,MDQ6VXNlcjI5NDM2MjQ3,https://avatars.githubusercontent.com/u/29436247?v=4,,https://api.github.com/users/Manno15,https://github.com/Manno15,https://api.github.com/users/Manno15/followers,https://api.github.com/users/Manno15/following{/other_user},https://api.github.com/users/Manno15/gists{/gist_id},https://api.github.com/users/Manno15/starred{/owner}{/repo},https://api.github.com/users/Manno15/subscriptions,https://api.github.com/users/Manno15/orgs,https://api.github.com/users/Manno15/repos,https://api.github.com/users/Manno15/events{/privacy},https://api.github.com/users/Manno15/received_events,User,False,42
Wisellama,1448095,MDQ6VXNlcjE0NDgwOTU=,https://avatars.githubusercontent.com/u/1448095?v=4,,https://api.github.com/users/Wisellama,https://github.com/Wisellama,https://api.github.com/users/Wisellama/followers,https://api.github.com/users/Wisellama/following{/other_user},https://api.github.com/users/Wisellama/gists{/gist_id},https://api.github.com/users/Wisellama/starred{/owner}{/repo},https://api.github.com/users/Wisellama/subscriptions,https://api.github.com/users/Wisellama/orgs,https://api.github.com/users/Wisellama/repos,https://api.github.com/users/Wisellama/events{/privacy},https://api.github.com/users/Wisellama/received_events,User,False,42
mjwall,2342,MDQ6VXNlcjIzNDI=,https://avatars.githubusercontent.com/u/2342?v=4,,https://api.github.com/users/mjwall,https://github.com/mjwall,https://api.github.com/users/mjwall/followers,https://api.github.com/users/mjwall/following{/other_user},https://api.github.com/users/mjwall/gists{/gist_id},https://api.github.com/users/mjwall/starred{/owner}{/repo},https://api.github.com/users/mjwall/subscriptions,https://api.github.com/users/mjwall/orgs,https://api.github.com/users/mjwall/repos,https://api.github.com/users/mjwall/events{/privacy},https://api.github.com/users/mjwall/received_events,User,False,41
madrob,1592330,MDQ6VXNlcjE1OTIzMzA=,https://avatars.githubusercontent.com/u/1592330?v=4,,https://api.github.com/users/madrob,https://github.com/madrob,https://api.github.com/users/madrob/followers,https://api.github.com/users/madrob/following{/other_user},https://api.github.com/users/madrob/gists{/gist_id},https://api.github.com/users/madrob/starred{/owner}{/repo},https://api.github.com/users/madrob/subscriptions,https://api.github.com/users/madrob/orgs,https://api.github.com/users/madrob/repos,https://api.github.com/users/madrob/events{/privacy},https://api.github.com/users/madrob/received_events,User,False,30
cshannon,123009,MDQ6VXNlcjEyMzAwOQ==,https://avatars.githubusercontent.com/u/123009?v=4,,https://api.github.com/users/cshannon,https://github.com/cshannon,https://api.github.com/users/cshannon/followers,https://api.github.com/users/cshannon/following{/other_user},https://api.github.com/users/cshannon/gists{/gist_id},https://api.github.com/users/cshannon/starred{/owner}{/repo},https://api.github.com/users/cshannon/subscriptions,https://api.github.com/users/cshannon/orgs,https://api.github.com/users/cshannon/repos,https://api.github.com/users/cshannon/events{/privacy},https://api.github.com/users/cshannon/received_events,User,False,29
drewfarris,110922,MDQ6VXNlcjExMDkyMg==,https://avatars.githubusercontent.com/u/110922?v=4,,https://api.github.com/users/drewfarris,https://github.com/drewfarris,https://api.github.com/users/drewfarris/followers,https://api.github.com/users/drewfarris/following{/other_user},https://api.github.com/users/drewfarris/gists{/gist_id},https://api.github.com/users/drewfarris/starred{/owner}{/repo},https://api.github.com/users/drewfarris/subscriptions,https://api.github.com/users/drewfarris/orgs,https://api.github.com/users/drewfarris/repos,https://api.github.com/users/drewfarris/events{/privacy},https://api.github.com/users/drewfarris/received_events,User,False,19
dhutchis,1687158,MDQ6VXNlcjE2ODcxNTg=,https://avatars.githubusercontent.com/u/1687158?v=4,,https://api.github.com/users/dhutchis,https://github.com/dhutchis,https://api.github.com/users/dhutchis/followers,https://api.github.com/users/dhutchis/following{/other_user},https://api.github.com/users/dhutchis/gists{/gist_id},https://api.github.com/users/dhutchis/starred{/owner}{/repo},https://api.github.com/users/dhutchis/subscriptions,https://api.github.com/users/dhutchis/orgs,https://api.github.com/users/dhutchis/repos,https://api.github.com/users/dhutchis/events{/privacy},https://api.github.com/users/dhutchis/received_events,User,False,18
hkeebler,49656678,MDQ6VXNlcjQ5NjU2Njc4,https://avatars.githubusercontent.com/u/49656678?v=4,,https://api.github.com/users/hkeebler,https://github.com/hkeebler,https://api.github.com/users/hkeebler/followers,https://api.github.com/users/hkeebler/following{/other_user},https://api.github.com/users/hkeebler/gists{/gist_id},https://api.github.com/users/hkeebler/starred{/owner}{/repo},https://api.github.com/users/hkeebler/subscriptions,https://api.github.com/users/hkeebler/orgs,https://api.github.com/users/hkeebler/repos,https://api.github.com/users/hkeebler/events{/privacy},https://api.github.com/users/hkeebler/received_events,User,False,17
lstav,5274788,MDQ6VXNlcjUyNzQ3ODg=,https://avatars.githubusercontent.com/u/5274788?v=4,,https://api.github.com/users/lstav,https://github.com/lstav,https://api.github.com/users/lstav/followers,https://api.github.com/users/lstav/following{/other_user},https://api.github.com/users/lstav/gists{/gist_id},https://api.github.com/users/lstav/starred{/owner}{/repo},https://api.github.com/users/lstav/subscriptions,https://api.github.com/users/lstav/orgs,https://api.github.com/users/lstav/repos,https://api.github.com/users/lstav/events{/privacy},https://api.github.com/users/lstav/received_events,User,False,16
brianloss,5400335,MDQ6VXNlcjU0MDAzMzU=,https://avatars.githubusercontent.com/u/5400335?v=4,,https://api.github.com/users/brianloss,https://github.com/brianloss,https://api.github.com/users/brianloss/followers,https://api.github.com/users/brianloss/following{/other_user},https://api.github.com/users/brianloss/gists{/gist_id},https://api.github.com/users/brianloss/starred{/owner}{/repo},https://api.github.com/users/brianloss/subscriptions,https://api.github.com/users/brianloss/orgs,https://api.github.com/users/brianloss/repos,https://api.github.com/users/brianloss/events{/privacy},https://api.github.com/users/brianloss/received_events,User,False,15
adamjshook,1372828,MDQ6VXNlcjEzNzI4Mjg=,https://avatars.githubusercontent.com/u/1372828?v=4,,https://api.github.com/users/adamjshook,https://github.com/adamjshook,https://api.github.com/users/adamjshook/followers,https://api.github.com/users/adamjshook/following{/other_user},https://api.github.com/users/adamjshook/gists{/gist_id},https://api.github.com/users/adamjshook/starred{/owner}{/repo},https://api.github.com/users/adamjshook/subscriptions,https://api.github.com/users/adamjshook/orgs,https://api.github.com/users/adamjshook/repos,https://api.github.com/users/adamjshook/events{/privacy},https://api.github.com/users/adamjshook/received_events,User,False,14
bimargulies,282578,MDQ6VXNlcjI4MjU3OA==,https://avatars.githubusercontent.com/u/282578?v=4,,https://api.github.com/users/bimargulies,https://github.com/bimargulies,https://api.github.com/users/bimargulies/followers,https://api.github.com/users/bimargulies/following{/other_user},https://api.github.com/users/bimargulies/gists{/gist_id},https://api.github.com/users/bimargulies/starred{/owner}{/repo},https://api.github.com/users/bimargulies/subscriptions,https://api.github.com/users/bimargulies/orgs,https://api.github.com/users/bimargulies/repos,https://api.github.com/users/bimargulies/events{/privacy},https://api.github.com/users/bimargulies/received_events,User,False,13
alerman,119506,MDQ6VXNlcjExOTUwNg==,https://avatars.githubusercontent.com/u/119506?v=4,,https://api.github.com/users/alerman,https://github.com/alerman,https://api.github.com/users/alerman/followers,https://api.github.com/users/alerman/following{/other_user},https://api.github.com/users/alerman/gists{/gist_id},https://api.github.com/users/alerman/starred{/owner}{/repo},https://api.github.com/users/alerman/subscriptions,https://api.github.com/users/alerman/orgs,https://api.github.com/users/alerman/repos,https://api.github.com/users/alerman/events{/privacy},https://api.github.com/users/alerman/received_events,User,False,12
PircDef,31989480,MDQ6VXNlcjMxOTg5NDgw,https://avatars.githubusercontent.com/u/31989480?v=4,,https://api.github.com/users/PircDef,https://github.com/PircDef,https://api.github.com/users/PircDef/followers,https://api.github.com/users/PircDef/following{/other_user},https://api.github.com/users/PircDef/gists{/gist_id},https://api.github.com/users/PircDef/starred{/owner}{/repo},https://api.github.com/users/PircDef/subscriptions,https://api.github.com/users/PircDef/orgs,https://api.github.com/users/PircDef/repos,https://api.github.com/users/PircDef/events{/privacy},https://api.github.com/users/PircDef/received_events,User,False,11
jzgithub1,5930146,MDQ6VXNlcjU5MzAxNDY=,https://avatars.githubusercontent.com/u/5930146?v=4,,https://api.github.com/users/jzgithub1,https://github.com/jzgithub1,https://api.github.com/users/jzgithub1/followers,https://api.github.com/users/jzgithub1/following{/other_user},https://api.github.com/users/jzgithub1/gists{/gist_id},https://api.github.com/users/jzgithub1/starred{/owner}{/repo},https://api.github.com/users/jzgithub1/subscriptions,https://api.github.com/users/jzgithub1/orgs,https://api.github.com/users/jzgithub1/repos,https://api.github.com/users/jzgithub1/events{/privacy},https://api.github.com/users/jzgithub1/received_events,User,False,10
cjmctague,20524292,MDQ6VXNlcjIwNTI0Mjky,https://avatars.githubusercontent.com/u/20524292?v=4,,https://api.github.com/users/cjmctague,https://github.com/cjmctague,https://api.github.com/users/cjmctague/followers,https://api.github.com/users/cjmctague/following{/other_user},https://api.github.com/users/cjmctague/gists{/gist_id},https://api.github.com/users/cjmctague/starred{/owner}{/repo},https://api.github.com/users/cjmctague/subscriptions,https://api.github.com/users/cjmctague/orgs,https://api.github.com/users/cjmctague/repos,https://api.github.com/users/cjmctague/events{/privacy},https://api.github.com/users/cjmctague/received_events,User,False,9
foster33,84727868,MDQ6VXNlcjg0NzI3ODY4,https://avatars.githubusercontent.com/u/84727868?v=4,,https://api.github.com/users/foster33,https://github.com/foster33,https://api.github.com/users/foster33/followers,https://api.github.com/users/foster33/following{/other_user},https://api.github.com/users/foster33/gists{/gist_id},https://api.github.com/users/foster33/starred{/owner}{/repo},https://api.github.com/users/foster33/subscriptions,https://api.github.com/users/foster33/orgs,https://api.github.com/users/foster33/repos,https://api.github.com/users/foster33/events{/privacy},https://api.github.com/users/foster33/received_events,User,False,9
MikeAllenSqrrl,3296941,MDQ6VXNlcjMyOTY5NDE=,https://avatars.githubusercontent.com/u/3296941?v=4,,https://api.github.com/users/MikeAllenSqrrl,https://github.com/MikeAllenSqrrl,https://api.github.com/users/MikeAllenSqrrl/followers,https://api.github.com/users/MikeAllenSqrrl/following{/other_user},https://api.github.com/users/MikeAllenSqrrl/gists{/gist_id},https://api.github.com/users/MikeAllenSqrrl/starred{/owner}{/repo},https://api.github.com/users/MikeAllenSqrrl/subscriptions,https://api.github.com/users/MikeAllenSqrrl/orgs,https://api.github.com/users/MikeAllenSqrrl/repos,https://api.github.com/users/MikeAllenSqrrl/events{/privacy},https://api.github.com/users/MikeAllenSqrrl/received_events,User,False,9
AlbertWhitlock,40367659,MDQ6VXNlcjQwMzY3NjU5,https://avatars.githubusercontent.com/u/40367659?v=4,,https://api.github.com/users/AlbertWhitlock,https://github.com/AlbertWhitlock,https://api.github.com/users/AlbertWhitlock/followers,https://api.github.com/users/AlbertWhitlock/following{/other_user},https://api.github.com/users/AlbertWhitlock/gists{/gist_id},https://api.github.com/users/AlbertWhitlock/starred{/owner}{/repo},https://api.github.com/users/AlbertWhitlock/subscriptions,https://api.github.com/users/AlbertWhitlock/orgs,https://api.github.com/users/AlbertWhitlock/repos,https://api.github.com/users/AlbertWhitlock/events{/privacy},https://api.github.com/users/AlbertWhitlock/received_events,User,False,8
billoley,5595587,MDQ6VXNlcjU1OTU1ODc=,https://avatars.githubusercontent.com/u/5595587?v=4,,https://api.github.com/users/billoley,https://github.com/billoley,https://api.github.com/users/billoley/followers,https://api.github.com/users/billoley/following{/other_user},https://api.github.com/users/billoley/gists{/gist_id},https://api.github.com/users/billoley/starred{/owner}{/repo},https://api.github.com/users/billoley/subscriptions,https://api.github.com/users/billoley/orgs,https://api.github.com/users/billoley/repos,https://api.github.com/users/billoley/events{/privacy},https://api.github.com/users/billoley/received_events,User,False,8
hustjl22,8439441,MDQ6VXNlcjg0Mzk0NDE=,https://avatars.githubusercontent.com/u/8439441?v=4,,https://api.github.com/users/hustjl22,https://github.com/hustjl22,https://api.github.com/users/hustjl22/followers,https://api.github.com/users/hustjl22/following{/other_user},https://api.github.com/users/hustjl22/gists{/gist_id},https://api.github.com/users/hustjl22/starred{/owner}{/repo},https://api.github.com/users/hustjl22/subscriptions,https://api.github.com/users/hustjl22/orgs,https://api.github.com/users/hustjl22/repos,https://api.github.com/users/hustjl22/events{/privacy},https://api.github.com/users/hustjl22/received_events,User,False,8
michaelaberman,3767348,MDQ6VXNlcjM3NjczNDg=,https://avatars.githubusercontent.com/u/3767348?v=4,,https://api.github.com/users/michaelaberman,https://github.com/michaelaberman,https://api.github.com/users/michaelaberman/followers,https://api.github.com/users/michaelaberman/following{/other_user},https://api.github.com/users/michaelaberman/gists{/gist_id},https://api.github.com/users/michaelaberman/starred{/owner}{/repo},https://api.github.com/users/michaelaberman/subscriptions,https://api.github.com/users/michaelaberman/orgs,https://api.github.com/users/michaelaberman/repos,https://api.github.com/users/michaelaberman/events{/privacy},https://api.github.com/users/michaelaberman/received_events,User,False,8
phrocker,1781585,MDQ6VXNlcjE3ODE1ODU=,https://avatars.githubusercontent.com/u/1781585?v=4,,https://api.github.com/users/phrocker,https://github.com/phrocker,https://api.github.com/users/phrocker/followers,https://api.github.com/users/phrocker/following{/other_user},https://api.github.com/users/phrocker/gists{/gist_id},https://api.github.com/users/phrocker/starred{/owner}{/repo},https://api.github.com/users/phrocker/subscriptions,https://api.github.com/users/phrocker/orgs,https://api.github.com/users/phrocker/repos,https://api.github.com/users/phrocker/events{/privacy},https://api.github.com/users/phrocker/received_events,User,False,8
karthick-rn,7976585,MDQ6VXNlcjc5NzY1ODU=,https://avatars.githubusercontent.com/u/7976585?v=4,,https://api.github.com/users/karthick-rn,https://github.com/karthick-rn,https://api.github.com/users/karthick-rn/followers,https://api.github.com/users/karthick-rn/following{/other_user},https://api.github.com/users/karthick-rn/gists{/gist_id},https://api.github.com/users/karthick-rn/starred{/owner}{/repo},https://api.github.com/users/karthick-rn/subscriptions,https://api.github.com/users/karthick-rn/orgs,https://api.github.com/users/karthick-rn/repos,https://api.github.com/users/karthick-rn/events{/privacy},https://api.github.com/users/karthick-rn/received_events,User,False,7
dependabot[bot],49699333,MDM6Qm90NDk2OTkzMzM=,https://avatars.githubusercontent.com/in/29110?v=4,,https://api.github.com/users/dependabot%5Bbot%5D,https://github.com/apps/dependabot,https://api.github.com/users/dependabot%5Bbot%5D/followers,https://api.github.com/users/dependabot%5Bbot%5D/following{/other_user},https://api.github.com/users/dependabot%5Bbot%5D/gists{/gist_id},https://api.github.com/users/dependabot%5Bbot%5D/starred{/owner}{/repo},https://api.github.com/users/dependabot%5Bbot%5D/subscriptions,https://api.github.com/users/dependabot%5Bbot%5D/orgs,https://api.github.com/users/dependabot%5Bbot%5D/repos,https://api.github.com/users/dependabot%5Bbot%5D/events{/privacy},https://api.github.com/users/dependabot%5Bbot%5D/received_events,Bot,False,7
etseidl,25541553,MDQ6VXNlcjI1NTQxNTUz,https://avatars.githubusercontent.com/u/25541553?v=4,,https://api.github.com/users/etseidl,https://github.com/etseidl,https://api.github.com/users/etseidl/followers,https://api.github.com/users/etseidl/following{/other_user},https://api.github.com/users/etseidl/gists{/gist_id},https://api.github.com/users/etseidl/starred{/owner}{/repo},https://api.github.com/users/etseidl/subscriptions,https://api.github.com/users/etseidl/orgs,https://api.github.com/users/etseidl/repos,https://api.github.com/users/etseidl/events{/privacy},https://api.github.com/users/etseidl/received_events,User,False,6
slackwinner,50567198,MDQ6VXNlcjUwNTY3MTk4,https://avatars.githubusercontent.com/u/50567198?v=4,,https://api.github.com/users/slackwinner,https://github.com/slackwinner,https://api.github.com/users/slackwinner/followers,https://api.github.com/users/slackwinner/following{/other_user},https://api.github.com/users/slackwinner/gists{/gist_id},https://api.github.com/users/slackwinner/starred{/owner}{/repo},https://api.github.com/users/slackwinner/subscriptions,https://api.github.com/users/slackwinner/orgs,https://api.github.com/users/slackwinner/repos,https://api.github.com/users/slackwinner/events{/privacy},https://api.github.com/users/slackwinner/received_events,User,False,6
arvindshmicrosoft,16342666,MDQ6VXNlcjE2MzQyNjY2,https://avatars.githubusercontent.com/u/16342666?v=4,,https://api.github.com/users/arvindshmicrosoft,https://github.com/arvindshmicrosoft,https://api.github.com/users/arvindshmicrosoft/followers,https://api.github.com/users/arvindshmicrosoft/following{/other_user},https://api.github.com/users/arvindshmicrosoft/gists{/gist_id},https://api.github.com/users/arvindshmicrosoft/starred{/owner}{/repo},https://api.github.com/users/arvindshmicrosoft/subscriptions,https://api.github.com/users/arvindshmicrosoft/orgs,https://api.github.com/users/arvindshmicrosoft/repos,https://api.github.com/users/arvindshmicrosoft/events{/privacy},https://api.github.com/users/arvindshmicrosoft/received_events,User,False,6
jmhsieh,248541,MDQ6VXNlcjI0ODU0MQ==,https://avatars.githubusercontent.com/u/248541?v=4,,https://api.github.com/users/jmhsieh,https://github.com/jmhsieh,https://api.github.com/users/jmhsieh/followers,https://api.github.com/users/jmhsieh/following{/other_user},https://api.github.com/users/jmhsieh/gists{/gist_id},https://api.github.com/users/jmhsieh/starred{/owner}{/repo},https://api.github.com/users/jmhsieh/subscriptions,https://api.github.com/users/jmhsieh/orgs,https://api.github.com/users/jmhsieh/repos,https://api.github.com/users/jmhsieh/events{/privacy},https://api.github.com/users/jmhsieh/received_events,User,False,6
cradal,20303105,MDQ6VXNlcjIwMzAzMTA1,https://avatars.githubusercontent.com/u/20303105?v=4,,https://api.github.com/users/cradal,https://github.com/cradal,https://api.github.com/users/cradal/followers,https://api.github.com/users/cradal/following{/other_user},https://api.github.com/users/cradal/gists{/gist_id},https://api.github.com/users/cradal/starred{/owner}{/repo},https://api.github.com/users/cradal/subscriptions,https://api.github.com/users/cradal/orgs,https://api.github.com/users/cradal/repos,https://api.github.com/users/cradal/events{/privacy},https://api.github.com/users/cradal/received_events,User,False,6
lbschanno,52420215,MDQ6VXNlcjUyNDIwMjE1,https://avatars.githubusercontent.com/u/52420215?v=4,,https://api.github.com/users/lbschanno,https://github.com/lbschanno,https://api.github.com/users/lbschanno/followers,https://api.github.com/users/lbschanno/following{/other_user},https://api.github.com/users/lbschanno/gists{/gist_id},https://api.github.com/users/lbschanno/starred{/owner}{/repo},https://api.github.com/users/lbschanno/subscriptions,https://api.github.com/users/lbschanno/orgs,https://api.github.com/users/lbschanno/repos,https://api.github.com/users/lbschanno/events{/privacy},https://api.github.com/users/lbschanno/received_events,User,False,5
belugabehr,12578579,MDQ6VXNlcjEyNTc4NTc5,https://avatars.githubusercontent.com/u/12578579?v=4,,https://api.github.com/users/belugabehr,https://github.com/belugabehr,https://api.github.com/users/belugabehr/followers,https://api.github.com/users/belugabehr/following{/other_user},https://api.github.com/users/belugabehr/gists{/gist_id},https://api.github.com/users/belugabehr/starred{/owner}{/repo},https://api.github.com/users/belugabehr/subscriptions,https://api.github.com/users/belugabehr/orgs,https://api.github.com/users/belugabehr/repos,https://api.github.com/users/belugabehr/events{/privacy},https://api.github.com/users/belugabehr/received_events,User,False,5
jkrdev,15164322,MDQ6VXNlcjE1MTY0MzIy,https://avatars.githubusercontent.com/u/15164322?v=4,,https://api.github.com/users/jkrdev,https://github.com/jkrdev,https://api.github.com/users/jkrdev/followers,https://api.github.com/users/jkrdev/following{/other_user},https://api.github.com/users/jkrdev/gists{/gist_id},https://api.github.com/users/jkrdev/starred{/owner}{/repo},https://api.github.com/users/jkrdev/subscriptions,https://api.github.com/users/jkrdev/orgs,https://api.github.com/users/jkrdev/repos,https://api.github.com/users/jkrdev/events{/privacy},https://api.github.com/users/jkrdev/received_events,User,False,5
BukrosSzabolcs,45901354,MDQ6VXNlcjQ1OTAxMzU0,https://avatars.githubusercontent.com/u/45901354?v=4,,https://api.github.com/users/BukrosSzabolcs,https://github.com/BukrosSzabolcs,https://api.github.com/users/BukrosSzabolcs/followers,https://api.github.com/users/BukrosSzabolcs/following{/other_user},https://api.github.com/users/BukrosSzabolcs/gists{/gist_id},https://api.github.com/users/BukrosSzabolcs/starred{/owner}{/repo},https://api.github.com/users/BukrosSzabolcs/subscriptions,https://api.github.com/users/BukrosSzabolcs/orgs,https://api.github.com/users/BukrosSzabolcs/repos,https://api.github.com/users/BukrosSzabolcs/events{/privacy},https://api.github.com/users/BukrosSzabolcs/received_events,User,False,5
tchaie,71804562,MDQ6VXNlcjcxODA0NTYy,https://avatars.githubusercontent.com/u/71804562?v=4,,https://api.github.com/users/tchaie,https://github.com/tchaie,https://api.github.com/users/tchaie/followers,https://api.github.com/users/tchaie/following{/other_user},https://api.github.com/users/tchaie/gists{/gist_id},https://api.github.com/users/tchaie/starred{/owner}{/repo},https://api.github.com/users/tchaie/subscriptions,https://api.github.com/users/tchaie/orgs,https://api.github.com/users/tchaie/repos,https://api.github.com/users/tchaie/events{/privacy},https://api.github.com/users/tchaie/received_events,User,False,4
ShawnWalker,10088796,MDQ6VXNlcjEwMDg4Nzk2,https://avatars.githubusercontent.com/u/10088796?v=4,,https://api.github.com/users/ShawnWalker,https://github.com/ShawnWalker,https://api.github.com/users/ShawnWalker/followers,https://api.github.com/users/ShawnWalker/following{/other_user},https://api.github.com/users/ShawnWalker/gists{/gist_id},https://api.github.com/users/ShawnWalker/starred{/owner}{/repo},https://api.github.com/users/ShawnWalker/subscriptions,https://api.github.com/users/ShawnWalker/orgs,https://api.github.com/users/ShawnWalker/repos,https://api.github.com/users/ShawnWalker/events{/privacy},https://api.github.com/users/ShawnWalker/received_events,User,False,4
cleroux,1497949,MDQ6VXNlcjE0OTc5NDk=,https://avatars.githubusercontent.com/u/1497949?v=4,,https://api.github.com/users/cleroux,https://github.com/cleroux,https://api.github.com/users/cleroux/followers,https://api.github.com/users/cleroux/following{/other_user},https://api.github.com/users/cleroux/gists{/gist_id},https://api.github.com/users/cleroux/starred{/owner}{/repo},https://api.github.com/users/cleroux/subscriptions,https://api.github.com/users/cleroux/orgs,https://api.github.com/users/cleroux/repos,https://api.github.com/users/cleroux/events{/privacy},https://api.github.com/users/cleroux/received_events,User,False,4
FineAndDandy,7751180,MDQ6VXNlcjc3NTExODA=,https://avatars.githubusercontent.com/u/7751180?v=4,,https://api.github.com/users/FineAndDandy,https://github.com/FineAndDandy,https://api.github.com/users/FineAndDandy/followers,https://api.github.com/users/FineAndDandy/following{/other_user},https://api.github.com/users/FineAndDandy/gists{/gist_id},https://api.github.com/users/FineAndDandy/starred{/owner}{/repo},https://api.github.com/users/FineAndDandy/subscriptions,https://api.github.com/users/FineAndDandy/orgs,https://api.github.com/users/FineAndDandy/repos,https://api.github.com/users/FineAndDandy/events{/privacy},https://api.github.com/users/FineAndDandy/received_events,User,False,4
krinkere,1323717,MDQ6VXNlcjEzMjM3MTc=,https://avatars.githubusercontent.com/u/1323717?v=4,,https://api.github.com/users/krinkere,https://github.com/krinkere,https://api.github.com/users/krinkere/followers,https://api.github.com/users/krinkere/following{/other_user},https://api.github.com/users/krinkere/gists{/gist_id},https://api.github.com/users/krinkere/starred{/owner}{/repo},https://api.github.com/users/krinkere/subscriptions,https://api.github.com/users/krinkere/orgs,https://api.github.com/users/krinkere/repos,https://api.github.com/users/krinkere/events{/privacy},https://api.github.com/users/krinkere/received_events,User,False,4
proto17,4240543,MDQ6VXNlcjQyNDA1NDM=,https://avatars.githubusercontent.com/u/4240543?v=4,,https://api.github.com/users/proto17,https://github.com/proto17,https://api.github.com/users/proto17/followers,https://api.github.com/users/proto17/following{/other_user},https://api.github.com/users/proto17/gists{/gist_id},https://api.github.com/users/proto17/starred{/owner}{/repo},https://api.github.com/users/proto17/subscriptions,https://api.github.com/users/proto17/orgs,https://api.github.com/users/proto17/repos,https://api.github.com/users/proto17/events{/privacy},https://api.github.com/users/proto17/received_events,User,False,3
dimaspivak,6088908,MDQ6VXNlcjYwODg5MDg=,https://avatars.githubusercontent.com/u/6088908?v=4,,https://api.github.com/users/dimaspivak,https://github.com/dimaspivak,https://api.github.com/users/dimaspivak/followers,https://api.github.com/users/dimaspivak/following{/other_user},https://api.github.com/users/dimaspivak/gists{/gist_id},https://api.github.com/users/dimaspivak/starred{/owner}{/repo},https://api.github.com/users/dimaspivak/subscriptions,https://api.github.com/users/dimaspivak/orgs,https://api.github.com/users/dimaspivak/repos,https://api.github.com/users/dimaspivak/events{/privacy},https://api.github.com/users/dimaspivak/received_events,User,False,3
DonResnik,17557754,MDQ6VXNlcjE3NTU3NzU0,https://avatars.githubusercontent.com/u/17557754?v=4,,https://api.github.com/users/DonResnik,https://github.com/DonResnik,https://api.github.com/users/DonResnik/followers,https://api.github.com/users/DonResnik/following{/other_user},https://api.github.com/users/DonResnik/gists{/gist_id},https://api.github.com/users/DonResnik/starred{/owner}{/repo},https://api.github.com/users/DonResnik/subscriptions,https://api.github.com/users/DonResnik/orgs,https://api.github.com/users/DonResnik/repos,https://api.github.com/users/DonResnik/events{/privacy},https://api.github.com/users/DonResnik/received_events,User,False,3
jkosh44,10800303,MDQ6VXNlcjEwODAwMzAz,https://avatars.githubusercontent.com/u/10800303?v=4,,https://api.github.com/users/jkosh44,https://github.com/jkosh44,https://api.github.com/users/jkosh44/followers,https://api.github.com/users/jkosh44/following{/other_user},https://api.github.com/users/jkosh44/gists{/gist_id},https://api.github.com/users/jkosh44/starred{/owner}{/repo},https://api.github.com/users/jkosh44/subscriptions,https://api.github.com/users/jkosh44/orgs,https://api.github.com/users/jkosh44/repos,https://api.github.com/users/jkosh44/events{/privacy},https://api.github.com/users/jkosh44/received_events,User,False,3
KikiManjaro,59285425,MDQ6VXNlcjU5Mjg1NDI1,https://avatars.githubusercontent.com/u/59285425?v=4,,https://api.github.com/users/KikiManjaro,https://github.com/KikiManjaro,https://api.github.com/users/KikiManjaro/followers,https://api.github.com/users/KikiManjaro/following{/other_user},https://api.github.com/users/KikiManjaro/gists{/gist_id},https://api.github.com/users/KikiManjaro/starred{/owner}{/repo},https://api.github.com/users/KikiManjaro/subscriptions,https://api.github.com/users/KikiManjaro/orgs,https://api.github.com/users/KikiManjaro/repos,https://api.github.com/users/KikiManjaro/events{/privacy},https://api.github.com/users/KikiManjaro/received_events,User,False,3
melrief,1481478,MDQ6VXNlcjE0ODE0Nzg=,https://avatars.githubusercontent.com/u/1481478?v=4,,https://api.github.com/users/melrief,https://github.com/melrief,https://api.github.com/users/melrief/followers,https://api.github.com/users/melrief/following{/other_user},https://api.github.com/users/melrief/gists{/gist_id},https://api.github.com/users/melrief/starred{/owner}{/repo},https://api.github.com/users/melrief/subscriptions,https://api.github.com/users/melrief/orgs,https://api.github.com/users/melrief/repos,https://api.github.com/users/melrief/events{/privacy},https://api.github.com/users/melrief/received_events,User,False,3
reggert,1971881,MDQ6VXNlcjE5NzE4ODE=,https://avatars.githubusercontent.com/u/1971881?v=4,,https://api.github.com/users/reggert,https://github.com/reggert,https://api.github.com/users/reggert/followers,https://api.github.com/users/reggert/following{/other_user},https://api.github.com/users/reggert/gists{/gist_id},https://api.github.com/users/reggert/starred{/owner}{/repo},https://api.github.com/users/reggert/subscriptions,https://api.github.com/users/reggert/orgs,https://api.github.com/users/reggert/repos,https://api.github.com/users/reggert/events{/privacy},https://api.github.com/users/reggert/received_events,User,False,3
rweeks,191853,MDQ6VXNlcjE5MTg1Mw==,https://avatars.githubusercontent.com/u/191853?v=4,,https://api.github.com/users/rweeks,https://github.com/rweeks,https://api.github.com/users/rweeks/followers,https://api.github.com/users/rweeks/following{/other_user},https://api.github.com/users/rweeks/gists{/gist_id},https://api.github.com/users/rweeks/starred{/owner}{/repo},https://api.github.com/users/rweeks/subscriptions,https://api.github.com/users/rweeks/orgs,https://api.github.com/users/rweeks/repos,https://api.github.com/users/rweeks/events{/privacy},https://api.github.com/users/rweeks/received_events,User,False,3
tanadeau,3734457,MDQ6VXNlcjM3MzQ0NTc=,https://avatars.githubusercontent.com/u/3734457?v=4,,https://api.github.com/users/tanadeau,https://github.com/tanadeau,https://api.github.com/users/tanadeau/followers,https://api.github.com/users/tanadeau/following{/other_user},https://api.github.com/users/tanadeau/gists{/gist_id},https://api.github.com/users/tanadeau/starred{/owner}{/repo},https://api.github.com/users/tanadeau/subscriptions,https://api.github.com/users/tanadeau/orgs,https://api.github.com/users/tanadeau/repos,https://api.github.com/users/tanadeau/events{/privacy},https://api.github.com/users/tanadeau/received_events,User,False,3
harjitdotsingh,75006,MDQ6VXNlcjc1MDA2,https://avatars.githubusercontent.com/u/75006?v=4,,https://api.github.com/users/harjitdotsingh,https://github.com/harjitdotsingh,https://api.github.com/users/harjitdotsingh/followers,https://api.github.com/users/harjitdotsingh/following{/other_user},https://api.github.com/users/harjitdotsingh/gists{/gist_id},https://api.github.com/users/harjitdotsingh/starred{/owner}{/repo},https://api.github.com/users/harjitdotsingh/subscriptions,https://api.github.com/users/harjitdotsingh/orgs,https://api.github.com/users/harjitdotsingh/repos,https://api.github.com/users/harjitdotsingh/events{/privacy},https://api.github.com/users/harjitdotsingh/received_events,User,False,3
matthpeterson,23561846,MDQ6VXNlcjIzNTYxODQ2,https://avatars.githubusercontent.com/u/23561846?v=4,,https://api.github.com/users/matthpeterson,https://github.com/matthpeterson,https://api.github.com/users/matthpeterson/followers,https://api.github.com/users/matthpeterson/following{/other_user},https://api.github.com/users/matthpeterson/gists{/gist_id},https://api.github.com/users/matthpeterson/starred{/owner}{/repo},https://api.github.com/users/matthpeterson/subscriptions,https://api.github.com/users/matthpeterson/orgs,https://api.github.com/users/matthpeterson/repos,https://api.github.com/users/matthpeterson/events{/privacy},https://api.github.com/users/matthpeterson/received_events,User,False,3
sjyang18,41694933,MDQ6VXNlcjQxNjk0OTMz,https://avatars.githubusercontent.com/u/41694933?v=4,,https://api.github.com/users/sjyang18,https://github.com/sjyang18,https://api.github.com/users/sjyang18/followers,https://api.github.com/users/sjyang18/following{/other_user},https://api.github.com/users/sjyang18/gists{/gist_id},https://api.github.com/users/sjyang18/starred{/owner}{/repo},https://api.github.com/users/sjyang18/subscriptions,https://api.github.com/users/sjyang18/orgs,https://api.github.com/users/sjyang18/repos,https://api.github.com/users/sjyang18/events{/privacy},https://api.github.com/users/sjyang18/received_events,User,False,3
andrewglowacki,5504606,MDQ6VXNlcjU1MDQ2MDY=,https://avatars.githubusercontent.com/u/5504606?v=4,,https://api.github.com/users/andrewglowacki,https://github.com/andrewglowacki,https://api.github.com/users/andrewglowacki/followers,https://api.github.com/users/andrewglowacki/following{/other_user},https://api.github.com/users/andrewglowacki/gists{/gist_id},https://api.github.com/users/andrewglowacki/starred{/owner}{/repo},https://api.github.com/users/andrewglowacki/subscriptions,https://api.github.com/users/andrewglowacki/orgs,https://api.github.com/users/andrewglowacki/repos,https://api.github.com/users/andrewglowacki/events{/privacy},https://api.github.com/users/andrewglowacki/received_events,User,False,3
technmsg,5230531,MDQ6VXNlcjUyMzA1MzE=,https://avatars.githubusercontent.com/u/5230531?v=4,,https://api.github.com/users/technmsg,https://github.com/technmsg,https://api.github.com/users/technmsg/followers,https://api.github.com/users/technmsg/following{/other_user},https://api.github.com/users/technmsg/gists{/gist_id},https://api.github.com/users/technmsg/starred{/owner}{/repo},https://api.github.com/users/technmsg/subscriptions,https://api.github.com/users/technmsg/orgs,https://api.github.com/users/technmsg/repos,https://api.github.com/users/technmsg/events{/privacy},https://api.github.com/users/technmsg/received_events,User,False,2
agwells0714,304954,MDQ6VXNlcjMwNDk1NA==,https://avatars.githubusercontent.com/u/304954?v=4,,https://api.github.com/users/agwells0714,https://github.com/agwells0714,https://api.github.com/users/agwells0714/followers,https://api.github.com/users/agwells0714/following{/other_user},https://api.github.com/users/agwells0714/gists{/gist_id},https://api.github.com/users/agwells0714/starred{/owner}{/repo},https://api.github.com/users/agwells0714/subscriptions,https://api.github.com/users/agwells0714/orgs,https://api.github.com/users/agwells0714/repos,https://api.github.com/users/agwells0714/events{/privacy},https://api.github.com/users/agwells0714/received_events,User,False,2
blue-diode,32075798,MDQ6VXNlcjMyMDc1Nzk4,https://avatars.githubusercontent.com/u/32075798?v=4,,https://api.github.com/users/blue-diode,https://github.com/blue-diode,https://api.github.com/users/blue-diode/followers,https://api.github.com/users/blue-diode/following{/other_user},https://api.github.com/users/blue-diode/gists{/gist_id},https://api.github.com/users/blue-diode/starred{/owner}{/repo},https://api.github.com/users/blue-diode/subscriptions,https://api.github.com/users/blue-diode/orgs,https://api.github.com/users/blue-diode/repos,https://api.github.com/users/blue-diode/events{/privacy},https://api.github.com/users/blue-diode/received_events,User,False,2
rchoksi-hw,7842326,MDQ6VXNlcjc4NDIzMjY=,https://avatars.githubusercontent.com/u/7842326?v=4,,https://api.github.com/users/rchoksi-hw,https://github.com/rchoksi-hw,https://api.github.com/users/rchoksi-hw/followers,https://api.github.com/users/rchoksi-hw/following{/other_user},https://api.github.com/users/rchoksi-hw/gists{/gist_id},https://api.github.com/users/rchoksi-hw/starred{/owner}{/repo},https://api.github.com/users/rchoksi-hw/subscriptions,https://api.github.com/users/rchoksi-hw/orgs,https://api.github.com/users/rchoksi-hw/repos,https://api.github.com/users/rchoksi-hw/events{/privacy},https://api.github.com/users/rchoksi-hw/received_events,User,False,2
steveblackmore10,8818271,MDQ6VXNlcjg4MTgyNzE=,https://avatars.githubusercontent.com/u/8818271?v=4,,https://api.github.com/users/steveblackmore10,https://github.com/steveblackmore10,https://api.github.com/users/steveblackmore10/followers,https://api.github.com/users/steveblackmore10/following{/other_user},https://api.github.com/users/steveblackmore10/gists{/gist_id},https://api.github.com/users/steveblackmore10/starred{/owner}{/repo},https://api.github.com/users/steveblackmore10/subscriptions,https://api.github.com/users/steveblackmore10/orgs,https://api.github.com/users/steveblackmore10/repos,https://api.github.com/users/steveblackmore10/events{/privacy},https://api.github.com/users/steveblackmore10/received_events,User,False,2
brfrn169,242840,MDQ6VXNlcjI0Mjg0MA==,https://avatars.githubusercontent.com/u/242840?v=4,,https://api.github.com/users/brfrn169,https://github.com/brfrn169,https://api.github.com/users/brfrn169/followers,https://api.github.com/users/brfrn169/following{/other_user},https://api.github.com/users/brfrn169/gists{/gist_id},https://api.github.com/users/brfrn169/starred{/owner}{/repo},https://api.github.com/users/brfrn169/subscriptions,https://api.github.com/users/brfrn169/orgs,https://api.github.com/users/brfrn169/repos,https://api.github.com/users/brfrn169/events{/privacy},https://api.github.com/users/brfrn169/received_events,User,False,2
Umang228,80462589,MDQ6VXNlcjgwNDYyNTg5,https://avatars.githubusercontent.com/u/80462589?v=4,,https://api.github.com/users/Umang228,https://github.com/Umang228,https://api.github.com/users/Umang228/followers,https://api.github.com/users/Umang228/following{/other_user},https://api.github.com/users/Umang228/gists{/gist_id},https://api.github.com/users/Umang228/starred{/owner}{/repo},https://api.github.com/users/Umang228/subscriptions,https://api.github.com/users/Umang228/orgs,https://api.github.com/users/Umang228/repos,https://api.github.com/users/Umang228/events{/privacy},https://api.github.com/users/Umang228/received_events,User,False,2
syedmalimustafa,68931181,MDQ6VXNlcjY4OTMxMTgx,https://avatars.githubusercontent.com/u/68931181?v=4,,https://api.github.com/users/syedmalimustafa,https://github.com/syedmalimustafa,https://api.github.com/users/syedmalimustafa/followers,https://api.github.com/users/syedmalimustafa/following{/other_user},https://api.github.com/users/syedmalimustafa/gists{/gist_id},https://api.github.com/users/syedmalimustafa/starred{/owner}{/repo},https://api.github.com/users/syedmalimustafa/subscriptions,https://api.github.com/users/syedmalimustafa/orgs,https://api.github.com/users/syedmalimustafa/repos,https://api.github.com/users/syedmalimustafa/events{/privacy},https://api.github.com/users/syedmalimustafa/received_events,User,False,2
dallaybatta,1852710,MDQ6VXNlcjE4NTI3MTA=,https://avatars.githubusercontent.com/u/1852710?v=4,,https://api.github.com/users/dallaybatta,https://github.com/dallaybatta,https://api.github.com/users/dallaybatta/followers,https://api.github.com/users/dallaybatta/following{/other_user},https://api.github.com/users/dallaybatta/gists{/gist_id},https://api.github.com/users/dallaybatta/starred{/owner}{/repo},https://api.github.com/users/dallaybatta/subscriptions,https://api.github.com/users/dallaybatta/orgs,https://api.github.com/users/dallaybatta/repos,https://api.github.com/users/dallaybatta/events{/privacy},https://api.github.com/users/dallaybatta/received_events,User,False,2
elinaawise,47641800,MDQ6VXNlcjQ3NjQxODAw,https://avatars.githubusercontent.com/u/47641800?v=4,,https://api.github.com/users/elinaawise,https://github.com/elinaawise,https://api.github.com/users/elinaawise/followers,https://api.github.com/users/elinaawise/following{/other_user},https://api.github.com/users/elinaawise/gists{/gist_id},https://api.github.com/users/elinaawise/starred{/owner}{/repo},https://api.github.com/users/elinaawise/subscriptions,https://api.github.com/users/elinaawise/orgs,https://api.github.com/users/elinaawise/repos,https://api.github.com/users/elinaawise/events{/privacy},https://api.github.com/users/elinaawise/received_events,User,False,2
hguercan,72599474,MDQ6VXNlcjcyNTk5NDc0,https://avatars.githubusercontent.com/u/72599474?v=4,,https://api.github.com/users/hguercan,https://github.com/hguercan,https://api.github.com/users/hguercan/followers,https://api.github.com/users/hguercan/following{/other_user},https://api.github.com/users/hguercan/gists{/gist_id},https://api.github.com/users/hguercan/starred{/owner}{/repo},https://api.github.com/users/hguercan/subscriptions,https://api.github.com/users/hguercan/orgs,https://api.github.com/users/hguercan/repos,https://api.github.com/users/hguercan/events{/privacy},https://api.github.com/users/hguercan/received_events,User,False,2
jamesmello,4356900,MDQ6VXNlcjQzNTY5MDA=,https://avatars.githubusercontent.com/u/4356900?v=4,,https://api.github.com/users/jamesmello,https://github.com/jamesmello,https://api.github.com/users/jamesmello/followers,https://api.github.com/users/jamesmello/following{/other_user},https://api.github.com/users/jamesmello/gists{/gist_id},https://api.github.com/users/jamesmello/starred{/owner}{/repo},https://api.github.com/users/jamesmello/subscriptions,https://api.github.com/users/jamesmello/orgs,https://api.github.com/users/jamesmello/repos,https://api.github.com/users/jamesmello/events{/privacy},https://api.github.com/users/jamesmello/received_events,User,False,2
nicolasalarconrapela,23703592,MDQ6VXNlcjIzNzAzNTky,https://avatars.githubusercontent.com/u/23703592?v=4,,https://api.github.com/users/nicolasalarconrapela,https://github.com/nicolasalarconrapela,https://api.github.com/users/nicolasalarconrapela/followers,https://api.github.com/users/nicolasalarconrapela/following{/other_user},https://api.github.com/users/nicolasalarconrapela/gists{/gist_id},https://api.github.com/users/nicolasalarconrapela/starred{/owner}{/repo},https://api.github.com/users/nicolasalarconrapela/subscriptions,https://api.github.com/users/nicolasalarconrapela/orgs,https://api.github.com/users/nicolasalarconrapela/repos,https://api.github.com/users/nicolasalarconrapela/events{/privacy},https://api.github.com/users/nicolasalarconrapela/received_events,User,False,2
taksaito,2523361,MDQ6VXNlcjI1MjMzNjE=,https://avatars.githubusercontent.com/u/2523361?v=4,,https://api.github.com/users/taksaito,https://github.com/taksaito,https://api.github.com/users/taksaito/followers,https://api.github.com/users/taksaito/following{/other_user},https://api.github.com/users/taksaito/gists{/gist_id},https://api.github.com/users/taksaito/starred{/owner}{/repo},https://api.github.com/users/taksaito/subscriptions,https://api.github.com/users/taksaito/orgs,https://api.github.com/users/taksaito/repos,https://api.github.com/users/taksaito/events{/privacy},https://api.github.com/users/taksaito/received_events,User,False,2
meislerj,7668384,MDQ6VXNlcjc2NjgzODQ=,https://avatars.githubusercontent.com/u/7668384?v=4,,https://api.github.com/users/meislerj,https://github.com/meislerj,https://api.github.com/users/meislerj/followers,https://api.github.com/users/meislerj/following{/other_user},https://api.github.com/users/meislerj/gists{/gist_id},https://api.github.com/users/meislerj/starred{/owner}{/repo},https://api.github.com/users/meislerj/subscriptions,https://api.github.com/users/meislerj/orgs,https://api.github.com/users/meislerj/repos,https://api.github.com/users/meislerj/events{/privacy},https://api.github.com/users/meislerj/received_events,User,False,2
parkjsung,1222893,MDQ6VXNlcjEyMjI4OTM=,https://avatars.githubusercontent.com/u/1222893?v=4,,https://api.github.com/users/parkjsung,https://github.com/parkjsung,https://api.github.com/users/parkjsung/followers,https://api.github.com/users/parkjsung/following{/other_user},https://api.github.com/users/parkjsung/gists{/gist_id},https://api.github.com/users/parkjsung/starred{/owner}{/repo},https://api.github.com/users/parkjsung/subscriptions,https://api.github.com/users/parkjsung/orgs,https://api.github.com/users/parkjsung/repos,https://api.github.com/users/parkjsung/events{/privacy},https://api.github.com/users/parkjsung/received_events,User,False,2
glitch,41664,MDQ6VXNlcjQxNjY0,https://avatars.githubusercontent.com/u/41664?v=4,,https://api.github.com/users/glitch,https://github.com/glitch,https://api.github.com/users/glitch/followers,https://api.github.com/users/glitch/following{/other_user},https://api.github.com/users/glitch/gists{/gist_id},https://api.github.com/users/glitch/starred{/owner}{/repo},https://api.github.com/users/glitch/subscriptions,https://api.github.com/users/glitch/orgs,https://api.github.com/users/glitch/repos,https://api.github.com/users/glitch/events{/privacy},https://api.github.com/users/glitch/received_events,User,False,2
mandarinamdar,9911276,MDQ6VXNlcjk5MTEyNzY=,https://avatars.githubusercontent.com/u/9911276?v=4,,https://api.github.com/users/mandarinamdar,https://github.com/mandarinamdar,https://api.github.com/users/mandarinamdar/followers,https://api.github.com/users/mandarinamdar/following{/other_user},https://api.github.com/users/mandarinamdar/gists{/gist_id},https://api.github.com/users/mandarinamdar/starred{/owner}{/repo},https://api.github.com/users/mandarinamdar/subscriptions,https://api.github.com/users/mandarinamdar/orgs,https://api.github.com/users/mandarinamdar/repos,https://api.github.com/users/mandarinamdar/events{/privacy},https://api.github.com/users/mandarinamdar/received_events,User,False,2
matthew-dailey,3612031,MDQ6VXNlcjM2MTIwMzE=,https://avatars.githubusercontent.com/u/3612031?v=4,,https://api.github.com/users/matthew-dailey,https://github.com/matthew-dailey,https://api.github.com/users/matthew-dailey/followers,https://api.github.com/users/matthew-dailey/following{/other_user},https://api.github.com/users/matthew-dailey/gists{/gist_id},https://api.github.com/users/matthew-dailey/starred{/owner}{/repo},https://api.github.com/users/matthew-dailey/subscriptions,https://api.github.com/users/matthew-dailey/orgs,https://api.github.com/users/matthew-dailey/repos,https://api.github.com/users/matthew-dailey/events{/privacy},https://api.github.com/users/matthew-dailey/received_events,User,False,2
nosewings,24929858,MDQ6VXNlcjI0OTI5ODU4,https://avatars.githubusercontent.com/u/24929858?v=4,,https://api.github.com/users/nosewings,https://github.com/nosewings,https://api.github.com/users/nosewings/followers,https://api.github.com/users/nosewings/following{/other_user},https://api.github.com/users/nosewings/gists{/gist_id},https://api.github.com/users/nosewings/starred{/owner}{/repo},https://api.github.com/users/nosewings/subscriptions,https://api.github.com/users/nosewings/orgs,https://api.github.com/users/nosewings/repos,https://api.github.com/users/nosewings/events{/privacy},https://api.github.com/users/nosewings/received_events,User,False,2
ghajos,30797379,MDQ6VXNlcjMwNzk3Mzc5,https://avatars.githubusercontent.com/u/30797379?v=4,,https://api.github.com/users/ghajos,https://github.com/ghajos,https://api.github.com/users/ghajos/followers,https://api.github.com/users/ghajos/following{/other_user},https://api.github.com/users/ghajos/gists{/gist_id},https://api.github.com/users/ghajos/starred{/owner}{/repo},https://api.github.com/users/ghajos/subscriptions,https://api.github.com/users/ghajos/orgs,https://api.github.com/users/ghajos/repos,https://api.github.com/users/ghajos/events{/privacy},https://api.github.com/users/ghajos/received_events,User,False,2
ata18,6476128,MDQ6VXNlcjY0NzYxMjg=,https://avatars.githubusercontent.com/u/6476128?v=4,,https://api.github.com/users/ata18,https://github.com/ata18,https://api.github.com/users/ata18/followers,https://api.github.com/users/ata18/following{/other_user},https://api.github.com/users/ata18/gists{/gist_id},https://api.github.com/users/ata18/starred{/owner}{/repo},https://api.github.com/users/ata18/subscriptions,https://api.github.com/users/ata18/orgs,https://api.github.com/users/ata18/repos,https://api.github.com/users/ata18/events{/privacy},https://api.github.com/users/ata18/received_events,User,False,1
Akshit6828,57808363,MDQ6VXNlcjU3ODA4MzYz,https://avatars.githubusercontent.com/u/57808363?v=4,,https://api.github.com/users/Akshit6828,https://github.com/Akshit6828,https://api.github.com/users/Akshit6828/followers,https://api.github.com/users/Akshit6828/following{/other_user},https://api.github.com/users/Akshit6828/gists{/gist_id},https://api.github.com/users/Akshit6828/starred{/owner}{/repo},https://api.github.com/users/Akshit6828/subscriptions,https://api.github.com/users/Akshit6828/orgs,https://api.github.com/users/Akshit6828/repos,https://api.github.com/users/Akshit6828/events{/privacy},https://api.github.com/users/Akshit6828/received_events,User,False,1
Amisha328,58816552,MDQ6VXNlcjU4ODE2NTUy,https://avatars.githubusercontent.com/u/58816552?v=4,,https://api.github.com/users/Amisha328,https://github.com/Amisha328,https://api.github.com/users/Amisha328/followers,https://api.github.com/users/Amisha328/following{/other_user},https://api.github.com/users/Amisha328/gists{/gist_id},https://api.github.com/users/Amisha328/starred{/owner}{/repo},https://api.github.com/users/Amisha328/subscriptions,https://api.github.com/users/Amisha328/orgs,https://api.github.com/users/Amisha328/repos,https://api.github.com/users/Amisha328/events{/privacy},https://api.github.com/users/Amisha328/received_events,User,False,1
arshak,21704,MDQ6VXNlcjIxNzA0,https://avatars.githubusercontent.com/u/21704?v=4,,https://api.github.com/users/arshak,https://github.com/arshak,https://api.github.com/users/arshak/followers,https://api.github.com/users/arshak/following{/other_user},https://api.github.com/users/arshak/gists{/gist_id},https://api.github.com/users/arshak/starred{/owner}{/repo},https://api.github.com/users/arshak/subscriptions,https://api.github.com/users/arshak/orgs,https://api.github.com/users/arshak/repos,https://api.github.com/users/arshak/events{/privacy},https://api.github.com/users/arshak/received_events,User,False,1
ben-manes,378614,MDQ6VXNlcjM3ODYxNA==,https://avatars.githubusercontent.com/u/378614?v=4,,https://api.github.com/users/ben-manes,https://github.com/ben-manes,https://api.github.com/users/ben-manes/followers,https://api.github.com/users/ben-manes/following{/other_user},https://api.github.com/users/ben-manes/gists{/gist_id},https://api.github.com/users/ben-manes/starred{/owner}{/repo},https://api.github.com/users/ben-manes/subscriptions,https://api.github.com/users/ben-manes/orgs,https://api.github.com/users/ben-manes/repos,https://api.github.com/users/ben-manes/events{/privacy},https://api.github.com/users/ben-manes/received_events,User,False,1
wjsl,1318885,MDQ6VXNlcjEzMTg4ODU=,https://avatars.githubusercontent.com/u/1318885?v=4,,https://api.github.com/users/wjsl,https://github.com/wjsl,https://api.github.com/users/wjsl/followers,https://api.github.com/users/wjsl/following{/other_user},https://api.github.com/users/wjsl/gists{/gist_id},https://api.github.com/users/wjsl/starred{/owner}{/repo},https://api.github.com/users/wjsl/subscriptions,https://api.github.com/users/wjsl/orgs,https://api.github.com/users/wjsl/repos,https://api.github.com/users/wjsl/events{/privacy},https://api.github.com/users/wjsl/received_events,User,False,1
josselinchevalay,1745652,MDQ6VXNlcjE3NDU2NTI=,https://avatars.githubusercontent.com/u/1745652?v=4,,https://api.github.com/users/josselinchevalay,https://github.com/josselinchevalay,https://api.github.com/users/josselinchevalay/followers,https://api.github.com/users/josselinchevalay/following{/other_user},https://api.github.com/users/josselinchevalay/gists{/gist_id},https://api.github.com/users/josselinchevalay/starred{/owner}{/repo},https://api.github.com/users/josselinchevalay/subscriptions,https://api.github.com/users/josselinchevalay/orgs,https://api.github.com/users/josselinchevalay/repos,https://api.github.com/users/josselinchevalay/events{/privacy},https://api.github.com/users/josselinchevalay/received_events,User,False,1
charlescva,5343462,MDQ6VXNlcjUzNDM0NjI=,https://avatars.githubusercontent.com/u/5343462?v=4,,https://api.github.com/users/charlescva,https://github.com/charlescva,https://api.github.com/users/charlescva/followers,https://api.github.com/users/charlescva/following{/other_user},https://api.github.com/users/charlescva/gists{/gist_id},https://api.github.com/users/charlescva/starred{/owner}{/repo},https://api.github.com/users/charlescva/subscriptions,https://api.github.com/users/charlescva/orgs,https://api.github.com/users/charlescva/repos,https://api.github.com/users/charlescva/events{/privacy},https://api.github.com/users/charlescva/received_events,User,False,1
cesarsotovalero,13948717,MDQ6VXNlcjEzOTQ4NzE3,https://avatars.githubusercontent.com/u/13948717?v=4,,https://api.github.com/users/cesarsotovalero,https://github.com/cesarsotovalero,https://api.github.com/users/cesarsotovalero/followers,https://api.github.com/users/cesarsotovalero/following{/other_user},https://api.github.com/users/cesarsotovalero/gists{/gist_id},https://api.github.com/users/cesarsotovalero/starred{/owner}{/repo},https://api.github.com/users/cesarsotovalero/subscriptions,https://api.github.com/users/cesarsotovalero/orgs,https://api.github.com/users/cesarsotovalero/repos,https://api.github.com/users/cesarsotovalero/events{/privacy},https://api.github.com/users/cesarsotovalero/received_events,User,False,1
d-hwang,4983684,MDQ6VXNlcjQ5ODM2ODQ=,https://avatars.githubusercontent.com/u/4983684?v=4,,https://api.github.com/users/d-hwang,https://github.com/d-hwang,https://api.github.com/users/d-hwang/followers,https://api.github.com/users/d-hwang/following{/other_user},https://api.github.com/users/d-hwang/gists{/gist_id},https://api.github.com/users/d-hwang/starred{/owner}{/repo},https://api.github.com/users/d-hwang/subscriptions,https://api.github.com/users/d-hwang/orgs,https://api.github.com/users/d-hwang/repos,https://api.github.com/users/d-hwang/events{/privacy},https://api.github.com/users/d-hwang/received_events,User,False,1
trietopsoft,70720273,MDQ6VXNlcjcwNzIwMjcz,https://avatars.githubusercontent.com/u/70720273?v=4,,https://api.github.com/users/trietopsoft,https://github.com/trietopsoft,https://api.github.com/users/trietopsoft/followers,https://api.github.com/users/trietopsoft/following{/other_user},https://api.github.com/users/trietopsoft/gists{/gist_id},https://api.github.com/users/trietopsoft/starred{/owner}{/repo},https://api.github.com/users/trietopsoft/subscriptions,https://api.github.com/users/trietopsoft/orgs,https://api.github.com/users/trietopsoft/repos,https://api.github.com/users/trietopsoft/events{/privacy},https://api.github.com/users/trietopsoft/received_events,User,False,1
deniskuzZ,2761528,MDQ6VXNlcjI3NjE1Mjg=,https://avatars.githubusercontent.com/u/2761528?v=4,,https://api.github.com/users/deniskuzZ,https://github.com/deniskuzZ,https://api.github.com/users/deniskuzZ/followers,https://api.github.com/users/deniskuzZ/following{/other_user},https://api.github.com/users/deniskuzZ/gists{/gist_id},https://api.github.com/users/deniskuzZ/starred{/owner}{/repo},https://api.github.com/users/deniskuzZ/subscriptions,https://api.github.com/users/deniskuzZ/orgs,https://api.github.com/users/deniskuzZ/repos,https://api.github.com/users/deniskuzZ/events{/privacy},https://api.github.com/users/deniskuzZ/received_events,User,False,1
dvmarcilio,3458727,MDQ6VXNlcjM0NTg3Mjc=,https://avatars.githubusercontent.com/u/3458727?v=4,,https://api.github.com/users/dvmarcilio,https://github.com/dvmarcilio,https://api.github.com/users/dvmarcilio/followers,https://api.github.com/users/dvmarcilio/following{/other_user},https://api.github.com/users/dvmarcilio/gists{/gist_id},https://api.github.com/users/dvmarcilio/starred{/owner}{/repo},https://api.github.com/users/dvmarcilio/subscriptions,https://api.github.com/users/dvmarcilio/orgs,https://api.github.com/users/dvmarcilio/repos,https://api.github.com/users/dvmarcilio/events{/privacy},https://api.github.com/users/dvmarcilio/received_events,User,False,1
rwgdrummer,6342425,MDQ6VXNlcjYzNDI0MjU=,https://avatars.githubusercontent.com/u/6342425?v=4,,https://api.github.com/users/rwgdrummer,https://github.com/rwgdrummer,https://api.github.com/users/rwgdrummer/followers,https://api.github.com/users/rwgdrummer/following{/other_user},https://api.github.com/users/rwgdrummer/gists{/gist_id},https://api.github.com/users/rwgdrummer/starred{/owner}{/repo},https://api.github.com/users/rwgdrummer/subscriptions,https://api.github.com/users/rwgdrummer/orgs,https://api.github.com/users/rwgdrummer/repos,https://api.github.com/users/rwgdrummer/events{/privacy},https://api.github.com/users/rwgdrummer/received_events,User,False,1
echeipesh,1158084,MDQ6VXNlcjExNTgwODQ=,https://avatars.githubusercontent.com/u/1158084?v=4,,https://api.github.com/users/echeipesh,https://github.com/echeipesh,https://api.github.com/users/echeipesh/followers,https://api.github.com/users/echeipesh/following{/other_user},https://api.github.com/users/echeipesh/gists{/gist_id},https://api.github.com/users/echeipesh/starred{/owner}{/repo},https://api.github.com/users/echeipesh/subscriptions,https://api.github.com/users/echeipesh/orgs,https://api.github.com/users/echeipesh/repos,https://api.github.com/users/echeipesh/events{/privacy},https://api.github.com/users/echeipesh/received_events,User,False,1
filipedfr,34490958,MDQ6VXNlcjM0NDkwOTU4,https://avatars.githubusercontent.com/u/34490958?v=4,,https://api.github.com/users/filipedfr,https://github.com/filipedfr,https://api.github.com/users/filipedfr/followers,https://api.github.com/users/filipedfr/following{/other_user},https://api.github.com/users/filipedfr/gists{/gist_id},https://api.github.com/users/filipedfr/starred{/owner}{/repo},https://api.github.com/users/filipedfr/subscriptions,https://api.github.com/users/filipedfr/orgs,https://api.github.com/users/filipedfr/repos,https://api.github.com/users/filipedfr/events{/privacy},https://api.github.com/users/filipedfr/received_events,User,False,1
sabre-eng-sec,7109384,MDQ6VXNlcjcxMDkzODQ=,https://avatars.githubusercontent.com/u/7109384?v=4,,https://api.github.com/users/sabre-eng-sec,https://github.com/sabre-eng-sec,https://api.github.com/users/sabre-eng-sec/followers,https://api.github.com/users/sabre-eng-sec/following{/other_user},https://api.github.com/users/sabre-eng-sec/gists{/gist_id},https://api.github.com/users/sabre-eng-sec/starred{/owner}{/repo},https://api.github.com/users/sabre-eng-sec/subscriptions,https://api.github.com/users/sabre-eng-sec/orgs,https://api.github.com/users/sabre-eng-sec/repos,https://api.github.com/users/sabre-eng-sec/events{/privacy},https://api.github.com/users/sabre-eng-sec/received_events,User,False,1
gary2086,5446699,MDQ6VXNlcjU0NDY2OTk=,https://avatars.githubusercontent.com/u/5446699?v=4,,https://api.github.com/users/gary2086,https://github.com/gary2086,https://api.github.com/users/gary2086/followers,https://api.github.com/users/gary2086/following{/other_user},https://api.github.com/users/gary2086/gists{/gist_id},https://api.github.com/users/gary2086/starred{/owner}{/repo},https://api.github.com/users/gary2086/subscriptions,https://api.github.com/users/gary2086/orgs,https://api.github.com/users/gary2086/repos,https://api.github.com/users/gary2086/events{/privacy},https://api.github.com/users/gary2086/received_events,User,False,1
himanshu007-creator,65963997,MDQ6VXNlcjY1OTYzOTk3,https://avatars.githubusercontent.com/u/65963997?v=4,,https://api.github.com/users/himanshu007-creator,https://github.com/himanshu007-creator,https://api.github.com/users/himanshu007-creator/followers,https://api.github.com/users/himanshu007-creator/following{/other_user},https://api.github.com/users/himanshu007-creator/gists{/gist_id},https://api.github.com/users/himanshu007-creator/starred{/owner}{/repo},https://api.github.com/users/himanshu007-creator/subscriptions,https://api.github.com/users/himanshu007-creator/orgs,https://api.github.com/users/himanshu007-creator/repos,https://api.github.com/users/himanshu007-creator/events{/privacy},https://api.github.com/users/himanshu007-creator/received_events,User,False,1
jaredwinick,1010939,MDQ6VXNlcjEwMTA5Mzk=,https://avatars.githubusercontent.com/u/1010939?v=4,,https://api.github.com/users/jaredwinick,https://github.com/jaredwinick,https://api.github.com/users/jaredwinick/followers,https://api.github.com/users/jaredwinick/following{/other_user},https://api.github.com/users/jaredwinick/gists{/gist_id},https://api.github.com/users/jaredwinick/starred{/owner}{/repo},https://api.github.com/users/jaredwinick/subscriptions,https://api.github.com/users/jaredwinick/orgs,https://api.github.com/users/jaredwinick/repos,https://api.github.com/users/jaredwinick/events{/privacy},https://api.github.com/users/jaredwinick/received_events,User,False,1
joeharten,22780697,MDQ6VXNlcjIyNzgwNjk3,https://avatars.githubusercontent.com/u/22780697?v=4,,https://api.github.com/users/joeharten,https://github.com/joeharten,https://api.github.com/users/joeharten/followers,https://api.github.com/users/joeharten/following{/other_user},https://api.github.com/users/joeharten/gists{/gist_id},https://api.github.com/users/joeharten/starred{/owner}{/repo},https://api.github.com/users/joeharten/subscriptions,https://api.github.com/users/joeharten/orgs,https://api.github.com/users/joeharten/repos,https://api.github.com/users/joeharten/events{/privacy},https://api.github.com/users/joeharten/received_events,User,False,1
kennethmcfarland,29900332,MDQ6VXNlcjI5OTAwMzMy,https://avatars.githubusercontent.com/u/29900332?v=4,,https://api.github.com/users/kennethmcfarland,https://github.com/kennethmcfarland,https://api.github.com/users/kennethmcfarland/followers,https://api.github.com/users/kennethmcfarland/following{/other_user},https://api.github.com/users/kennethmcfarland/gists{/gist_id},https://api.github.com/users/kennethmcfarland/starred{/owner}{/repo},https://api.github.com/users/kennethmcfarland/subscriptions,https://api.github.com/users/kennethmcfarland/orgs,https://api.github.com/users/kennethmcfarland/repos,https://api.github.com/users/kennethmcfarland/events{/privacy},https://api.github.com/users/kennethmcfarland/received_events,User,False,1
MrDLontheway,29403543,MDQ6VXNlcjI5NDAzNTQz,https://avatars.githubusercontent.com/u/29403543?v=4,,https://api.github.com/users/MrDLontheway,https://github.com/MrDLontheway,https://api.github.com/users/MrDLontheway/followers,https://api.github.com/users/MrDLontheway/following{/other_user},https://api.github.com/users/MrDLontheway/gists{/gist_id},https://api.github.com/users/MrDLontheway/starred{/owner}{/repo},https://api.github.com/users/MrDLontheway/subscriptions,https://api.github.com/users/MrDLontheway/orgs,https://api.github.com/users/MrDLontheway/repos,https://api.github.com/users/MrDLontheway/events{/privacy},https://api.github.com/users/MrDLontheway/received_events,User,False,1
mdinep,5486900,MDQ6VXNlcjU0ODY5MDA=,https://avatars.githubusercontent.com/u/5486900?v=4,,https://api.github.com/users/mdinep,https://github.com/mdinep,https://api.github.com/users/mdinep/followers,https://api.github.com/users/mdinep/following{/other_user},https://api.github.com/users/mdinep/gists{/gist_id},https://api.github.com/users/mdinep/starred{/owner}{/repo},https://api.github.com/users/mdinep/subscriptions,https://api.github.com/users/mdinep/orgs,https://api.github.com/users/mdinep/repos,https://api.github.com/users/mdinep/events{/privacy},https://api.github.com/users/mdinep/received_events,User,False,1
maxj,8604,MDQ6VXNlcjg2MDQ=,https://avatars.githubusercontent.com/u/8604?v=4,,https://api.github.com/users/maxj,https://github.com/maxj,https://api.github.com/users/maxj/followers,https://api.github.com/users/maxj/following{/other_user},https://api.github.com/users/maxj/gists{/gist_id},https://api.github.com/users/maxj/starred{/owner}{/repo},https://api.github.com/users/maxj/subscriptions,https://api.github.com/users/maxj/orgs,https://api.github.com/users/maxj/repos,https://api.github.com/users/maxj/events{/privacy},https://api.github.com/users/maxj/received_events,User,False,1
mikebfagan,19304803,MDQ6VXNlcjE5MzA0ODAz,https://avatars.githubusercontent.com/u/19304803?v=4,,https://api.github.com/users/mikebfagan,https://github.com/mikebfagan,https://api.github.com/users/mikebfagan/followers,https://api.github.com/users/mikebfagan/following{/other_user},https://api.github.com/users/mikebfagan/gists{/gist_id},https://api.github.com/users/mikebfagan/starred{/owner}{/repo},https://api.github.com/users/mikebfagan/subscriptions,https://api.github.com/users/mikebfagan/orgs,https://api.github.com/users/mikebfagan/repos,https://api.github.com/users/mikebfagan/events{/privacy},https://api.github.com/users/mikebfagan/received_events,User,False,1
faganm,7116907,MDQ6VXNlcjcxMTY5MDc=,https://avatars.githubusercontent.com/u/7116907?v=4,,https://api.github.com/users/faganm,https://github.com/faganm,https://api.github.com/users/faganm/followers,https://api.github.com/users/faganm/following{/other_user},https://api.github.com/users/faganm/gists{/gist_id},https://api.github.com/users/faganm/starred{/owner}{/repo},https://api.github.com/users/faganm/subscriptions,https://api.github.com/users/faganm/orgs,https://api.github.com/users/faganm/repos,https://api.github.com/users/faganm/events{/privacy},https://api.github.com/users/faganm/received_events,User,False,1
mschnitzler,12096421,MDQ6VXNlcjEyMDk2NDIx,https://avatars.githubusercontent.com/u/12096421?v=4,,https://api.github.com/users/mschnitzler,https://github.com/mschnitzler,https://api.github.com/users/mschnitzler/followers,https://api.github.com/users/mschnitzler/following{/other_user},https://api.github.com/users/mschnitzler/gists{/gist_id},https://api.github.com/users/mschnitzler/starred{/owner}{/repo},https://api.github.com/users/mschnitzler/subscriptions,https://api.github.com/users/mschnitzler/orgs,https://api.github.com/users/mschnitzler/repos,https://api.github.com/users/mschnitzler/events{/privacy},https://api.github.com/users/mschnitzler/received_events,User,False,1
mvanderlee,918128,MDQ6VXNlcjkxODEyOA==,https://avatars.githubusercontent.com/u/918128?v=4,,https://api.github.com/users/mvanderlee,https://github.com/mvanderlee,https://api.github.com/users/mvanderlee/followers,https://api.github.com/users/mvanderlee/following{/other_user},https://api.github.com/users/mvanderlee/gists{/gist_id},https://api.github.com/users/mvanderlee/starred{/owner}{/repo},https://api.github.com/users/mvanderlee/subscriptions,https://api.github.com/users/mvanderlee/orgs,https://api.github.com/users/mvanderlee/repos,https://api.github.com/users/mvanderlee/events{/privacy},https://api.github.com/users/mvanderlee/received_events,User,False,1
MuazmaZ,38145027,MDQ6VXNlcjM4MTQ1MDI3,https://avatars.githubusercontent.com/u/38145027?v=4,,https://api.github.com/users/MuazmaZ,https://github.com/MuazmaZ,https://api.github.com/users/MuazmaZ/followers,https://api.github.com/users/MuazmaZ/following{/other_user},https://api.github.com/users/MuazmaZ/gists{/gist_id},https://api.github.com/users/MuazmaZ/starred{/owner}{/repo},https://api.github.com/users/MuazmaZ/subscriptions,https://api.github.com/users/MuazmaZ/orgs,https://api.github.com/users/MuazmaZ/repos,https://api.github.com/users/MuazmaZ/events{/privacy},https://api.github.com/users/MuazmaZ/received_events,User,False,1
nkalmar,5468746,MDQ6VXNlcjU0Njg3NDY=,https://avatars.githubusercontent.com/u/5468746?v=4,,https://api.github.com/users/nkalmar,https://github.com/nkalmar,https://api.github.com/users/nkalmar/followers,https://api.github.com/users/nkalmar/following{/other_user},https://api.github.com/users/nkalmar/gists{/gist_id},https://api.github.com/users/nkalmar/starred{/owner}{/repo},https://api.github.com/users/nkalmar/subscriptions,https://api.github.com/users/nkalmar/orgs,https://api.github.com/users/nkalmar/repos,https://api.github.com/users/nkalmar/events{/privacy},https://api.github.com/users/nkalmar/received_events,User,False,1
petersomogyi,3033725,MDQ6VXNlcjMwMzM3MjU=,https://avatars.githubusercontent.com/u/3033725?v=4,,https://api.github.com/users/petersomogyi,https://github.com/petersomogyi,https://api.github.com/users/petersomogyi/followers,https://api.github.com/users/petersomogyi/following{/other_user},https://api.github.com/users/petersomogyi/gists{/gist_id},https://api.github.com/users/petersomogyi/starred{/owner}{/repo},https://api.github.com/users/petersomogyi/subscriptions,https://api.github.com/users/petersomogyi/orgs,https://api.github.com/users/petersomogyi/repos,https://api.github.com/users/petersomogyi/events{/privacy},https://api.github.com/users/petersomogyi/received_events,User,False,1
srajtiwari,29739100,MDQ6VXNlcjI5NzM5MTAw,https://avatars.githubusercontent.com/u/29739100?v=4,,https://api.github.com/users/srajtiwari,https://github.com/srajtiwari,https://api.github.com/users/srajtiwari/followers,https://api.github.com/users/srajtiwari/following{/other_user},https://api.github.com/users/srajtiwari/gists{/gist_id},https://api.github.com/users/srajtiwari/starred{/owner}{/repo},https://api.github.com/users/srajtiwari/subscriptions,https://api.github.com/users/srajtiwari/orgs,https://api.github.com/users/srajtiwari/repos,https://api.github.com/users/srajtiwari/events{/privacy},https://api.github.com/users/srajtiwari/received_events,User,False,1
skirklin,2373399,MDQ6VXNlcjIzNzMzOTk=,https://avatars.githubusercontent.com/u/2373399?v=4,,https://api.github.com/users/skirklin,https://github.com/skirklin,https://api.github.com/users/skirklin/followers,https://api.github.com/users/skirklin/following{/other_user},https://api.github.com/users/skirklin/gists{/gist_id},https://api.github.com/users/skirklin/starred{/owner}{/repo},https://api.github.com/users/skirklin/subscriptions,https://api.github.com/users/skirklin/orgs,https://api.github.com/users/skirklin/repos,https://api.github.com/users/skirklin/events{/privacy},https://api.github.com/users/skirklin/received_events,User,False,1
Shivakumar-SG,47275182,MDQ6VXNlcjQ3Mjc1MTgy,https://avatars.githubusercontent.com/u/47275182?v=4,,https://api.github.com/users/Shivakumar-SG,https://github.com/Shivakumar-SG,https://api.github.com/users/Shivakumar-SG/followers,https://api.github.com/users/Shivakumar-SG/following{/other_user},https://api.github.com/users/Shivakumar-SG/gists{/gist_id},https://api.github.com/users/Shivakumar-SG/starred{/owner}{/repo},https://api.github.com/users/Shivakumar-SG/subscriptions,https://api.github.com/users/Shivakumar-SG/orgs,https://api.github.com/users/Shivakumar-SG/repos,https://api.github.com/users/Shivakumar-SG/events{/privacy},https://api.github.com/users/Shivakumar-SG/received_events,User,False,1
deeyes24,2517874,MDQ6VXNlcjI1MTc4NzQ=,https://avatars.githubusercontent.com/u/2517874?v=4,,https://api.github.com/users/deeyes24,https://github.com/deeyes24,https://api.github.com/users/deeyes24/followers,https://api.github.com/users/deeyes24/following{/other_user},https://api.github.com/users/deeyes24/gists{/gist_id},https://api.github.com/users/deeyes24/starred{/owner}{/repo},https://api.github.com/users/deeyes24/subscriptions,https://api.github.com/users/deeyes24/orgs,https://api.github.com/users/deeyes24/repos,https://api.github.com/users/deeyes24/events{/privacy},https://api.github.com/users/deeyes24/received_events,User,False,1
tristeng,5273234,MDQ6VXNlcjUyNzMyMzQ=,https://avatars.githubusercontent.com/u/5273234?v=4,,https://api.github.com/users/tristeng,https://github.com/tristeng,https://api.github.com/users/tristeng/followers,https://api.github.com/users/tristeng/following{/other_user},https://api.github.com/users/tristeng/gists{/gist_id},https://api.github.com/users/tristeng/starred{/owner}{/repo},https://api.github.com/users/tristeng/subscriptions,https://api.github.com/users/tristeng/orgs,https://api.github.com/users/tristeng/repos,https://api.github.com/users/tristeng/events{/privacy},https://api.github.com/users/tristeng/received_events,User,False,1
tulikavijay,25117249,MDQ6VXNlcjI1MTE3MjQ5,https://avatars.githubusercontent.com/u/25117249?v=4,,https://api.github.com/users/tulikavijay,https://github.com/tulikavijay,https://api.github.com/users/tulikavijay/followers,https://api.github.com/users/tulikavijay/following{/other_user},https://api.github.com/users/tulikavijay/gists{/gist_id},https://api.github.com/users/tulikavijay/starred{/owner}{/repo},https://api.github.com/users/tulikavijay/subscriptions,https://api.github.com/users/tulikavijay/orgs,https://api.github.com/users/tulikavijay/repos,https://api.github.com/users/tulikavijay/events{/privacy},https://api.github.com/users/tulikavijay/received_events,User,False,1
tushardhadiwal,22862533,MDQ6VXNlcjIyODYyNTMz,https://avatars.githubusercontent.com/u/22862533?v=4,,https://api.github.com/users/tushardhadiwal,https://github.com/tushardhadiwal,https://api.github.com/users/tushardhadiwal/followers,https://api.github.com/users/tushardhadiwal/following{/other_user},https://api.github.com/users/tushardhadiwal/gists{/gist_id},https://api.github.com/users/tushardhadiwal/starred{/owner}{/repo},https://api.github.com/users/tushardhadiwal/subscriptions,https://api.github.com/users/tushardhadiwal/orgs,https://api.github.com/users/tushardhadiwal/repos,https://api.github.com/users/tushardhadiwal/events{/privacy},https://api.github.com/users/tushardhadiwal/received_events,User,False,1
varunsh-coder,25015917,MDQ6VXNlcjI1MDE1OTE3,https://avatars.githubusercontent.com/u/25015917?v=4,,https://api.github.com/users/varunsh-coder,https://github.com/varunsh-coder,https://api.github.com/users/varunsh-coder/followers,https://api.github.com/users/varunsh-coder/following{/other_user},https://api.github.com/users/varunsh-coder/gists{/gist_id},https://api.github.com/users/varunsh-coder/starred{/owner}{/repo},https://api.github.com/users/varunsh-coder/subscriptions,https://api.github.com/users/varunsh-coder/orgs,https://api.github.com/users/varunsh-coder/repos,https://api.github.com/users/varunsh-coder/events{/privacy},https://api.github.com/users/varunsh-coder/received_events,User,False,1
emilyselwood,645622,MDQ6VXNlcjY0NTYyMg==,https://avatars.githubusercontent.com/u/645622?v=4,,https://api.github.com/users/emilyselwood,https://github.com/emilyselwood,https://api.github.com/users/emilyselwood/followers,https://api.github.com/users/emilyselwood/following{/other_user},https://api.github.com/users/emilyselwood/gists{/gist_id},https://api.github.com/users/emilyselwood/starred{/owner}{/repo},https://api.github.com/users/emilyselwood/subscriptions,https://api.github.com/users/emilyselwood/orgs,https://api.github.com/users/emilyselwood/repos,https://api.github.com/users/emilyselwood/events{/privacy},https://api.github.com/users/emilyselwood/received_events,User,False,1
bbux-atg,39766417,MDQ6VXNlcjM5NzY2NDE3,https://avatars.githubusercontent.com/u/39766417?v=4,,https://api.github.com/users/bbux-atg,https://github.com/bbux-atg,https://api.github.com/users/bbux-atg/followers,https://api.github.com/users/bbux-atg/following{/other_user},https://api.github.com/users/bbux-atg/gists{/gist_id},https://api.github.com/users/bbux-atg/starred{/owner}{/repo},https://api.github.com/users/bbux-atg/subscriptions,https://api.github.com/users/bbux-atg/orgs,https://api.github.com/users/bbux-atg/repos,https://api.github.com/users/bbux-atg/events{/privacy},https://api.github.com/users/bbux-atg/received_events,User,False,1
bd2019us,47727869,MDQ6VXNlcjQ3NzI3ODY5,https://avatars.githubusercontent.com/u/47727869?v=4,,https://api.github.com/users/bd2019us,https://github.com/bd2019us,https://api.github.com/users/bd2019us/followers,https://api.github.com/users/bd2019us/following{/other_user},https://api.github.com/users/bd2019us/gists{/gist_id},https://api.github.com/users/bd2019us/starred{/owner}{/repo},https://api.github.com/users/bd2019us/subscriptions,https://api.github.com/users/bd2019us/orgs,https://api.github.com/users/bd2019us/repos,https://api.github.com/users/bd2019us/events{/privacy},https://api.github.com/users/bd2019us/received_events,User,False,1
benkelly,6404718,MDQ6VXNlcjY0MDQ3MTg=,https://avatars.githubusercontent.com/u/6404718?v=4,,https://api.github.com/users/benkelly,https://github.com/benkelly,https://api.github.com/users/benkelly/followers,https://api.github.com/users/benkelly/following{/other_user},https://api.github.com/users/benkelly/gists{/gist_id},https://api.github.com/users/benkelly/starred{/owner}{/repo},https://api.github.com/users/benkelly/subscriptions,https://api.github.com/users/benkelly/orgs,https://api.github.com/users/benkelly/repos,https://api.github.com/users/benkelly/events{/privacy},https://api.github.com/users/benkelly/received_events,User,False,1
classickartik,73540552,MDQ6VXNlcjczNTQwNTUy,https://avatars.githubusercontent.com/u/73540552?v=4,,https://api.github.com/users/classickartik,https://github.com/classickartik,https://api.github.com/users/classickartik/followers,https://api.github.com/users/classickartik/following{/other_user},https://api.github.com/users/classickartik/gists{/gist_id},https://api.github.com/users/classickartik/starred{/owner}{/repo},https://api.github.com/users/classickartik/subscriptions,https://api.github.com/users/classickartik/orgs,https://api.github.com/users/classickartik/repos,https://api.github.com/users/classickartik/events{/privacy},https://api.github.com/users/classickartik/received_events,User,False,1
ctas582,23718447,MDQ6VXNlcjIzNzE4NDQ3,https://avatars.githubusercontent.com/u/23718447?v=4,,https://api.github.com/users/ctas582,https://github.com/ctas582,https://api.github.com/users/ctas582/followers,https://api.github.com/users/ctas582/following{/other_user},https://api.github.com/users/ctas582/gists{/gist_id},https://api.github.com/users/ctas582/starred{/owner}{/repo},https://api.github.com/users/ctas582/subscriptions,https://api.github.com/users/ctas582/orgs,https://api.github.com/users/ctas582/repos,https://api.github.com/users/ctas582/events{/privacy},https://api.github.com/users/ctas582/received_events,User,False,1
haydenmarchant,5738057,MDQ6VXNlcjU3MzgwNTc=,https://avatars.githubusercontent.com/u/5738057?v=4,,https://api.github.com/users/haydenmarchant,https://github.com/haydenmarchant,https://api.github.com/users/haydenmarchant/followers,https://api.github.com/users/haydenmarchant/following{/other_user},https://api.github.com/users/haydenmarchant/gists{/gist_id},https://api.github.com/users/haydenmarchant/starred{/owner}{/repo},https://api.github.com/users/haydenmarchant/subscriptions,https://api.github.com/users/haydenmarchant/orgs,https://api.github.com/users/haydenmarchant/repos,https://api.github.com/users/haydenmarchant/events{/privacy},https://api.github.com/users/haydenmarchant/received_events,User,False,1
jschmidt10,1583214,MDQ6VXNlcjE1ODMyMTQ=,https://avatars.githubusercontent.com/u/1583214?v=4,,https://api.github.com/users/jschmidt10,https://github.com/jschmidt10,https://api.github.com/users/jschmidt10/followers,https://api.github.com/users/jschmidt10/following{/other_user},https://api.github.com/users/jschmidt10/gists{/gist_id},https://api.github.com/users/jschmidt10/starred{/owner}{/repo},https://api.github.com/users/jschmidt10/subscriptions,https://api.github.com/users/jschmidt10/orgs,https://api.github.com/users/jschmidt10/repos,https://api.github.com/users/jschmidt10/events{/privacy},https://api.github.com/users/jschmidt10/received_events,User,False,1
jjmar11,80709086,MDQ6VXNlcjgwNzA5MDg2,https://avatars.githubusercontent.com/u/80709086?v=4,,https://api.github.com/users/jjmar11,https://github.com/jjmar11,https://api.github.com/users/jjmar11/followers,https://api.github.com/users/jjmar11/following{/other_user},https://api.github.com/users/jjmar11/gists{/gist_id},https://api.github.com/users/jjmar11/starred{/owner}{/repo},https://api.github.com/users/jjmar11/subscriptions,https://api.github.com/users/jjmar11/orgs,https://api.github.com/users/jjmar11/repos,https://api.github.com/users/jjmar11/events{/privacy},https://api.github.com/users/jjmar11/received_events,User,False,1
kitswas,90329875,MDQ6VXNlcjkwMzI5ODc1,https://avatars.githubusercontent.com/u/90329875?v=4,,https://api.github.com/users/kitswas,https://github.com/kitswas,https://api.github.com/users/kitswas/followers,https://api.github.com/users/kitswas/following{/other_user},https://api.github.com/users/kitswas/gists{/gist_id},https://api.github.com/users/kitswas/starred{/owner}{/repo},https://api.github.com/users/kitswas/subscriptions,https://api.github.com/users/kitswas/orgs,https://api.github.com/users/kitswas/repos,https://api.github.com/users/kitswas/events{/privacy},https://api.github.com/users/kitswas/received_events,User,False,1
klucar,631840,MDQ6VXNlcjYzMTg0MA==,https://avatars.githubusercontent.com/u/631840?v=4,,https://api.github.com/users/klucar,https://github.com/klucar,https://api.github.com/users/klucar/followers,https://api.github.com/users/klucar/following{/other_user},https://api.github.com/users/klucar/gists{/gist_id},https://api.github.com/users/klucar/starred{/owner}{/repo},https://api.github.com/users/klucar/subscriptions,https://api.github.com/users/klucar/orgs,https://api.github.com/users/klucar/repos,https://api.github.com/users/klucar/events{/privacy},https://api.github.com/users/klucar/received_events,User,False,1
larsw,63235,MDQ6VXNlcjYzMjM1,https://avatars.githubusercontent.com/u/63235?v=4,,https://api.github.com/users/larsw,https://github.com/larsw,https://api.github.com/users/larsw/followers,https://api.github.com/users/larsw/following{/other_user},https://api.github.com/users/larsw/gists{/gist_id},https://api.github.com/users/larsw/starred{/owner}{/repo},https://api.github.com/users/larsw/subscriptions,https://api.github.com/users/larsw/orgs,https://api.github.com/users/larsw/repos,https://api.github.com/users/larsw/events{/privacy},https://api.github.com/users/larsw/received_events,User,False,1
lawynnj,9859770,MDQ6VXNlcjk4NTk3NzA=,https://avatars.githubusercontent.com/u/9859770?v=4,,https://api.github.com/users/lawynnj,https://github.com/lawynnj,https://api.github.com/users/lawynnj/followers,https://api.github.com/users/lawynnj/following{/other_user},https://api.github.com/users/lawynnj/gists{/gist_id},https://api.github.com/users/lawynnj/starred{/owner}{/repo},https://api.github.com/users/lawynnj/subscriptions,https://api.github.com/users/lawynnj/orgs,https://api.github.com/users/lawynnj/repos,https://api.github.com/users/lawynnj/events{/privacy},https://api.github.com/users/lawynnj/received_events,User,False,1
markjens,94677193,U_kgDOBaSoyQ,https://avatars.githubusercontent.com/u/94677193?v=4,,https://api.github.com/users/markjens,https://github.com/markjens,https://api.github.com/users/markjens/followers,https://api.github.com/users/markjens/following{/other_user},https://api.github.com/users/markjens/gists{/gist_id},https://api.github.com/users/markjens/starred{/owner}{/repo},https://api.github.com/users/markjens/subscriptions,https://api.github.com/users/markjens/orgs,https://api.github.com/users/markjens/repos,https://api.github.com/users/markjens/events{/privacy},https://api.github.com/users/markjens/received_events,User,False,1
markxiaotao,26534307,MDQ6VXNlcjI2NTM0MzA3,https://avatars.githubusercontent.com/u/26534307?v=4,,https://api.github.com/users/markxiaotao,https://github.com/markxiaotao,https://api.github.com/users/markxiaotao/followers,https://api.github.com/users/markxiaotao/following{/other_user},https://api.github.com/users/markxiaotao/gists{/gist_id},https://api.github.com/users/markxiaotao/starred{/owner}{/repo},https://api.github.com/users/markxiaotao/subscriptions,https://api.github.com/users/markxiaotao/orgs,https://api.github.com/users/markxiaotao/repos,https://api.github.com/users/markxiaotao/events{/privacy},https://api.github.com/users/markxiaotao/received_events,User,False,1
nikita-sirohi,72053786,MDQ6VXNlcjcyMDUzNzg2,https://avatars.githubusercontent.com/u/72053786?v=4,,https://api.github.com/users/nikita-sirohi,https://github.com/nikita-sirohi,https://api.github.com/users/nikita-sirohi/followers,https://api.github.com/users/nikita-sirohi/following{/other_user},https://api.github.com/users/nikita-sirohi/gists{/gist_id},https://api.github.com/users/nikita-sirohi/starred{/owner}{/repo},https://api.github.com/users/nikita-sirohi/subscriptions,https://api.github.com/users/nikita-sirohi/orgs,https://api.github.com/users/nikita-sirohi/repos,https://api.github.com/users/nikita-sirohi/events{/privacy},https://api.github.com/users/nikita-sirohi/received_events,User,False,1
tynyttie,8038703,MDQ6VXNlcjgwMzg3MDM=,https://avatars.githubusercontent.com/u/8038703?v=4,,https://api.github.com/users/tynyttie,https://github.com/tynyttie,https://api.github.com/users/tynyttie/followers,https://api.github.com/users/tynyttie/following{/other_user},https://api.github.com/users/tynyttie/gists{/gist_id},https://api.github.com/users/tynyttie/starred{/owner}{/repo},https://api.github.com/users/tynyttie/subscriptions,https://api.github.com/users/tynyttie/orgs,https://api.github.com/users/tynyttie/repos,https://api.github.com/users/tynyttie/events{/privacy},https://api.github.com/users/tynyttie/received_events,User,False,1
wx930910,22060531,MDQ6VXNlcjIyMDYwNTMx,https://avatars.githubusercontent.com/u/22060531?v=4,,https://api.github.com/users/wx930910,https://github.com/wx930910,https://api.github.com/users/wx930910/followers,https://api.github.com/users/wx930910/following{/other_user},https://api.github.com/users/wx930910/gists{/gist_id},https://api.github.com/users/wx930910/starred{/owner}{/repo},https://api.github.com/users/wx930910/subscriptions,https://api.github.com/users/wx930910/orgs,https://api.github.com/users/wx930910/repos,https://api.github.com/users/wx930910/events{/privacy},https://api.github.com/users/wx930910/received_events,User,False,1
