full_name,created_at
Redwoodtj/accumulo,2022-10-29 00:19:36
rohankumardubey/apache-accumulo,2022-10-25 06:19:22
berciuliviu/accumulo,2022-10-09 11:23:49
jpdahlke/accumulo,2022-10-07 20:31:51
denimyftiu/accumulo,2022-09-30 09:42:59
William3Johnson/accumulo,2022-09-21 09:46:17
cawaring/accumulo,2022-09-12 13:40:37
varunsh-coder/accumulo,2022-09-10 18:43:13
armbiant/accumulo,2022-08-29 16:13:06
cfkoehler/accumulo,2022-08-26 17:46:51
30-reactions/838-accumulo,2022-08-22 02:25:49
rohanshankar/accumulo_MetricsUtil.initalizeMetrics,2022-08-08 15:56:18
mrzhang638993/accumulo,2022-08-06 09:21:44
pjfanning/accumulo,2022-07-20 02:00:36
tryweirdier/accumulo,2022-07-08 14:58:46
cshannon/accumulo,2022-07-02 18:48:36
skirklin/accumulo,2022-06-09 17:46:00
TheRootConnection/accumulo,2022-06-08 15:40:42
nosewings/accumulo,2022-05-23 16:58:01
smoothzebra/accumulo,2022-05-14 16:18:50
knut0815/accumulo,2022-05-10 07:58:18
tchaie/accumulo,2022-04-29 20:00:24
kitswas/accumulo,2022-04-27 16:45:12
CAIWan1998/accumulo,2022-04-23 20:14:23
rverk/accumulo,2022-04-13 21:25:36
sdavid10/6673-testing-accumulo,2022-04-11 22:19:09
Redwoodtj/accumulo,2022-10-29 00:19:36
rohankumardubey/apache-accumulo,2022-10-25 06:19:22
berciuliviu/accumulo,2022-10-09 11:23:49
jpdahlke/accumulo,2022-10-07 20:31:51
denimyftiu/accumulo,2022-09-30 09:42:59
William3Johnson/accumulo,2022-09-21 09:46:17
cawaring/accumulo,2022-09-12 13:40:37
varunsh-coder/accumulo,2022-09-10 18:43:13
armbiant/accumulo,2022-08-29 16:13:06
cfkoehler/accumulo,2022-08-26 17:46:51
30-reactions/838-accumulo,2022-08-22 02:25:49
rohanshankar/accumulo_MetricsUtil.initalizeMetrics,2022-08-08 15:56:18
mrzhang638993/accumulo,2022-08-06 09:21:44
pjfanning/accumulo,2022-07-20 02:00:36
tryweirdier/accumulo,2022-07-08 14:58:46
cshannon/accumulo,2022-07-02 18:48:36
skirklin/accumulo,2022-06-09 17:46:00
TheRootConnection/accumulo,2022-06-08 15:40:42
nosewings/accumulo,2022-05-23 16:58:01
smoothzebra/accumulo,2022-05-14 16:18:50
knut0815/accumulo,2022-05-10 07:58:18
tchaie/accumulo,2022-04-29 20:00:24
kitswas/accumulo,2022-04-27 16:45:12
CAIWan1998/accumulo,2022-04-23 20:14:23
rverk/accumulo,2022-04-13 21:25:36
sdavid10/6673-testing-accumulo,2022-04-11 22:19:09
nikita-sirohi/accumulo,2022-04-11 18:02:23
Codegass/accumulo,2022-02-25 17:26:25
SouGrati/accumulo,2022-02-23 08:07:23
bapan25/accumulo,2022-02-20 15:55:42
KikiManjaro/accumulo,2022-02-20 15:16:18
Infinite-graph/accumulo,2022-02-03 22:12:01
sonatype-lift-apache/accumulo,2022-01-31 11:53:31
rsujith7079/accumulo,2022-01-28 10:49:33
Manny27nyc/accumulo,2022-01-16 17:03:21
filipedfr/accumulo,2022-01-13 21:54:34
markjens/accumulo,2021-12-02 12:14:09
martin-g/accumulo,2021-12-02 11:58:00
trietopsoft/accumulo,2021-11-17 18:18:40
danielhumfleet/accumulo,2021-11-10 01:10:54
cch-k/accumulo,2021-11-10 00:50:34
QPC-WORLDWIDE/accumulo,2021-11-06 22:42:15
bigconnect/accumulo,2021-11-02 16:35:11
tulikavijay/accumulo,2021-10-29 16:20:15
cmayurin/accumulo,2021-10-29 01:29:26
johanwasserman/accumulo,2021-10-26 23:19:47
ChaseKnowlden/accumulo,2021-09-28 17:21:28
LCB14/accumulo,2021-09-15 09:00:49
shreelakshmijoshi/accumulo,2021-08-23 16:19:43
rs-store-personal/accumulo,2021-08-22 10:48:22
rs-store/accumulo,2021-08-22 10:48:06
kaydoh/accumulo,2021-08-20 17:42:33
Accumulo-S3/accumulo,2021-08-12 19:06:39
wx930910/accumulo,2021-08-08 05:37:25
cbevard1/accumulo,2021-08-06 12:19:50
Shivakumar-SG/accumulo,2021-08-03 11:59:37
AvineshTripathi/accumulo,2021-07-30 16:11:29
classickartik/accumulo,2021-07-14 21:01:15
christine-314/accumulo,2021-07-12 17:13:44
fsociety62/accumulo,2021-06-20 00:49:41
mjwall/accumulo,2021-06-19 18:11:02
elahrvivaz/accumulo,2021-06-14 14:51:01
forkeruser/accumulo,2021-06-03 09:25:03
Upinstuff/accumulo,2021-05-25 01:42:46
foster33/accumulo,2021-05-24 15:16:45
Akshit6828/accumulo,2021-05-04 21:09:58
Amisha328/accumulo,2021-05-02 02:18:42
lawynnj/accumulo,2021-05-01 15:42:21
hguercan/accumulo,2021-04-30 22:56:10
nicolasalarconrapela/accumulo,2021-04-29 16:00:30
vallari118/accumulo,2021-04-28 14:55:18
Amrita0054/accumulo,2021-04-27 20:16:59
syedmalimustafa/accumulo,2021-04-26 18:52:10
jjmar11/accumulo,2021-04-13 14:49:24
harjitdotsingh/accumulo,2021-03-24 03:28:53
welshcake11/accumulo,2021-03-20 15:42:47
cmilbert/accumulo-1,2021-03-19 19:56:44
kaycoinsUSA/accumulo,2021-03-18 00:05:11
SamihaShimmi/accumulo,2021-02-04 17:26:55
liusheng/accumulo,2021-01-28 09:24:31
sjyang18/accumulo,2021-01-25 22:11:12
SINHASantos/accumulo,2021-01-12 20:09:57
slackwinner/accumulo,2021-01-07 14:02:31
AlbertWhitlock/accumulo,2021-01-04 16:35:35
ORG-MARS/accumulo,2020-12-25 02:44:14
Rivaldosetiawan135/accumulo,2020-12-24 17:09:28
GreenCee/accumulo,2020-12-18 17:04:05
i-spark/accumulo,2020-12-10 08:37:30
d-hwang/accumulo,2020-11-27 17:20:45
dataliz9r/accumulo,2020-11-25 20:27:20
dengziming/accumulo,2020-11-25 01:50:45
eosioAdminmanager/accumulo,2020-11-21 19:55:34
DomGarguilo/accumulo,2020-11-16 15:36:26
project-kotinos/accumulo,2020-10-26 01:32:11
NeoTim/accumulo,2020-10-13 03:12:14
oflenake/accumulo,2020-10-10 00:27:33
TomMD/accumulo,2020-10-07 16:22:40
kcs-aliabbasb/accumulo,2020-10-05 12:26:55
lbschanno/accumulo,2020-09-08 14:19:54
tynyttie/accumulo,2020-08-17 17:11:21
dlmarion/accumulo,2020-08-11 11:57:06
jlpedrosa/accumulo,2020-07-31 10:02:36
benkelly/accumulo,2020-07-23 10:31:57
rejji/accumulo,2020-07-19 14:22:29
friedlou/accumulo,2020-07-09 16:00:07
markxiaotao/accumulo,2020-07-08 07:16:07
jfrazee/accumulo,2020-06-23 21:30:34
semantic-conflicts/accumulo,2020-05-25 16:22:02
SDGSemantic/accumulo,2020-05-25 13:51:35
jimcke/accumulo,2020-05-21 14:26:17
mware-solutions/accumulo,2020-05-13 03:25:02
m29827/accumulo,2020-05-07 07:33:24
tushardhadiwal/accumulo,2020-04-20 21:10:56
diotro/accumulo,2020-04-16 22:09:11
davkeor/accumulo,2020-03-31 01:36:56
FREECREDIT10MYR/accumulo,2020-03-25 15:14:57
DDevinda/accumulo,2020-03-19 02:43:10
nasuwt/accumulo,2020-03-13 21:11:40
vikasuhag/accumulo,2020-02-23 12:36:52
adamkrunner/accumulo,2020-02-14 00:55:52
ron-rico/accumulo,2020-02-12 20:15:33
MuazmaZ/accumulo,2020-02-11 15:29:33
cradal/accumulo,2020-01-27 13:41:38
feloxx/accumulo,2019-12-25 10:08:49
karthick-rn/accumulo,2019-12-06 12:20:43
mineralntl/accumulo,2019-12-05 16:06:15
mandarinamdar/accumulo,2019-11-14 23:03:57
mesmoiron/accumulo,2019-11-13 08:44:21
srajtiwari/accumulo,2019-11-12 23:10:35
arvindshmicrosoft/accumulo,2019-11-12 15:35:48
dd-guo/accumulo,2019-11-11 02:55:46
yaxche-io/accumulo,2019-11-07 23:39:29
conceptslearningmachine-FEIN-85-1759293/accumulo,2019-10-31 14:55:23
billierinaldi/accumulo,2019-10-23 15:13:07
CaptainLazarus/accumulo,2019-10-18 10:39:52
rowhit/accumulo,2019-10-11 05:03:23
XuQianJin-Stars/accumulo,2019-09-28 03:09:42
eisber/accumulo,2019-09-27 11:56:07
ramch22/accumulo,2019-09-19 15:28:56
etseidl/accumulo,2019-09-18 18:53:06
Munyola/accumulo,2019-09-10 19:48:22
GuardianRG/accumulo,2019-09-06 19:32:47
mmmika/accumulo,2019-09-06 16:16:34
Rain168/accumulo,2019-08-19 06:28:39
mwizeman/accumulo,2019-08-15 20:19:28
aashish24/accumulo,2019-08-15 13:28:41
BukrosSzabolcs/accumulo,2019-08-12 09:08:06
belugabehr/accumulo,2019-08-09 14:29:09
huangweiboy/accumulo,2019-08-09 02:09:54
yubobo/accumulo,2019-08-08 10:38:30
Gplay1/accumulo,2019-07-30 13:55:16
reynoldsm88/accumulo,2019-07-26 13:01:10
ohseongkooi/accumulo,2019-07-15 06:19:56
reggert/accumulo,2019-07-07 23:08:44
apache-gad/accumulo,2019-06-30 01:39:45
kent7301/accumulo,2019-06-26 19:28:36
klinhtran/accumulo,2019-06-03 03:35:14
hitstar/accumulo,2019-05-30 14:44:26
plainolneesh/accumulo,2019-05-29 13:39:15
rcarterjr/accumulo,2019-05-29 13:38:29
artoderk/accumulo,2019-05-20 09:06:56
hkeebler/accumulo,2019-04-15 18:52:33
bd2019us/accumulo,2019-04-14 04:49:43
elinaawise/accumulo,2019-04-11 16:47:43
DonResnik/accumulo,2019-04-08 00:22:20
addicdoe2/accumulo,2019-04-05 16:52:20
sgnls/accumulo,2019-03-08 09:04:40
mblackbourne/accumulo,2019-03-08 01:02:18
raymondSeger/accumulo,2019-03-01 09:56:54
javalibrary/accumulo,2019-02-28 06:30:11
FineAndDandy/accumulo,2019-02-22 16:47:05
andrewglowacki/accumulo,2019-02-13 01:19:02
Diffblue-benchmarks/accumulo,2019-02-08 15:20:43
rangeetpan/accumulo,2019-02-05 23:42:53
muthhus/accumulo,2019-02-02 06:55:30
edd1515/accumulo,2019-02-01 04:18:17
pzhao12testa/accumulo,2019-02-01 02:37:11
Allanini/accumulo,2019-01-31 14:49:06
zhaoying12/accumulo,2019-01-31 08:16:45
XLBetlog/accumulo,2019-01-31 04:48:06
efisher1626/accumulo,2019-01-29 16:24:55
phanindra-19/accumulo,2019-01-28 14:29:53
tool-recommender-bot/accumulo,2019-01-27 05:05:07
rogerQueen/accumulo,2019-01-27 02:00:49
Humbergb/accumulo,2019-01-26 20:39:07
SecOpsGit/accumulo,2019-01-25 16:42:02
fisher2017/accumulo,2019-01-25 10:26:13
MrDLontheway/accumulo,2019-01-25 01:07:04
Manno15/accumulo,2019-01-24 16:50:08
janijany/accumulo,2019-01-24 12:44:43
githubkey10/accumulo,2019-01-24 12:06:01
lakshmireddaiah/accumulo,2019-01-23 16:44:04
Ashish2203-Test/accumulo,2019-01-23 13:37:58
sonalirungta/accumulo,2019-01-22 18:44:56
joanie81/accumulo,2019-01-21 01:25:20
matteopollich/accumulo,2019-01-20 12:18:32
willmurnane/accumulo,2019-01-16 22:50:01
crossonrose/accumulo,2019-01-16 20:20:04
stjordanis/accumulo,2019-01-14 05:23:06
JamesBorn/accumulo,2019-01-13 09:52:20
