User,NewGithubUser
Akshit6828,False
AlbertWhitlock,False
Amisha328,False
BukrosSzabolcs,False
DomGarguilo,False
DonResnik,False
FineAndDandy,False
KikiManjaro,False
Manno15,False
MrDLontheway,False
MuazmaZ,False
Shivakumar-SG,False
andrewglowacki,False
arvindshmicrosoft,False
bd2019us,False
belugabehr,False
benkelly,False
billierinaldi,False
classickartik,True
cradal,False
cshannon,False
d-hwang,False
dlmarion,False
elinaawise,False
etseidl,False
filipedfr,False
foster33,True
harjitdotsingh,False
hguercan,True
hkeebler,False
jjmar11,True
karthick-rn,False
kitswas,True
lawynnj,False
lbschanno,False
mandarinamdar,False
markjens,True
markxiaotao,False
mjwall,False
nicolasalarconrapela,False
nikita-sirohi,True
nosewings,False
reggert,False
sjyang18,False
skirklin,False
slackwinner,False
srajtiwari,False
syedmalimustafa,True
tchaie,True
trietopsoft,True
tulikavijay,False
tushardhadiwal,False
tynyttie,False
varunsh-coder,False
wx930910,False
