User,NewGithubUser
AndrewJack,False
AntoineDoubovetzky,False
Esemesek,False
EvanBacon,False
Huxpro,False
IanChilds,False
JoshuaGross,False
MaeIg,False
Marcoo09,False
PeteTheHeat,False
Pranav-yadav,False
SidharthGuglani-zz,False
Simek,False
ZHUANGPP,False
ZihanChen-MSFT,False
aditya7fb,False
aniketmathur,False
calebmer,False
charlesbdudley,False
chiaramooney,False
chirag-singhal,False
cipolleschi,False
cortinico,False
d16r,False
dakshbhardwaj,False
dhruvtailor7,False
dmytrorykun,False
ecreeth,False
emilioicai,False
ericlewis,False
fabriziobertoglio1987,False
fkgozali,False
fortmarek,False
gabrieldonadel,False
gedeagas,False
grit96,False
hoxyq,False
huntie,False
iBotPeaches,False
jacobp100,False
jeswinsimon,False
joshuapinter,False
ken0nek,False
leotm,False
lucasbento,False
lunaleaps,False
matt-oakes,False
michalchudziak,False
mikehardy,False
mweststrate,False
nadiia,False
neildhar,False
nossbigg,False
p-sun,False
philIip,False
priteshrnandgaonkar,False
retyui,False
safaiyeh,False
satya164,False
shergin,False
sota000,False
steveluscher,False
vincentriemer,False
wcandillon,False
willholen,False
yungsters,False
