login,id,node_id,avatar_url,gravatar_id,url,html_url,followers_url,following_url,gists_url,starred_url,subscriptions_url,organizations_url,repos_url,events_url,received_events_url,type,site_admin,contributions
reuben,477142,MDQ6VXNlcjQ3NzE0Mg==,https://avatars.githubusercontent.com/u/477142?v=4,,https://api.github.com/users/reuben,https://github.com/reuben,https://api.github.com/users/reuben/followers,https://api.github.com/users/reuben/following{/other_user},https://api.github.com/users/reuben/gists{/gist_id},https://api.github.com/users/reuben/starred{/owner}{/repo},https://api.github.com/users/reuben/subscriptions,https://api.github.com/users/reuben/orgs,https://api.github.com/users/reuben/repos,https://api.github.com/users/reuben/events{/privacy},https://api.github.com/users/reuben/received_events,User,False,1188
lissyx,1645737,MDQ6VXNlcjE2NDU3Mzc=,https://avatars.githubusercontent.com/u/1645737?v=4,,https://api.github.com/users/lissyx,https://github.com/lissyx,https://api.github.com/users/lissyx/followers,https://api.github.com/users/lissyx/following{/other_user},https://api.github.com/users/lissyx/gists{/gist_id},https://api.github.com/users/lissyx/starred{/owner}{/repo},https://api.github.com/users/lissyx/subscriptions,https://api.github.com/users/lissyx/orgs,https://api.github.com/users/lissyx/repos,https://api.github.com/users/lissyx/events{/privacy},https://api.github.com/users/lissyx/received_events,User,False,591
kdavis-mozilla,12054740,MDQ6VXNlcjEyMDU0NzQw,https://avatars.githubusercontent.com/u/12054740?v=4,,https://api.github.com/users/kdavis-mozilla,https://github.com/kdavis-mozilla,https://api.github.com/users/kdavis-mozilla/followers,https://api.github.com/users/kdavis-mozilla/following{/other_user},https://api.github.com/users/kdavis-mozilla/gists{/gist_id},https://api.github.com/users/kdavis-mozilla/starred{/owner}{/repo},https://api.github.com/users/kdavis-mozilla/subscriptions,https://api.github.com/users/kdavis-mozilla/orgs,https://api.github.com/users/kdavis-mozilla/repos,https://api.github.com/users/kdavis-mozilla/events{/privacy},https://api.github.com/users/kdavis-mozilla/received_events,User,False,276
tilmankamp,5991088,MDQ6VXNlcjU5OTEwODg=,https://avatars.githubusercontent.com/u/5991088?v=4,,https://api.github.com/users/tilmankamp,https://github.com/tilmankamp,https://api.github.com/users/tilmankamp/followers,https://api.github.com/users/tilmankamp/following{/other_user},https://api.github.com/users/tilmankamp/gists{/gist_id},https://api.github.com/users/tilmankamp/starred{/owner}{/repo},https://api.github.com/users/tilmankamp/subscriptions,https://api.github.com/users/tilmankamp/orgs,https://api.github.com/users/tilmankamp/repos,https://api.github.com/users/tilmankamp/events{/privacy},https://api.github.com/users/tilmankamp/received_events,User,False,210
Cwiiis,668518,MDQ6VXNlcjY2ODUxOA==,https://avatars.githubusercontent.com/u/668518?v=4,,https://api.github.com/users/Cwiiis,https://github.com/Cwiiis,https://api.github.com/users/Cwiiis/followers,https://api.github.com/users/Cwiiis/following{/other_user},https://api.github.com/users/Cwiiis/gists{/gist_id},https://api.github.com/users/Cwiiis/starred{/owner}{/repo},https://api.github.com/users/Cwiiis/subscriptions,https://api.github.com/users/Cwiiis/orgs,https://api.github.com/users/Cwiiis/repos,https://api.github.com/users/Cwiiis/events{/privacy},https://api.github.com/users/Cwiiis/received_events,User,False,63
CatalinVoss,332459,MDQ6VXNlcjMzMjQ1OQ==,https://avatars.githubusercontent.com/u/332459?v=4,,https://api.github.com/users/CatalinVoss,https://github.com/CatalinVoss,https://api.github.com/users/CatalinVoss/followers,https://api.github.com/users/CatalinVoss/following{/other_user},https://api.github.com/users/CatalinVoss/gists{/gist_id},https://api.github.com/users/CatalinVoss/starred{/owner}{/repo},https://api.github.com/users/CatalinVoss/subscriptions,https://api.github.com/users/CatalinVoss/orgs,https://api.github.com/users/CatalinVoss/repos,https://api.github.com/users/CatalinVoss/events{/privacy},https://api.github.com/users/CatalinVoss/received_events,User,False,45
JRMeyer,8389864,MDQ6VXNlcjgzODk4NjQ=,https://avatars.githubusercontent.com/u/8389864?v=4,,https://api.github.com/users/JRMeyer,https://github.com/JRMeyer,https://api.github.com/users/JRMeyer/followers,https://api.github.com/users/JRMeyer/following{/other_user},https://api.github.com/users/JRMeyer/gists{/gist_id},https://api.github.com/users/JRMeyer/starred{/owner}{/repo},https://api.github.com/users/JRMeyer/subscriptions,https://api.github.com/users/JRMeyer/orgs,https://api.github.com/users/JRMeyer/repos,https://api.github.com/users/JRMeyer/events{/privacy},https://api.github.com/users/JRMeyer/received_events,User,False,30
carlfm01,32177100,MDQ6VXNlcjMyMTc3MTAw,https://avatars.githubusercontent.com/u/32177100?v=4,,https://api.github.com/users/carlfm01,https://github.com/carlfm01,https://api.github.com/users/carlfm01/followers,https://api.github.com/users/carlfm01/following{/other_user},https://api.github.com/users/carlfm01/gists{/gist_id},https://api.github.com/users/carlfm01/starred{/owner}{/repo},https://api.github.com/users/carlfm01/subscriptions,https://api.github.com/users/carlfm01/orgs,https://api.github.com/users/carlfm01/repos,https://api.github.com/users/carlfm01/events{/privacy},https://api.github.com/users/carlfm01/received_events,User,False,28
andi4191,14961916,MDQ6VXNlcjE0OTYxOTE2,https://avatars.githubusercontent.com/u/14961916?v=4,,https://api.github.com/users/andi4191,https://github.com/andi4191,https://api.github.com/users/andi4191/followers,https://api.github.com/users/andi4191/following{/other_user},https://api.github.com/users/andi4191/gists{/gist_id},https://api.github.com/users/andi4191/starred{/owner}{/repo},https://api.github.com/users/andi4191/subscriptions,https://api.github.com/users/andi4191/orgs,https://api.github.com/users/andi4191/repos,https://api.github.com/users/andi4191/events{/privacy},https://api.github.com/users/andi4191/received_events,User,False,16
mychiux413,13641193,MDQ6VXNlcjEzNjQxMTkz,https://avatars.githubusercontent.com/u/13641193?v=4,,https://api.github.com/users/mychiux413,https://github.com/mychiux413,https://api.github.com/users/mychiux413/followers,https://api.github.com/users/mychiux413/following{/other_user},https://api.github.com/users/mychiux413/gists{/gist_id},https://api.github.com/users/mychiux413/starred{/owner}{/repo},https://api.github.com/users/mychiux413/subscriptions,https://api.github.com/users/mychiux413/orgs,https://api.github.com/users/mychiux413/repos,https://api.github.com/users/mychiux413/events{/privacy},https://api.github.com/users/mychiux413/received_events,User,False,13
robmsmt,16005758,MDQ6VXNlcjE2MDA1NzU4,https://avatars.githubusercontent.com/u/16005758?v=4,,https://api.github.com/users/robmsmt,https://github.com/robmsmt,https://api.github.com/users/robmsmt/followers,https://api.github.com/users/robmsmt/following{/other_user},https://api.github.com/users/robmsmt/gists{/gist_id},https://api.github.com/users/robmsmt/starred{/owner}{/repo},https://api.github.com/users/robmsmt/subscriptions,https://api.github.com/users/robmsmt/orgs,https://api.github.com/users/robmsmt/repos,https://api.github.com/users/robmsmt/events{/privacy},https://api.github.com/users/robmsmt/received_events,User,False,12
mcfletch,476378,MDQ6VXNlcjQ3NjM3OA==,https://avatars.githubusercontent.com/u/476378?v=4,,https://api.github.com/users/mcfletch,https://github.com/mcfletch,https://api.github.com/users/mcfletch/followers,https://api.github.com/users/mcfletch/following{/other_user},https://api.github.com/users/mcfletch/gists{/gist_id},https://api.github.com/users/mcfletch/starred{/owner}{/repo},https://api.github.com/users/mcfletch/subscriptions,https://api.github.com/users/mcfletch/orgs,https://api.github.com/users/mcfletch/repos,https://api.github.com/users/mcfletch/events{/privacy},https://api.github.com/users/mcfletch/received_events,User,False,10
bernardohenz,810340,MDQ6VXNlcjgxMDM0MA==,https://avatars.githubusercontent.com/u/810340?v=4,,https://api.github.com/users/bernardohenz,https://github.com/bernardohenz,https://api.github.com/users/bernardohenz/followers,https://api.github.com/users/bernardohenz/following{/other_user},https://api.github.com/users/bernardohenz/gists{/gist_id},https://api.github.com/users/bernardohenz/starred{/owner}{/repo},https://api.github.com/users/bernardohenz/subscriptions,https://api.github.com/users/bernardohenz/orgs,https://api.github.com/users/bernardohenz/repos,https://api.github.com/users/bernardohenz/events{/privacy},https://api.github.com/users/bernardohenz/received_events,User,False,10
ftyers,449545,MDQ6VXNlcjQ0OTU0NQ==,https://avatars.githubusercontent.com/u/449545?v=4,,https://api.github.com/users/ftyers,https://github.com/ftyers,https://api.github.com/users/ftyers/followers,https://api.github.com/users/ftyers/following{/other_user},https://api.github.com/users/ftyers/gists{/gist_id},https://api.github.com/users/ftyers/starred{/owner}{/repo},https://api.github.com/users/ftyers/subscriptions,https://api.github.com/users/ftyers/orgs,https://api.github.com/users/ftyers/repos,https://api.github.com/users/ftyers/events{/privacy},https://api.github.com/users/ftyers/received_events,User,False,10
imskr,42062622,MDQ6VXNlcjQyMDYyNjIy,https://avatars.githubusercontent.com/u/42062622?v=4,,https://api.github.com/users/imskr,https://github.com/imskr,https://api.github.com/users/imskr/followers,https://api.github.com/users/imskr/following{/other_user},https://api.github.com/users/imskr/gists{/gist_id},https://api.github.com/users/imskr/starred{/owner}{/repo},https://api.github.com/users/imskr/subscriptions,https://api.github.com/users/imskr/orgs,https://api.github.com/users/imskr/repos,https://api.github.com/users/imskr/events{/privacy},https://api.github.com/users/imskr/received_events,User,False,10
NanoNabla,43477372,MDQ6VXNlcjQzNDc3Mzcy,https://avatars.githubusercontent.com/u/43477372?v=4,,https://api.github.com/users/NanoNabla,https://github.com/NanoNabla,https://api.github.com/users/NanoNabla/followers,https://api.github.com/users/NanoNabla/following{/other_user},https://api.github.com/users/NanoNabla/gists{/gist_id},https://api.github.com/users/NanoNabla/starred{/owner}{/repo},https://api.github.com/users/NanoNabla/subscriptions,https://api.github.com/users/NanoNabla/orgs,https://api.github.com/users/NanoNabla/repos,https://api.github.com/users/NanoNabla/events{/privacy},https://api.github.com/users/NanoNabla/received_events,User,False,9
andrenatal,973388,MDQ6VXNlcjk3MzM4OA==,https://avatars.githubusercontent.com/u/973388?v=4,,https://api.github.com/users/andrenatal,https://github.com/andrenatal,https://api.github.com/users/andrenatal/followers,https://api.github.com/users/andrenatal/following{/other_user},https://api.github.com/users/andrenatal/gists{/gist_id},https://api.github.com/users/andrenatal/starred{/owner}{/repo},https://api.github.com/users/andrenatal/subscriptions,https://api.github.com/users/andrenatal/orgs,https://api.github.com/users/andrenatal/repos,https://api.github.com/users/andrenatal/events{/privacy},https://api.github.com/users/andrenatal/received_events,User,False,9
rhamnett,6739670,MDQ6VXNlcjY3Mzk2NzA=,https://avatars.githubusercontent.com/u/6739670?v=4,,https://api.github.com/users/rhamnett,https://github.com/rhamnett,https://api.github.com/users/rhamnett/followers,https://api.github.com/users/rhamnett/following{/other_user},https://api.github.com/users/rhamnett/gists{/gist_id},https://api.github.com/users/rhamnett/starred{/owner}{/repo},https://api.github.com/users/rhamnett/subscriptions,https://api.github.com/users/rhamnett/orgs,https://api.github.com/users/rhamnett/repos,https://api.github.com/users/rhamnett/events{/privacy},https://api.github.com/users/rhamnett/received_events,User,False,8
bprfh,22616313,MDQ6VXNlcjIyNjE2MzEz,https://avatars.githubusercontent.com/u/22616313?v=4,,https://api.github.com/users/bprfh,https://github.com/bprfh,https://api.github.com/users/bprfh/followers,https://api.github.com/users/bprfh/following{/other_user},https://api.github.com/users/bprfh/gists{/gist_id},https://api.github.com/users/bprfh/starred{/owner}{/repo},https://api.github.com/users/bprfh/subscriptions,https://api.github.com/users/bprfh/orgs,https://api.github.com/users/bprfh/repos,https://api.github.com/users/bprfh/events{/privacy},https://api.github.com/users/bprfh/received_events,User,False,6
nicolaspanel,2500584,MDQ6VXNlcjI1MDA1ODQ=,https://avatars.githubusercontent.com/u/2500584?v=4,,https://api.github.com/users/nicolaspanel,https://github.com/nicolaspanel,https://api.github.com/users/nicolaspanel/followers,https://api.github.com/users/nicolaspanel/following{/other_user},https://api.github.com/users/nicolaspanel/gists{/gist_id},https://api.github.com/users/nicolaspanel/starred{/owner}{/repo},https://api.github.com/users/nicolaspanel/subscriptions,https://api.github.com/users/nicolaspanel/orgs,https://api.github.com/users/nicolaspanel/repos,https://api.github.com/users/nicolaspanel/events{/privacy},https://api.github.com/users/nicolaspanel/received_events,User,False,6
aayagar001,46563478,MDQ6VXNlcjQ2NTYzNDc4,https://avatars.githubusercontent.com/u/46563478?v=4,,https://api.github.com/users/aayagar001,https://github.com/aayagar001,https://api.github.com/users/aayagar001/followers,https://api.github.com/users/aayagar001/following{/other_user},https://api.github.com/users/aayagar001/gists{/gist_id},https://api.github.com/users/aayagar001/starred{/owner}{/repo},https://api.github.com/users/aayagar001/subscriptions,https://api.github.com/users/aayagar001/orgs,https://api.github.com/users/aayagar001/repos,https://api.github.com/users/aayagar001/events{/privacy},https://api.github.com/users/aayagar001/received_events,User,False,5
gardenia22,3919482,MDQ6VXNlcjM5MTk0ODI=,https://avatars.githubusercontent.com/u/3919482?v=4,,https://api.github.com/users/gardenia22,https://github.com/gardenia22,https://api.github.com/users/gardenia22/followers,https://api.github.com/users/gardenia22/following{/other_user},https://api.github.com/users/gardenia22/gists{/gist_id},https://api.github.com/users/gardenia22/starred{/owner}{/repo},https://api.github.com/users/gardenia22/subscriptions,https://api.github.com/users/gardenia22/orgs,https://api.github.com/users/gardenia22/repos,https://api.github.com/users/gardenia22/events{/privacy},https://api.github.com/users/gardenia22/received_events,User,False,5
imrahul361,36432937,MDQ6VXNlcjM2NDMyOTM3,https://avatars.githubusercontent.com/u/36432937?v=4,,https://api.github.com/users/imrahul361,https://github.com/imrahul361,https://api.github.com/users/imrahul361/followers,https://api.github.com/users/imrahul361/following{/other_user},https://api.github.com/users/imrahul361/gists{/gist_id},https://api.github.com/users/imrahul361/starred{/owner}{/repo},https://api.github.com/users/imrahul361/subscriptions,https://api.github.com/users/imrahul361/orgs,https://api.github.com/users/imrahul361/repos,https://api.github.com/users/imrahul361/events{/privacy},https://api.github.com/users/imrahul361/received_events,User,False,5
juandspy,42124482,MDQ6VXNlcjQyMTI0NDgy,https://avatars.githubusercontent.com/u/42124482?v=4,,https://api.github.com/users/juandspy,https://github.com/juandspy,https://api.github.com/users/juandspy/followers,https://api.github.com/users/juandspy/following{/other_user},https://api.github.com/users/juandspy/gists{/gist_id},https://api.github.com/users/juandspy/starred{/owner}{/repo},https://api.github.com/users/juandspy/subscriptions,https://api.github.com/users/juandspy/orgs,https://api.github.com/users/juandspy/repos,https://api.github.com/users/juandspy/events{/privacy},https://api.github.com/users/juandspy/received_events,User,False,5
gvoysey,3641839,MDQ6VXNlcjM2NDE4Mzk=,https://avatars.githubusercontent.com/u/3641839?v=4,,https://api.github.com/users/gvoysey,https://github.com/gvoysey,https://api.github.com/users/gvoysey/followers,https://api.github.com/users/gvoysey/following{/other_user},https://api.github.com/users/gvoysey/gists{/gist_id},https://api.github.com/users/gvoysey/starred{/owner}{/repo},https://api.github.com/users/gvoysey/subscriptions,https://api.github.com/users/gvoysey/orgs,https://api.github.com/users/gvoysey/repos,https://api.github.com/users/gvoysey/events{/privacy},https://api.github.com/users/gvoysey/received_events,User,False,5
Jendker,14967831,MDQ6VXNlcjE0OTY3ODMx,https://avatars.githubusercontent.com/u/14967831?v=4,,https://api.github.com/users/Jendker,https://github.com/Jendker,https://api.github.com/users/Jendker/followers,https://api.github.com/users/Jendker/following{/other_user},https://api.github.com/users/Jendker/gists{/gist_id},https://api.github.com/users/Jendker/starred{/owner}{/repo},https://api.github.com/users/Jendker/subscriptions,https://api.github.com/users/Jendker/orgs,https://api.github.com/users/Jendker/repos,https://api.github.com/users/Jendker/events{/privacy},https://api.github.com/users/Jendker/received_events,User,False,5
GeorgeFedoseev,1129837,MDQ6VXNlcjExMjk4Mzc=,https://avatars.githubusercontent.com/u/1129837?v=4,,https://api.github.com/users/GeorgeFedoseev,https://github.com/GeorgeFedoseev,https://api.github.com/users/GeorgeFedoseev/followers,https://api.github.com/users/GeorgeFedoseev/following{/other_user},https://api.github.com/users/GeorgeFedoseev/gists{/gist_id},https://api.github.com/users/GeorgeFedoseev/starred{/owner}{/repo},https://api.github.com/users/GeorgeFedoseev/subscriptions,https://api.github.com/users/GeorgeFedoseev/orgs,https://api.github.com/users/GeorgeFedoseev/repos,https://api.github.com/users/GeorgeFedoseev/events{/privacy},https://api.github.com/users/GeorgeFedoseev/received_events,User,False,4
rcgale,2279700,MDQ6VXNlcjIyNzk3MDA=,https://avatars.githubusercontent.com/u/2279700?v=4,,https://api.github.com/users/rcgale,https://github.com/rcgale,https://api.github.com/users/rcgale/followers,https://api.github.com/users/rcgale/following{/other_user},https://api.github.com/users/rcgale/gists{/gist_id},https://api.github.com/users/rcgale/starred{/owner}{/repo},https://api.github.com/users/rcgale/subscriptions,https://api.github.com/users/rcgale/orgs,https://api.github.com/users/rcgale/repos,https://api.github.com/users/rcgale/events{/privacy},https://api.github.com/users/rcgale/received_events,User,False,4
piraka9011,16828657,MDQ6VXNlcjE2ODI4NjU3,https://avatars.githubusercontent.com/u/16828657?v=4,,https://api.github.com/users/piraka9011,https://github.com/piraka9011,https://api.github.com/users/piraka9011/followers,https://api.github.com/users/piraka9011/following{/other_user},https://api.github.com/users/piraka9011/gists{/gist_id},https://api.github.com/users/piraka9011/starred{/owner}{/repo},https://api.github.com/users/piraka9011/subscriptions,https://api.github.com/users/piraka9011/orgs,https://api.github.com/users/piraka9011/repos,https://api.github.com/users/piraka9011/events{/privacy},https://api.github.com/users/piraka9011/received_events,User,False,3
areyliu6,13973275,MDQ6VXNlcjEzOTczMjc1,https://avatars.githubusercontent.com/u/13973275?v=4,,https://api.github.com/users/areyliu6,https://github.com/areyliu6,https://api.github.com/users/areyliu6/followers,https://api.github.com/users/areyliu6/following{/other_user},https://api.github.com/users/areyliu6/gists{/gist_id},https://api.github.com/users/areyliu6/starred{/owner}{/repo},https://api.github.com/users/areyliu6/subscriptions,https://api.github.com/users/areyliu6/orgs,https://api.github.com/users/areyliu6/repos,https://api.github.com/users/areyliu6/events{/privacy},https://api.github.com/users/areyliu6/received_events,User,False,3
baljeet,2904037,MDQ6VXNlcjI5MDQwMzc=,https://avatars.githubusercontent.com/u/2904037?v=4,,https://api.github.com/users/baljeet,https://github.com/baljeet,https://api.github.com/users/baljeet/followers,https://api.github.com/users/baljeet/following{/other_user},https://api.github.com/users/baljeet/gists{/gist_id},https://api.github.com/users/baljeet/starred{/owner}{/repo},https://api.github.com/users/baljeet/subscriptions,https://api.github.com/users/baljeet/orgs,https://api.github.com/users/baljeet/repos,https://api.github.com/users/baljeet/events{/privacy},https://api.github.com/users/baljeet/received_events,User,False,3
jorxster,12818611,MDQ6VXNlcjEyODE4NjEx,https://avatars.githubusercontent.com/u/12818611?v=4,,https://api.github.com/users/jorxster,https://github.com/jorxster,https://api.github.com/users/jorxster/followers,https://api.github.com/users/jorxster/following{/other_user},https://api.github.com/users/jorxster/gists{/gist_id},https://api.github.com/users/jorxster/starred{/owner}{/repo},https://api.github.com/users/jorxster/subscriptions,https://api.github.com/users/jorxster/orgs,https://api.github.com/users/jorxster/repos,https://api.github.com/users/jorxster/events{/privacy},https://api.github.com/users/jorxster/received_events,User,False,3
KathyReid,114158,MDQ6VXNlcjExNDE1OA==,https://avatars.githubusercontent.com/u/114158?v=4,,https://api.github.com/users/KathyReid,https://github.com/KathyReid,https://api.github.com/users/KathyReid/followers,https://api.github.com/users/KathyReid/following{/other_user},https://api.github.com/users/KathyReid/gists{/gist_id},https://api.github.com/users/KathyReid/starred{/owner}{/repo},https://api.github.com/users/KathyReid/subscriptions,https://api.github.com/users/KathyReid/orgs,https://api.github.com/users/KathyReid/repos,https://api.github.com/users/KathyReid/events{/privacy},https://api.github.com/users/KathyReid/received_events,User,False,3
eggonlea,610469,MDQ6VXNlcjYxMDQ2OQ==,https://avatars.githubusercontent.com/u/610469?v=4,,https://api.github.com/users/eggonlea,https://github.com/eggonlea,https://api.github.com/users/eggonlea/followers,https://api.github.com/users/eggonlea/following{/other_user},https://api.github.com/users/eggonlea/gists{/gist_id},https://api.github.com/users/eggonlea/starred{/owner}{/repo},https://api.github.com/users/eggonlea/subscriptions,https://api.github.com/users/eggonlea/orgs,https://api.github.com/users/eggonlea/repos,https://api.github.com/users/eggonlea/events{/privacy},https://api.github.com/users/eggonlea/received_events,User,False,3
CR1AT0RS,4299288,MDQ6VXNlcjQyOTkyODg=,https://avatars.githubusercontent.com/u/4299288?v=4,,https://api.github.com/users/CR1AT0RS,https://github.com/CR1AT0RS,https://api.github.com/users/CR1AT0RS/followers,https://api.github.com/users/CR1AT0RS/following{/other_user},https://api.github.com/users/CR1AT0RS/gists{/gist_id},https://api.github.com/users/CR1AT0RS/starred{/owner}{/repo},https://api.github.com/users/CR1AT0RS/subscriptions,https://api.github.com/users/CR1AT0RS/orgs,https://api.github.com/users/CR1AT0RS/repos,https://api.github.com/users/CR1AT0RS/events{/privacy},https://api.github.com/users/CR1AT0RS/received_events,User,False,3
olafthiele,30040326,MDQ6VXNlcjMwMDQwMzI2,https://avatars.githubusercontent.com/u/30040326?v=4,,https://api.github.com/users/olafthiele,https://github.com/olafthiele,https://api.github.com/users/olafthiele/followers,https://api.github.com/users/olafthiele/following{/other_user},https://api.github.com/users/olafthiele/gists{/gist_id},https://api.github.com/users/olafthiele/starred{/owner}{/repo},https://api.github.com/users/olafthiele/subscriptions,https://api.github.com/users/olafthiele/orgs,https://api.github.com/users/olafthiele/repos,https://api.github.com/users/olafthiele/events{/privacy},https://api.github.com/users/olafthiele/received_events,User,False,3
vinhngx,7205508,MDQ6VXNlcjcyMDU1MDg=,https://avatars.githubusercontent.com/u/7205508?v=4,,https://api.github.com/users/vinhngx,https://github.com/vinhngx,https://api.github.com/users/vinhngx/followers,https://api.github.com/users/vinhngx/following{/other_user},https://api.github.com/users/vinhngx/gists{/gist_id},https://api.github.com/users/vinhngx/starred{/owner}{/repo},https://api.github.com/users/vinhngx/subscriptions,https://api.github.com/users/vinhngx/orgs,https://api.github.com/users/vinhngx/repos,https://api.github.com/users/vinhngx/events{/privacy},https://api.github.com/users/vinhngx/received_events,User,False,3
bjornbytes,784805,MDQ6VXNlcjc4NDgwNQ==,https://avatars.githubusercontent.com/u/784805?v=4,,https://api.github.com/users/bjornbytes,https://github.com/bjornbytes,https://api.github.com/users/bjornbytes/followers,https://api.github.com/users/bjornbytes/following{/other_user},https://api.github.com/users/bjornbytes/gists{/gist_id},https://api.github.com/users/bjornbytes/starred{/owner}{/repo},https://api.github.com/users/bjornbytes/subscriptions,https://api.github.com/users/bjornbytes/orgs,https://api.github.com/users/bjornbytes/repos,https://api.github.com/users/bjornbytes/events{/privacy},https://api.github.com/users/bjornbytes/received_events,User,False,3
crs117,1690117,MDQ6VXNlcjE2OTAxMTc=,https://avatars.githubusercontent.com/u/1690117?v=4,,https://api.github.com/users/crs117,https://github.com/crs117,https://api.github.com/users/crs117/followers,https://api.github.com/users/crs117/following{/other_user},https://api.github.com/users/crs117/gists{/gist_id},https://api.github.com/users/crs117/starred{/owner}{/repo},https://api.github.com/users/crs117/subscriptions,https://api.github.com/users/crs117/orgs,https://api.github.com/users/crs117/repos,https://api.github.com/users/crs117/events{/privacy},https://api.github.com/users/crs117/received_events,User,False,3
daanzu,4319503,MDQ6VXNlcjQzMTk1MDM=,https://avatars.githubusercontent.com/u/4319503?v=4,,https://api.github.com/users/daanzu,https://github.com/daanzu,https://api.github.com/users/daanzu/followers,https://api.github.com/users/daanzu/following{/other_user},https://api.github.com/users/daanzu/gists{/gist_id},https://api.github.com/users/daanzu/starred{/owner}{/repo},https://api.github.com/users/daanzu/subscriptions,https://api.github.com/users/daanzu/orgs,https://api.github.com/users/daanzu/repos,https://api.github.com/users/daanzu/events{/privacy},https://api.github.com/users/daanzu/received_events,User,False,3
igorfritzsch,7942067,MDQ6VXNlcjc5NDIwNjc=,https://avatars.githubusercontent.com/u/7942067?v=4,,https://api.github.com/users/igorfritzsch,https://github.com/igorfritzsch,https://api.github.com/users/igorfritzsch/followers,https://api.github.com/users/igorfritzsch/following{/other_user},https://api.github.com/users/igorfritzsch/gists{/gist_id},https://api.github.com/users/igorfritzsch/starred{/owner}{/repo},https://api.github.com/users/igorfritzsch/subscriptions,https://api.github.com/users/igorfritzsch/orgs,https://api.github.com/users/igorfritzsch/repos,https://api.github.com/users/igorfritzsch/events{/privacy},https://api.github.com/users/igorfritzsch/received_events,User,False,3
mach327,75515335,MDQ6VXNlcjc1NTE1MzM1,https://avatars.githubusercontent.com/u/75515335?v=4,,https://api.github.com/users/mach327,https://github.com/mach327,https://api.github.com/users/mach327/followers,https://api.github.com/users/mach327/following{/other_user},https://api.github.com/users/mach327/gists{/gist_id},https://api.github.com/users/mach327/starred{/owner}{/repo},https://api.github.com/users/mach327/subscriptions,https://api.github.com/users/mach327/orgs,https://api.github.com/users/mach327/repos,https://api.github.com/users/mach327/events{/privacy},https://api.github.com/users/mach327/received_events,User,False,3
mathematiguy,11322313,MDQ6VXNlcjExMzIyMzEz,https://avatars.githubusercontent.com/u/11322313?v=4,,https://api.github.com/users/mathematiguy,https://github.com/mathematiguy,https://api.github.com/users/mathematiguy/followers,https://api.github.com/users/mathematiguy/following{/other_user},https://api.github.com/users/mathematiguy/gists{/gist_id},https://api.github.com/users/mathematiguy/starred{/owner}{/repo},https://api.github.com/users/mathematiguy/subscriptions,https://api.github.com/users/mathematiguy/orgs,https://api.github.com/users/mathematiguy/repos,https://api.github.com/users/mathematiguy/events{/privacy},https://api.github.com/users/mathematiguy/received_events,User,False,3
cfreemoser,16628599,MDQ6VXNlcjE2NjI4NTk5,https://avatars.githubusercontent.com/u/16628599?v=4,,https://api.github.com/users/cfreemoser,https://github.com/cfreemoser,https://api.github.com/users/cfreemoser/followers,https://api.github.com/users/cfreemoser/following{/other_user},https://api.github.com/users/cfreemoser/gists{/gist_id},https://api.github.com/users/cfreemoser/starred{/owner}{/repo},https://api.github.com/users/cfreemoser/subscriptions,https://api.github.com/users/cfreemoser/orgs,https://api.github.com/users/cfreemoser/repos,https://api.github.com/users/cfreemoser/events{/privacy},https://api.github.com/users/cfreemoser/received_events,User,False,2
DanBmh,18572490,MDQ6VXNlcjE4NTcyNDkw,https://avatars.githubusercontent.com/u/18572490?v=4,,https://api.github.com/users/DanBmh,https://github.com/DanBmh,https://api.github.com/users/DanBmh/followers,https://api.github.com/users/DanBmh/following{/other_user},https://api.github.com/users/DanBmh/gists{/gist_id},https://api.github.com/users/DanBmh/starred{/owner}{/repo},https://api.github.com/users/DanBmh/subscriptions,https://api.github.com/users/DanBmh/orgs,https://api.github.com/users/DanBmh/repos,https://api.github.com/users/DanBmh/events{/privacy},https://api.github.com/users/DanBmh/received_events,User,False,2
dkakaie,31028960,MDQ6VXNlcjMxMDI4OTYw,https://avatars.githubusercontent.com/u/31028960?v=4,,https://api.github.com/users/dkakaie,https://github.com/dkakaie,https://api.github.com/users/dkakaie/followers,https://api.github.com/users/dkakaie/following{/other_user},https://api.github.com/users/dkakaie/gists{/gist_id},https://api.github.com/users/dkakaie/starred{/owner}{/repo},https://api.github.com/users/dkakaie/subscriptions,https://api.github.com/users/dkakaie/orgs,https://api.github.com/users/dkakaie/repos,https://api.github.com/users/dkakaie/events{/privacy},https://api.github.com/users/dkakaie/received_events,User,False,2
DewiBrynJones,8668769,MDQ6VXNlcjg2Njg3Njk=,https://avatars.githubusercontent.com/u/8668769?v=4,,https://api.github.com/users/DewiBrynJones,https://github.com/DewiBrynJones,https://api.github.com/users/DewiBrynJones/followers,https://api.github.com/users/DewiBrynJones/following{/other_user},https://api.github.com/users/DewiBrynJones/gists{/gist_id},https://api.github.com/users/DewiBrynJones/starred{/owner}{/repo},https://api.github.com/users/DewiBrynJones/subscriptions,https://api.github.com/users/DewiBrynJones/orgs,https://api.github.com/users/DewiBrynJones/repos,https://api.github.com/users/DewiBrynJones/events{/privacy},https://api.github.com/users/DewiBrynJones/received_events,User,False,2
djmitche,28673,MDQ6VXNlcjI4Njcz,https://avatars.githubusercontent.com/u/28673?v=4,,https://api.github.com/users/djmitche,https://github.com/djmitche,https://api.github.com/users/djmitche/followers,https://api.github.com/users/djmitche/following{/other_user},https://api.github.com/users/djmitche/gists{/gist_id},https://api.github.com/users/djmitche/starred{/owner}{/repo},https://api.github.com/users/djmitche/subscriptions,https://api.github.com/users/djmitche/orgs,https://api.github.com/users/djmitche/repos,https://api.github.com/users/djmitche/events{/privacy},https://api.github.com/users/djmitche/received_events,User,False,2
jschueller,3832365,MDQ6VXNlcjM4MzIzNjU=,https://avatars.githubusercontent.com/u/3832365?v=4,,https://api.github.com/users/jschueller,https://github.com/jschueller,https://api.github.com/users/jschueller/followers,https://api.github.com/users/jschueller/following{/other_user},https://api.github.com/users/jschueller/gists{/gist_id},https://api.github.com/users/jschueller/starred{/owner}{/repo},https://api.github.com/users/jschueller/subscriptions,https://api.github.com/users/jschueller/orgs,https://api.github.com/users/jschueller/repos,https://api.github.com/users/jschueller/events{/privacy},https://api.github.com/users/jschueller/received_events,User,False,2
karansag,1545121,MDQ6VXNlcjE1NDUxMjE=,https://avatars.githubusercontent.com/u/1545121?v=4,,https://api.github.com/users/karansag,https://github.com/karansag,https://api.github.com/users/karansag/followers,https://api.github.com/users/karansag/following{/other_user},https://api.github.com/users/karansag/gists{/gist_id},https://api.github.com/users/karansag/starred{/owner}{/repo},https://api.github.com/users/karansag/subscriptions,https://api.github.com/users/karansag/orgs,https://api.github.com/users/karansag/repos,https://api.github.com/users/karansag/events{/privacy},https://api.github.com/users/karansag/received_events,User,False,2
MikalaiDrabovich,953399,MDQ6VXNlcjk1MzM5OQ==,https://avatars.githubusercontent.com/u/953399?v=4,,https://api.github.com/users/MikalaiDrabovich,https://github.com/MikalaiDrabovich,https://api.github.com/users/MikalaiDrabovich/followers,https://api.github.com/users/MikalaiDrabovich/following{/other_user},https://api.github.com/users/MikalaiDrabovich/gists{/gist_id},https://api.github.com/users/MikalaiDrabovich/starred{/owner}{/repo},https://api.github.com/users/MikalaiDrabovich/subscriptions,https://api.github.com/users/MikalaiDrabovich/orgs,https://api.github.com/users/MikalaiDrabovich/repos,https://api.github.com/users/MikalaiDrabovich/events{/privacy},https://api.github.com/users/MikalaiDrabovich/received_events,User,False,2
lnesteroff,35284740,MDQ6VXNlcjM1Mjg0NzQw,https://avatars.githubusercontent.com/u/35284740?v=4,,https://api.github.com/users/lnesteroff,https://github.com/lnesteroff,https://api.github.com/users/lnesteroff/followers,https://api.github.com/users/lnesteroff/following{/other_user},https://api.github.com/users/lnesteroff/gists{/gist_id},https://api.github.com/users/lnesteroff/starred{/owner}{/repo},https://api.github.com/users/lnesteroff/subscriptions,https://api.github.com/users/lnesteroff/orgs,https://api.github.com/users/lnesteroff/repos,https://api.github.com/users/lnesteroff/events{/privacy},https://api.github.com/users/lnesteroff/received_events,User,False,2
nobuf,211832,MDQ6VXNlcjIxMTgzMg==,https://avatars.githubusercontent.com/u/211832?v=4,,https://api.github.com/users/nobuf,https://github.com/nobuf,https://api.github.com/users/nobuf/followers,https://api.github.com/users/nobuf/following{/other_user},https://api.github.com/users/nobuf/gists{/gist_id},https://api.github.com/users/nobuf/starred{/owner}{/repo},https://api.github.com/users/nobuf/subscriptions,https://api.github.com/users/nobuf/orgs,https://api.github.com/users/nobuf/repos,https://api.github.com/users/nobuf/events{/privacy},https://api.github.com/users/nobuf/received_events,User,False,2
NormanTUD,34073778,MDQ6VXNlcjM0MDczNzc4,https://avatars.githubusercontent.com/u/34073778?v=4,,https://api.github.com/users/NormanTUD,https://github.com/NormanTUD,https://api.github.com/users/NormanTUD/followers,https://api.github.com/users/NormanTUD/following{/other_user},https://api.github.com/users/NormanTUD/gists{/gist_id},https://api.github.com/users/NormanTUD/starred{/owner}{/repo},https://api.github.com/users/NormanTUD/subscriptions,https://api.github.com/users/NormanTUD/orgs,https://api.github.com/users/NormanTUD/repos,https://api.github.com/users/NormanTUD/events{/privacy},https://api.github.com/users/NormanTUD/received_events,User,False,2
Rajpratik71,12658912,MDQ6VXNlcjEyNjU4OTEy,https://avatars.githubusercontent.com/u/12658912?v=4,,https://api.github.com/users/Rajpratik71,https://github.com/Rajpratik71,https://api.github.com/users/Rajpratik71/followers,https://api.github.com/users/Rajpratik71/following{/other_user},https://api.github.com/users/Rajpratik71/gists{/gist_id},https://api.github.com/users/Rajpratik71/starred{/owner}{/repo},https://api.github.com/users/Rajpratik71/subscriptions,https://api.github.com/users/Rajpratik71/orgs,https://api.github.com/users/Rajpratik71/repos,https://api.github.com/users/Rajpratik71/events{/privacy},https://api.github.com/users/Rajpratik71/received_events,User,False,2
ricky-ck-chan,35216659,MDQ6VXNlcjM1MjE2NjU5,https://avatars.githubusercontent.com/u/35216659?v=4,,https://api.github.com/users/ricky-ck-chan,https://github.com/ricky-ck-chan,https://api.github.com/users/ricky-ck-chan/followers,https://api.github.com/users/ricky-ck-chan/following{/other_user},https://api.github.com/users/ricky-ck-chan/gists{/gist_id},https://api.github.com/users/ricky-ck-chan/starred{/owner}{/repo},https://api.github.com/users/ricky-ck-chan/subscriptions,https://api.github.com/users/ricky-ck-chan/orgs,https://api.github.com/users/ricky-ck-chan/repos,https://api.github.com/users/ricky-ck-chan/events{/privacy},https://api.github.com/users/ricky-ck-chan/received_events,User,False,2
ryojiysd,17523227,MDQ6VXNlcjE3NTIzMjI3,https://avatars.githubusercontent.com/u/17523227?v=4,,https://api.github.com/users/ryojiysd,https://github.com/ryojiysd,https://api.github.com/users/ryojiysd/followers,https://api.github.com/users/ryojiysd/following{/other_user},https://api.github.com/users/ryojiysd/gists{/gist_id},https://api.github.com/users/ryojiysd/starred{/owner}{/repo},https://api.github.com/users/ryojiysd/subscriptions,https://api.github.com/users/ryojiysd/orgs,https://api.github.com/users/ryojiysd/repos,https://api.github.com/users/ryojiysd/events{/privacy},https://api.github.com/users/ryojiysd/received_events,User,False,2
dabinat,18251622,MDQ6VXNlcjE4MjUxNjIy,https://avatars.githubusercontent.com/u/18251622?v=4,,https://api.github.com/users/dabinat,https://github.com/dabinat,https://api.github.com/users/dabinat/followers,https://api.github.com/users/dabinat/following{/other_user},https://api.github.com/users/dabinat/gists{/gist_id},https://api.github.com/users/dabinat/starred{/owner}{/repo},https://api.github.com/users/dabinat/subscriptions,https://api.github.com/users/dabinat/orgs,https://api.github.com/users/dabinat/repos,https://api.github.com/users/dabinat/events{/privacy},https://api.github.com/users/dabinat/received_events,User,False,2
dwks,713495,MDQ6VXNlcjcxMzQ5NQ==,https://avatars.githubusercontent.com/u/713495?v=4,,https://api.github.com/users/dwks,https://github.com/dwks,https://api.github.com/users/dwks/followers,https://api.github.com/users/dwks/following{/other_user},https://api.github.com/users/dwks/gists{/gist_id},https://api.github.com/users/dwks/starred{/owner}{/repo},https://api.github.com/users/dwks/subscriptions,https://api.github.com/users/dwks/orgs,https://api.github.com/users/dwks/repos,https://api.github.com/users/dwks/events{/privacy},https://api.github.com/users/dwks/received_events,User,False,2
qin,416060,MDQ6VXNlcjQxNjA2MA==,https://avatars.githubusercontent.com/u/416060?v=4,,https://api.github.com/users/qin,https://github.com/qin,https://api.github.com/users/qin/followers,https://api.github.com/users/qin/following{/other_user},https://api.github.com/users/qin/gists{/gist_id},https://api.github.com/users/qin/starred{/owner}{/repo},https://api.github.com/users/qin/subscriptions,https://api.github.com/users/qin/orgs,https://api.github.com/users/qin/repos,https://api.github.com/users/qin/events{/privacy},https://api.github.com/users/qin/received_events,User,False,2
zaptrem,1612230,MDQ6VXNlcjE2MTIyMzA=,https://avatars.githubusercontent.com/u/1612230?v=4,,https://api.github.com/users/zaptrem,https://github.com/zaptrem,https://api.github.com/users/zaptrem/followers,https://api.github.com/users/zaptrem/following{/other_user},https://api.github.com/users/zaptrem/gists{/gist_id},https://api.github.com/users/zaptrem/starred{/owner}{/repo},https://api.github.com/users/zaptrem/subscriptions,https://api.github.com/users/zaptrem/orgs,https://api.github.com/users/zaptrem/repos,https://api.github.com/users/zaptrem/events{/privacy},https://api.github.com/users/zaptrem/received_events,User,False,2
b-ak,4998776,MDQ6VXNlcjQ5OTg3NzY=,https://avatars.githubusercontent.com/u/4998776?v=4,,https://api.github.com/users/b-ak,https://github.com/b-ak,https://api.github.com/users/b-ak/followers,https://api.github.com/users/b-ak/following{/other_user},https://api.github.com/users/b-ak/gists{/gist_id},https://api.github.com/users/b-ak/starred{/owner}{/repo},https://api.github.com/users/b-ak/subscriptions,https://api.github.com/users/b-ak/orgs,https://api.github.com/users/b-ak/repos,https://api.github.com/users/b-ak/events{/privacy},https://api.github.com/users/b-ak/received_events,User,False,2
lwalejko,8046504,MDQ6VXNlcjgwNDY1MDQ=,https://avatars.githubusercontent.com/u/8046504?v=4,,https://api.github.com/users/lwalejko,https://github.com/lwalejko,https://api.github.com/users/lwalejko/followers,https://api.github.com/users/lwalejko/following{/other_user},https://api.github.com/users/lwalejko/gists{/gist_id},https://api.github.com/users/lwalejko/starred{/owner}{/repo},https://api.github.com/users/lwalejko/subscriptions,https://api.github.com/users/lwalejko/orgs,https://api.github.com/users/lwalejko/repos,https://api.github.com/users/lwalejko/events{/privacy},https://api.github.com/users/lwalejko/received_events,User,False,2
blewa,658174,MDQ6VXNlcjY1ODE3NA==,https://avatars.githubusercontent.com/u/658174?v=4,,https://api.github.com/users/blewa,https://github.com/blewa,https://api.github.com/users/blewa/followers,https://api.github.com/users/blewa/following{/other_user},https://api.github.com/users/blewa/gists{/gist_id},https://api.github.com/users/blewa/starred{/owner}{/repo},https://api.github.com/users/blewa/subscriptions,https://api.github.com/users/blewa/orgs,https://api.github.com/users/blewa/repos,https://api.github.com/users/blewa/events{/privacy},https://api.github.com/users/blewa/received_events,User,False,1
thecodrr,7473959,MDQ6VXNlcjc0NzM5NTk=,https://avatars.githubusercontent.com/u/7473959?v=4,,https://api.github.com/users/thecodrr,https://github.com/thecodrr,https://api.github.com/users/thecodrr/followers,https://api.github.com/users/thecodrr/following{/other_user},https://api.github.com/users/thecodrr/gists{/gist_id},https://api.github.com/users/thecodrr/starred{/owner}{/repo},https://api.github.com/users/thecodrr/subscriptions,https://api.github.com/users/thecodrr/orgs,https://api.github.com/users/thecodrr/repos,https://api.github.com/users/thecodrr/events{/privacy},https://api.github.com/users/thecodrr/received_events,User,False,1
alexcannan,19368028,MDQ6VXNlcjE5MzY4MDI4,https://avatars.githubusercontent.com/u/19368028?v=4,,https://api.github.com/users/alexcannan,https://github.com/alexcannan,https://api.github.com/users/alexcannan/followers,https://api.github.com/users/alexcannan/following{/other_user},https://api.github.com/users/alexcannan/gists{/gist_id},https://api.github.com/users/alexcannan/starred{/owner}{/repo},https://api.github.com/users/alexcannan/subscriptions,https://api.github.com/users/alexcannan/orgs,https://api.github.com/users/alexcannan/repos,https://api.github.com/users/alexcannan/events{/privacy},https://api.github.com/users/alexcannan/received_events,User,False,1
Anon-Artist,61599526,MDQ6VXNlcjYxNTk5NTI2,https://avatars.githubusercontent.com/u/61599526?v=4,,https://api.github.com/users/Anon-Artist,https://github.com/Anon-Artist,https://api.github.com/users/Anon-Artist/followers,https://api.github.com/users/Anon-Artist/following{/other_user},https://api.github.com/users/Anon-Artist/gists{/gist_id},https://api.github.com/users/Anon-Artist/starred{/owner}{/repo},https://api.github.com/users/Anon-Artist/subscriptions,https://api.github.com/users/Anon-Artist/orgs,https://api.github.com/users/Anon-Artist/repos,https://api.github.com/users/Anon-Artist/events{/privacy},https://api.github.com/users/Anon-Artist/received_events,User,False,1
stepkillah,10140906,MDQ6VXNlcjEwMTQwOTA2,https://avatars.githubusercontent.com/u/10140906?v=4,,https://api.github.com/users/stepkillah,https://github.com/stepkillah,https://api.github.com/users/stepkillah/followers,https://api.github.com/users/stepkillah/following{/other_user},https://api.github.com/users/stepkillah/gists{/gist_id},https://api.github.com/users/stepkillah/starred{/owner}{/repo},https://api.github.com/users/stepkillah/subscriptions,https://api.github.com/users/stepkillah/orgs,https://api.github.com/users/stepkillah/repos,https://api.github.com/users/stepkillah/events{/privacy},https://api.github.com/users/stepkillah/received_events,User,False,1
eagledot,42858179,MDQ6VXNlcjQyODU4MTc5,https://avatars.githubusercontent.com/u/42858179?v=4,,https://api.github.com/users/eagledot,https://github.com/eagledot,https://api.github.com/users/eagledot/followers,https://api.github.com/users/eagledot/following{/other_user},https://api.github.com/users/eagledot/gists{/gist_id},https://api.github.com/users/eagledot/starred{/owner}{/repo},https://api.github.com/users/eagledot/subscriptions,https://api.github.com/users/eagledot/orgs,https://api.github.com/users/eagledot/repos,https://api.github.com/users/eagledot/events{/privacy},https://api.github.com/users/eagledot/received_events,User,False,1
bhavani-subramanian,28113241,MDQ6VXNlcjI4MTEzMjQx,https://avatars.githubusercontent.com/u/28113241?v=4,,https://api.github.com/users/bhavani-subramanian,https://github.com/bhavani-subramanian,https://api.github.com/users/bhavani-subramanian/followers,https://api.github.com/users/bhavani-subramanian/following{/other_user},https://api.github.com/users/bhavani-subramanian/gists{/gist_id},https://api.github.com/users/bhavani-subramanian/starred{/owner}{/repo},https://api.github.com/users/bhavani-subramanian/subscriptions,https://api.github.com/users/bhavani-subramanian/orgs,https://api.github.com/users/bhavani-subramanian/repos,https://api.github.com/users/bhavani-subramanian/events{/privacy},https://api.github.com/users/bhavani-subramanian/received_events,User,False,1
bhageena,14236753,MDQ6VXNlcjE0MjM2NzUz,https://avatars.githubusercontent.com/u/14236753?v=4,,https://api.github.com/users/bhageena,https://github.com/bhageena,https://api.github.com/users/bhageena/followers,https://api.github.com/users/bhageena/following{/other_user},https://api.github.com/users/bhageena/gists{/gist_id},https://api.github.com/users/bhageena/starred{/owner}{/repo},https://api.github.com/users/bhageena/subscriptions,https://api.github.com/users/bhageena/orgs,https://api.github.com/users/bhageena/repos,https://api.github.com/users/bhageena/events{/privacy},https://api.github.com/users/bhageena/received_events,User,False,1
cahuja1992,5588828,MDQ6VXNlcjU1ODg4Mjg=,https://avatars.githubusercontent.com/u/5588828?v=4,,https://api.github.com/users/cahuja1992,https://github.com/cahuja1992,https://api.github.com/users/cahuja1992/followers,https://api.github.com/users/cahuja1992/following{/other_user},https://api.github.com/users/cahuja1992/gists{/gist_id},https://api.github.com/users/cahuja1992/starred{/owner}{/repo},https://api.github.com/users/cahuja1992/subscriptions,https://api.github.com/users/cahuja1992/orgs,https://api.github.com/users/cahuja1992/repos,https://api.github.com/users/cahuja1992/events{/privacy},https://api.github.com/users/cahuja1992/received_events,User,False,1
celian-garcia,10258608,MDQ6VXNlcjEwMjU4NjA4,https://avatars.githubusercontent.com/u/10258608?v=4,,https://api.github.com/users/celian-garcia,https://github.com/celian-garcia,https://api.github.com/users/celian-garcia/followers,https://api.github.com/users/celian-garcia/following{/other_user},https://api.github.com/users/celian-garcia/gists{/gist_id},https://api.github.com/users/celian-garcia/starred{/owner}{/repo},https://api.github.com/users/celian-garcia/subscriptions,https://api.github.com/users/celian-garcia/orgs,https://api.github.com/users/celian-garcia/repos,https://api.github.com/users/celian-garcia/events{/privacy},https://api.github.com/users/celian-garcia/received_events,User,False,1
dsteinman,3894317,MDQ6VXNlcjM4OTQzMTc=,https://avatars.githubusercontent.com/u/3894317?v=4,,https://api.github.com/users/dsteinman,https://github.com/dsteinman,https://api.github.com/users/dsteinman/followers,https://api.github.com/users/dsteinman/following{/other_user},https://api.github.com/users/dsteinman/gists{/gist_id},https://api.github.com/users/dsteinman/starred{/owner}{/repo},https://api.github.com/users/dsteinman/subscriptions,https://api.github.com/users/dsteinman/orgs,https://api.github.com/users/dsteinman/repos,https://api.github.com/users/dsteinman/events{/privacy},https://api.github.com/users/dsteinman/received_events,User,False,1
danieltinazzi,11833533,MDQ6VXNlcjExODMzNTMz,https://avatars.githubusercontent.com/u/11833533?v=4,,https://api.github.com/users/danieltinazzi,https://github.com/danieltinazzi,https://api.github.com/users/danieltinazzi/followers,https://api.github.com/users/danieltinazzi/following{/other_user},https://api.github.com/users/danieltinazzi/gists{/gist_id},https://api.github.com/users/danieltinazzi/starred{/owner}{/repo},https://api.github.com/users/danieltinazzi/subscriptions,https://api.github.com/users/danieltinazzi/orgs,https://api.github.com/users/danieltinazzi/repos,https://api.github.com/users/danieltinazzi/events{/privacy},https://api.github.com/users/danieltinazzi/received_events,User,False,1
danielwinkler,114568,MDQ6VXNlcjExNDU2OA==,https://avatars.githubusercontent.com/u/114568?v=4,,https://api.github.com/users/danielwinkler,https://github.com/danielwinkler,https://api.github.com/users/danielwinkler/followers,https://api.github.com/users/danielwinkler/following{/other_user},https://api.github.com/users/danielwinkler/gists{/gist_id},https://api.github.com/users/danielwinkler/starred{/owner}{/repo},https://api.github.com/users/danielwinkler/subscriptions,https://api.github.com/users/danielwinkler/orgs,https://api.github.com/users/danielwinkler/repos,https://api.github.com/users/danielwinkler/events{/privacy},https://api.github.com/users/danielwinkler/received_events,User,False,1
divyanshj16,16683472,MDQ6VXNlcjE2NjgzNDcy,https://avatars.githubusercontent.com/u/16683472?v=4,,https://api.github.com/users/divyanshj16,https://github.com/divyanshj16,https://api.github.com/users/divyanshj16/followers,https://api.github.com/users/divyanshj16/following{/other_user},https://api.github.com/users/divyanshj16/gists{/gist_id},https://api.github.com/users/divyanshj16/starred{/owner}{/repo},https://api.github.com/users/divyanshj16/subscriptions,https://api.github.com/users/divyanshj16/orgs,https://api.github.com/users/divyanshj16/repos,https://api.github.com/users/divyanshj16/events{/privacy},https://api.github.com/users/divyanshj16/received_events,User,False,1
dzubke,29796616,MDQ6VXNlcjI5Nzk2NjE2,https://avatars.githubusercontent.com/u/29796616?v=4,,https://api.github.com/users/dzubke,https://github.com/dzubke,https://api.github.com/users/dzubke/followers,https://api.github.com/users/dzubke/following{/other_user},https://api.github.com/users/dzubke/gists{/gist_id},https://api.github.com/users/dzubke/starred{/owner}{/repo},https://api.github.com/users/dzubke/subscriptions,https://api.github.com/users/dzubke/orgs,https://api.github.com/users/dzubke/repos,https://api.github.com/users/dzubke/events{/privacy},https://api.github.com/users/dzubke/received_events,User,False,1
erksch,19290349,MDQ6VXNlcjE5MjkwMzQ5,https://avatars.githubusercontent.com/u/19290349?v=4,,https://api.github.com/users/erksch,https://github.com/erksch,https://api.github.com/users/erksch/followers,https://api.github.com/users/erksch/following{/other_user},https://api.github.com/users/erksch/gists{/gist_id},https://api.github.com/users/erksch/starred{/owner}{/repo},https://api.github.com/users/erksch/subscriptions,https://api.github.com/users/erksch/orgs,https://api.github.com/users/erksch/repos,https://api.github.com/users/erksch/events{/privacy},https://api.github.com/users/erksch/received_events,User,False,1
faissaloo,8840681,MDQ6VXNlcjg4NDA2ODE=,https://avatars.githubusercontent.com/u/8840681?v=4,,https://api.github.com/users/faissaloo,https://github.com/faissaloo,https://api.github.com/users/faissaloo/followers,https://api.github.com/users/faissaloo/following{/other_user},https://api.github.com/users/faissaloo/gists{/gist_id},https://api.github.com/users/faissaloo/starred{/owner}{/repo},https://api.github.com/users/faissaloo/subscriptions,https://api.github.com/users/faissaloo/orgs,https://api.github.com/users/faissaloo/repos,https://api.github.com/users/faissaloo/events{/privacy},https://api.github.com/users/faissaloo/received_events,User,False,1
GoldschmittGabriel,58830501,MDQ6VXNlcjU4ODMwNTAx,https://avatars.githubusercontent.com/u/58830501?v=4,,https://api.github.com/users/GoldschmittGabriel,https://github.com/GoldschmittGabriel,https://api.github.com/users/GoldschmittGabriel/followers,https://api.github.com/users/GoldschmittGabriel/following{/other_user},https://api.github.com/users/GoldschmittGabriel/gists{/gist_id},https://api.github.com/users/GoldschmittGabriel/starred{/owner}{/repo},https://api.github.com/users/GoldschmittGabriel/subscriptions,https://api.github.com/users/GoldschmittGabriel/orgs,https://api.github.com/users/GoldschmittGabriel/repos,https://api.github.com/users/GoldschmittGabriel/events{/privacy},https://api.github.com/users/GoldschmittGabriel/received_events,User,False,1
gregnr,4133076,MDQ6VXNlcjQxMzMwNzY=,https://avatars.githubusercontent.com/u/4133076?v=4,,https://api.github.com/users/gregnr,https://github.com/gregnr,https://api.github.com/users/gregnr/followers,https://api.github.com/users/gregnr/following{/other_user},https://api.github.com/users/gregnr/gists{/gist_id},https://api.github.com/users/gregnr/starred{/owner}{/repo},https://api.github.com/users/gregnr/subscriptions,https://api.github.com/users/gregnr/orgs,https://api.github.com/users/gregnr/repos,https://api.github.com/users/gregnr/events{/privacy},https://api.github.com/users/gregnr/received_events,User,False,1
gnardari,5693195,MDQ6VXNlcjU2OTMxOTU=,https://avatars.githubusercontent.com/u/5693195?v=4,,https://api.github.com/users/gnardari,https://github.com/gnardari,https://api.github.com/users/gnardari/followers,https://api.github.com/users/gnardari/following{/other_user},https://api.github.com/users/gnardari/gists{/gist_id},https://api.github.com/users/gnardari/starred{/owner}{/repo},https://api.github.com/users/gnardari/subscriptions,https://api.github.com/users/gnardari/orgs,https://api.github.com/users/gnardari/repos,https://api.github.com/users/gnardari/events{/privacy},https://api.github.com/users/gnardari/received_events,User,False,1
Ideefixze,44556744,MDQ6VXNlcjQ0NTU2NzQ0,https://avatars.githubusercontent.com/u/44556744?v=4,,https://api.github.com/users/Ideefixze,https://github.com/Ideefixze,https://api.github.com/users/Ideefixze/followers,https://api.github.com/users/Ideefixze/following{/other_user},https://api.github.com/users/Ideefixze/gists{/gist_id},https://api.github.com/users/Ideefixze/starred{/owner}{/repo},https://api.github.com/users/Ideefixze/subscriptions,https://api.github.com/users/Ideefixze/orgs,https://api.github.com/users/Ideefixze/repos,https://api.github.com/users/Ideefixze/events{/privacy},https://api.github.com/users/Ideefixze/received_events,User,False,1
j-a-h-i-r,21159766,MDQ6VXNlcjIxMTU5NzY2,https://avatars.githubusercontent.com/u/21159766?v=4,,https://api.github.com/users/j-a-h-i-r,https://github.com/j-a-h-i-r,https://api.github.com/users/j-a-h-i-r/followers,https://api.github.com/users/j-a-h-i-r/following{/other_user},https://api.github.com/users/j-a-h-i-r/gists{/gist_id},https://api.github.com/users/j-a-h-i-r/starred{/owner}{/repo},https://api.github.com/users/j-a-h-i-r/subscriptions,https://api.github.com/users/j-a-h-i-r/orgs,https://api.github.com/users/j-a-h-i-r/repos,https://api.github.com/users/j-a-h-i-r/events{/privacy},https://api.github.com/users/j-a-h-i-r/received_events,User,False,1
JanX2,192294,MDQ6VXNlcjE5MjI5NA==,https://avatars.githubusercontent.com/u/192294?v=4,,https://api.github.com/users/JanX2,https://github.com/JanX2,https://api.github.com/users/JanX2/followers,https://api.github.com/users/JanX2/following{/other_user},https://api.github.com/users/JanX2/gists{/gist_id},https://api.github.com/users/JanX2/starred{/owner}{/repo},https://api.github.com/users/JanX2/subscriptions,https://api.github.com/users/JanX2/orgs,https://api.github.com/users/JanX2/repos,https://api.github.com/users/JanX2/events{/privacy},https://api.github.com/users/JanX2/received_events,User,False,1
engelmohr,2565120,MDQ6VXNlcjI1NjUxMjA=,https://avatars.githubusercontent.com/u/2565120?v=4,,https://api.github.com/users/engelmohr,https://github.com/engelmohr,https://api.github.com/users/engelmohr/followers,https://api.github.com/users/engelmohr/following{/other_user},https://api.github.com/users/engelmohr/gists{/gist_id},https://api.github.com/users/engelmohr/starred{/owner}{/repo},https://api.github.com/users/engelmohr/subscriptions,https://api.github.com/users/engelmohr/orgs,https://api.github.com/users/engelmohr/repos,https://api.github.com/users/engelmohr/events{/privacy},https://api.github.com/users/engelmohr/received_events,User,False,1
jimregan,227350,MDQ6VXNlcjIyNzM1MA==,https://avatars.githubusercontent.com/u/227350?v=4,,https://api.github.com/users/jimregan,https://github.com/jimregan,https://api.github.com/users/jimregan/followers,https://api.github.com/users/jimregan/following{/other_user},https://api.github.com/users/jimregan/gists{/gist_id},https://api.github.com/users/jimregan/starred{/owner}{/repo},https://api.github.com/users/jimregan/subscriptions,https://api.github.com/users/jimregan/orgs,https://api.github.com/users/jimregan/repos,https://api.github.com/users/jimregan/events{/privacy},https://api.github.com/users/jimregan/received_events,User,False,1
tirkarthi,3972343,MDQ6VXNlcjM5NzIzNDM=,https://avatars.githubusercontent.com/u/3972343?v=4,,https://api.github.com/users/tirkarthi,https://github.com/tirkarthi,https://api.github.com/users/tirkarthi/followers,https://api.github.com/users/tirkarthi/following{/other_user},https://api.github.com/users/tirkarthi/gists{/gist_id},https://api.github.com/users/tirkarthi/starred{/owner}{/repo},https://api.github.com/users/tirkarthi/subscriptions,https://api.github.com/users/tirkarthi/orgs,https://api.github.com/users/tirkarthi/repos,https://api.github.com/users/tirkarthi/events{/privacy},https://api.github.com/users/tirkarthi/received_events,User,False,1
kpu,247512,MDQ6VXNlcjI0NzUxMg==,https://avatars.githubusercontent.com/u/247512?v=4,,https://api.github.com/users/kpu,https://github.com/kpu,https://api.github.com/users/kpu/followers,https://api.github.com/users/kpu/following{/other_user},https://api.github.com/users/kpu/gists{/gist_id},https://api.github.com/users/kpu/starred{/owner}{/repo},https://api.github.com/users/kpu/subscriptions,https://api.github.com/users/kpu/orgs,https://api.github.com/users/kpu/repos,https://api.github.com/users/kpu/events{/privacy},https://api.github.com/users/kpu/received_events,User,False,1
kristiank,1181113,MDQ6VXNlcjExODExMTM=,https://avatars.githubusercontent.com/u/1181113?v=4,,https://api.github.com/users/kristiank,https://github.com/kristiank,https://api.github.com/users/kristiank/followers,https://api.github.com/users/kristiank/following{/other_user},https://api.github.com/users/kristiank/gists{/gist_id},https://api.github.com/users/kristiank/starred{/owner}{/repo},https://api.github.com/users/kristiank/subscriptions,https://api.github.com/users/kristiank/orgs,https://api.github.com/users/kristiank/repos,https://api.github.com/users/kristiank/events{/privacy},https://api.github.com/users/kristiank/received_events,User,False,1
liezl200,1223842,MDQ6VXNlcjEyMjM4NDI=,https://avatars.githubusercontent.com/u/1223842?v=4,,https://api.github.com/users/liezl200,https://github.com/liezl200,https://api.github.com/users/liezl200/followers,https://api.github.com/users/liezl200/following{/other_user},https://api.github.com/users/liezl200/gists{/gist_id},https://api.github.com/users/liezl200/starred{/owner}{/repo},https://api.github.com/users/liezl200/subscriptions,https://api.github.com/users/liezl200/orgs,https://api.github.com/users/liezl200/repos,https://api.github.com/users/liezl200/events{/privacy},https://api.github.com/users/liezl200/received_events,User,False,1
Jemyz,16296683,MDQ6VXNlcjE2Mjk2Njgz,https://avatars.githubusercontent.com/u/16296683?v=4,,https://api.github.com/users/Jemyz,https://github.com/Jemyz,https://api.github.com/users/Jemyz/followers,https://api.github.com/users/Jemyz/following{/other_user},https://api.github.com/users/Jemyz/gists{/gist_id},https://api.github.com/users/Jemyz/starred{/owner}{/repo},https://api.github.com/users/Jemyz/subscriptions,https://api.github.com/users/Jemyz/orgs,https://api.github.com/users/Jemyz/repos,https://api.github.com/users/Jemyz/events{/privacy},https://api.github.com/users/Jemyz/received_events,User,False,1
marekjg,24734083,MDQ6VXNlcjI0NzM0MDgz,https://avatars.githubusercontent.com/u/24734083?v=4,,https://api.github.com/users/marekjg,https://github.com/marekjg,https://api.github.com/users/marekjg/followers,https://api.github.com/users/marekjg/following{/other_user},https://api.github.com/users/marekjg/gists{/gist_id},https://api.github.com/users/marekjg/starred{/owner}{/repo},https://api.github.com/users/marekjg/subscriptions,https://api.github.com/users/marekjg/orgs,https://api.github.com/users/marekjg/repos,https://api.github.com/users/marekjg/events{/privacy},https://api.github.com/users/marekjg/received_events,User,False,1
mikehenrty,635365,MDQ6VXNlcjYzNTM2NQ==,https://avatars.githubusercontent.com/u/635365?v=4,,https://api.github.com/users/mikehenrty,https://github.com/mikehenrty,https://api.github.com/users/mikehenrty/followers,https://api.github.com/users/mikehenrty/following{/other_user},https://api.github.com/users/mikehenrty/gists{/gist_id},https://api.github.com/users/mikehenrty/starred{/owner}{/repo},https://api.github.com/users/mikehenrty/subscriptions,https://api.github.com/users/mikehenrty/orgs,https://api.github.com/users/mikehenrty/repos,https://api.github.com/users/mikehenrty/events{/privacy},https://api.github.com/users/mikehenrty/received_events,User,False,1
mrstegeman,457381,MDQ6VXNlcjQ1NzM4MQ==,https://avatars.githubusercontent.com/u/457381?v=4,,https://api.github.com/users/mrstegeman,https://github.com/mrstegeman,https://api.github.com/users/mrstegeman/followers,https://api.github.com/users/mrstegeman/following{/other_user},https://api.github.com/users/mrstegeman/gists{/gist_id},https://api.github.com/users/mrstegeman/starred{/owner}{/repo},https://api.github.com/users/mrstegeman/subscriptions,https://api.github.com/users/mrstegeman/orgs,https://api.github.com/users/mrstegeman/repos,https://api.github.com/users/mrstegeman/events{/privacy},https://api.github.com/users/mrstegeman/received_events,User,False,1
mdigiorgio,6378106,MDQ6VXNlcjYzNzgxMDY=,https://avatars.githubusercontent.com/u/6378106?v=4,,https://api.github.com/users/mdigiorgio,https://github.com/mdigiorgio,https://api.github.com/users/mdigiorgio/followers,https://api.github.com/users/mdigiorgio/following{/other_user},https://api.github.com/users/mdigiorgio/gists{/gist_id},https://api.github.com/users/mdigiorgio/starred{/owner}{/repo},https://api.github.com/users/mdigiorgio/subscriptions,https://api.github.com/users/mdigiorgio/orgs,https://api.github.com/users/mdigiorgio/repos,https://api.github.com/users/mdigiorgio/events{/privacy},https://api.github.com/users/mdigiorgio/received_events,User,False,1
Elleo,59350,MDQ6VXNlcjU5MzUw,https://avatars.githubusercontent.com/u/59350?v=4,,https://api.github.com/users/Elleo,https://github.com/Elleo,https://api.github.com/users/Elleo/followers,https://api.github.com/users/Elleo/following{/other_user},https://api.github.com/users/Elleo/gists{/gist_id},https://api.github.com/users/Elleo/starred{/owner}{/repo},https://api.github.com/users/Elleo/subscriptions,https://api.github.com/users/Elleo/orgs,https://api.github.com/users/Elleo/repos,https://api.github.com/users/Elleo/events{/privacy},https://api.github.com/users/Elleo/received_events,User,False,1
shershen08,1363772,MDQ6VXNlcjEzNjM3NzI=,https://avatars.githubusercontent.com/u/1363772?v=4,,https://api.github.com/users/shershen08,https://github.com/shershen08,https://api.github.com/users/shershen08/followers,https://api.github.com/users/shershen08/following{/other_user},https://api.github.com/users/shershen08/gists{/gist_id},https://api.github.com/users/shershen08/starred{/owner}{/repo},https://api.github.com/users/shershen08/subscriptions,https://api.github.com/users/shershen08/orgs,https://api.github.com/users/shershen08/repos,https://api.github.com/users/shershen08/events{/privacy},https://api.github.com/users/shershen08/received_events,User,False,1
Mozilla-GitHub-Standards,48073334,MDQ6VXNlcjQ4MDczMzM0,https://avatars.githubusercontent.com/u/48073334?v=4,,https://api.github.com/users/Mozilla-GitHub-Standards,https://github.com/Mozilla-GitHub-Standards,https://api.github.com/users/Mozilla-GitHub-Standards/followers,https://api.github.com/users/Mozilla-GitHub-Standards/following{/other_user},https://api.github.com/users/Mozilla-GitHub-Standards/gists{/gist_id},https://api.github.com/users/Mozilla-GitHub-Standards/starred{/owner}{/repo},https://api.github.com/users/Mozilla-GitHub-Standards/subscriptions,https://api.github.com/users/Mozilla-GitHub-Standards/orgs,https://api.github.com/users/Mozilla-GitHub-Standards/repos,https://api.github.com/users/Mozilla-GitHub-Standards/events{/privacy},https://api.github.com/users/Mozilla-GitHub-Standards/received_events,User,False,1
nmstoker,3694484,MDQ6VXNlcjM2OTQ0ODQ=,https://avatars.githubusercontent.com/u/3694484?v=4,,https://api.github.com/users/nmstoker,https://github.com/nmstoker,https://api.github.com/users/nmstoker/followers,https://api.github.com/users/nmstoker/following{/other_user},https://api.github.com/users/nmstoker/gists{/gist_id},https://api.github.com/users/nmstoker/starred{/owner}{/repo},https://api.github.com/users/nmstoker/subscriptions,https://api.github.com/users/nmstoker/orgs,https://api.github.com/users/nmstoker/repos,https://api.github.com/users/nmstoker/events{/privacy},https://api.github.com/users/nmstoker/received_events,User,False,1
nkansal96,3259309,MDQ6VXNlcjMyNTkzMDk=,https://avatars.githubusercontent.com/u/3259309?v=4,,https://api.github.com/users/nkansal96,https://github.com/nkansal96,https://api.github.com/users/nkansal96/followers,https://api.github.com/users/nkansal96/following{/other_user},https://api.github.com/users/nkansal96/gists{/gist_id},https://api.github.com/users/nkansal96/starred{/owner}{/repo},https://api.github.com/users/nkansal96/subscriptions,https://api.github.com/users/nkansal96/orgs,https://api.github.com/users/nkansal96/repos,https://api.github.com/users/nkansal96/events{/privacy},https://api.github.com/users/nkansal96/received_events,User,False,1
ObliviousParadigm,47667852,MDQ6VXNlcjQ3NjY3ODUy,https://avatars.githubusercontent.com/u/47667852?v=4,,https://api.github.com/users/ObliviousParadigm,https://github.com/ObliviousParadigm,https://api.github.com/users/ObliviousParadigm/followers,https://api.github.com/users/ObliviousParadigm/following{/other_user},https://api.github.com/users/ObliviousParadigm/gists{/gist_id},https://api.github.com/users/ObliviousParadigm/starred{/owner}{/repo},https://api.github.com/users/ObliviousParadigm/subscriptions,https://api.github.com/users/ObliviousParadigm/orgs,https://api.github.com/users/ObliviousParadigm/repos,https://api.github.com/users/ObliviousParadigm/events{/privacy},https://api.github.com/users/ObliviousParadigm/received_events,User,False,1
pecastro,352625,MDQ6VXNlcjM1MjYyNQ==,https://avatars.githubusercontent.com/u/352625?v=4,,https://api.github.com/users/pecastro,https://github.com/pecastro,https://api.github.com/users/pecastro/followers,https://api.github.com/users/pecastro/following{/other_user},https://api.github.com/users/pecastro/gists{/gist_id},https://api.github.com/users/pecastro/starred{/owner}{/repo},https://api.github.com/users/pecastro/subscriptions,https://api.github.com/users/pecastro/orgs,https://api.github.com/users/pecastro/repos,https://api.github.com/users/pecastro/events{/privacy},https://api.github.com/users/pecastro/received_events,User,False,1
PedroDKE,43861296,MDQ6VXNlcjQzODYxMjk2,https://avatars.githubusercontent.com/u/43861296?v=4,,https://api.github.com/users/PedroDKE,https://github.com/PedroDKE,https://api.github.com/users/PedroDKE/followers,https://api.github.com/users/PedroDKE/following{/other_user},https://api.github.com/users/PedroDKE/gists{/gist_id},https://api.github.com/users/PedroDKE/starred{/owner}{/repo},https://api.github.com/users/PedroDKE/subscriptions,https://api.github.com/users/PedroDKE/orgs,https://api.github.com/users/PedroDKE/repos,https://api.github.com/users/PedroDKE/events{/privacy},https://api.github.com/users/PedroDKE/received_events,User,False,1
pietrop,4661975,MDQ6VXNlcjQ2NjE5NzU=,https://avatars.githubusercontent.com/u/4661975?v=4,,https://api.github.com/users/pietrop,https://github.com/pietrop,https://api.github.com/users/pietrop/followers,https://api.github.com/users/pietrop/following{/other_user},https://api.github.com/users/pietrop/gists{/gist_id},https://api.github.com/users/pietrop/starred{/owner}{/repo},https://api.github.com/users/pietrop/subscriptions,https://api.github.com/users/pietrop/orgs,https://api.github.com/users/pietrop/repos,https://api.github.com/users/pietrop/events{/privacy},https://api.github.com/users/pietrop/received_events,User,False,1
ptitloup,4640002,MDQ6VXNlcjQ2NDAwMDI=,https://avatars.githubusercontent.com/u/4640002?v=4,,https://api.github.com/users/ptitloup,https://github.com/ptitloup,https://api.github.com/users/ptitloup/followers,https://api.github.com/users/ptitloup/following{/other_user},https://api.github.com/users/ptitloup/gists{/gist_id},https://api.github.com/users/ptitloup/starred{/owner}{/repo},https://api.github.com/users/ptitloup/subscriptions,https://api.github.com/users/ptitloup/orgs,https://api.github.com/users/ptitloup/repos,https://api.github.com/users/ptitloup/events{/privacy},https://api.github.com/users/ptitloup/received_events,User,False,1
pbxqdown,6386150,MDQ6VXNlcjYzODYxNTA=,https://avatars.githubusercontent.com/u/6386150?v=4,,https://api.github.com/users/pbxqdown,https://github.com/pbxqdown,https://api.github.com/users/pbxqdown/followers,https://api.github.com/users/pbxqdown/following{/other_user},https://api.github.com/users/pbxqdown/gists{/gist_id},https://api.github.com/users/pbxqdown/starred{/owner}{/repo},https://api.github.com/users/pbxqdown/subscriptions,https://api.github.com/users/pbxqdown/orgs,https://api.github.com/users/pbxqdown/repos,https://api.github.com/users/pbxqdown/events{/privacy},https://api.github.com/users/pbxqdown/received_events,User,False,1
qboot,20137632,MDQ6VXNlcjIwMTM3NjMy,https://avatars.githubusercontent.com/u/20137632?v=4,,https://api.github.com/users/qboot,https://github.com/qboot,https://api.github.com/users/qboot/followers,https://api.github.com/users/qboot/following{/other_user},https://api.github.com/users/qboot/gists{/gist_id},https://api.github.com/users/qboot/starred{/owner}{/repo},https://api.github.com/users/qboot/subscriptions,https://api.github.com/users/qboot/orgs,https://api.github.com/users/qboot/repos,https://api.github.com/users/qboot/events{/privacy},https://api.github.com/users/qboot/received_events,User,False,1
saurabhvyas,6899784,MDQ6VXNlcjY4OTk3ODQ=,https://avatars.githubusercontent.com/u/6899784?v=4,,https://api.github.com/users/saurabhvyas,https://github.com/saurabhvyas,https://api.github.com/users/saurabhvyas/followers,https://api.github.com/users/saurabhvyas/following{/other_user},https://api.github.com/users/saurabhvyas/gists{/gist_id},https://api.github.com/users/saurabhvyas/starred{/owner}{/repo},https://api.github.com/users/saurabhvyas/subscriptions,https://api.github.com/users/saurabhvyas/orgs,https://api.github.com/users/saurabhvyas/repos,https://api.github.com/users/saurabhvyas/events{/privacy},https://api.github.com/users/saurabhvyas/received_events,User,False,1
srstevenson,5845679,MDQ6VXNlcjU4NDU2Nzk=,https://avatars.githubusercontent.com/u/5845679?v=4,,https://api.github.com/users/srstevenson,https://github.com/srstevenson,https://api.github.com/users/srstevenson/followers,https://api.github.com/users/srstevenson/following{/other_user},https://api.github.com/users/srstevenson/gists{/gist_id},https://api.github.com/users/srstevenson/starred{/owner}{/repo},https://api.github.com/users/srstevenson/subscriptions,https://api.github.com/users/srstevenson/orgs,https://api.github.com/users/srstevenson/repos,https://api.github.com/users/srstevenson/events{/privacy},https://api.github.com/users/srstevenson/received_events,User,False,1
gonimar,756571,MDQ6VXNlcjc1NjU3MQ==,https://avatars.githubusercontent.com/u/756571?v=4,,https://api.github.com/users/gonimar,https://github.com/gonimar,https://api.github.com/users/gonimar/followers,https://api.github.com/users/gonimar/following{/other_user},https://api.github.com/users/gonimar/gists{/gist_id},https://api.github.com/users/gonimar/starred{/owner}{/repo},https://api.github.com/users/gonimar/subscriptions,https://api.github.com/users/gonimar/orgs,https://api.github.com/users/gonimar/repos,https://api.github.com/users/gonimar/events{/privacy},https://api.github.com/users/gonimar/received_events,User,False,1
sholtrop,39123298,MDQ6VXNlcjM5MTIzMjk4,https://avatars.githubusercontent.com/u/39123298?v=4,,https://api.github.com/users/sholtrop,https://github.com/sholtrop,https://api.github.com/users/sholtrop/followers,https://api.github.com/users/sholtrop/following{/other_user},https://api.github.com/users/sholtrop/gists{/gist_id},https://api.github.com/users/sholtrop/starred{/owner}{/repo},https://api.github.com/users/sholtrop/subscriptions,https://api.github.com/users/sholtrop/orgs,https://api.github.com/users/sholtrop/repos,https://api.github.com/users/sholtrop/events{/privacy},https://api.github.com/users/sholtrop/received_events,User,False,1
techiev2,279719,MDQ6VXNlcjI3OTcxOQ==,https://avatars.githubusercontent.com/u/279719?v=4,,https://api.github.com/users/techiev2,https://github.com/techiev2,https://api.github.com/users/techiev2/followers,https://api.github.com/users/techiev2/following{/other_user},https://api.github.com/users/techiev2/gists{/gist_id},https://api.github.com/users/techiev2/starred{/owner}{/repo},https://api.github.com/users/techiev2/subscriptions,https://api.github.com/users/techiev2/orgs,https://api.github.com/users/techiev2/repos,https://api.github.com/users/techiev2/events{/privacy},https://api.github.com/users/techiev2/received_events,User,False,1
suriyaa,5073946,MDQ6VXNlcjUwNzM5NDY=,https://avatars.githubusercontent.com/u/5073946?v=4,,https://api.github.com/users/suriyaa,https://github.com/suriyaa,https://api.github.com/users/suriyaa/followers,https://api.github.com/users/suriyaa/following{/other_user},https://api.github.com/users/suriyaa/gists{/gist_id},https://api.github.com/users/suriyaa/starred{/owner}{/repo},https://api.github.com/users/suriyaa/subscriptions,https://api.github.com/users/suriyaa/orgs,https://api.github.com/users/suriyaa/repos,https://api.github.com/users/suriyaa/events{/privacy},https://api.github.com/users/suriyaa/received_events,User,False,1
actual-kwarter,3734237,MDQ6VXNlcjM3MzQyMzc=,https://avatars.githubusercontent.com/u/3734237?v=4,,https://api.github.com/users/actual-kwarter,https://github.com/actual-kwarter,https://api.github.com/users/actual-kwarter/followers,https://api.github.com/users/actual-kwarter/following{/other_user},https://api.github.com/users/actual-kwarter/gists{/gist_id},https://api.github.com/users/actual-kwarter/starred{/owner}{/repo},https://api.github.com/users/actual-kwarter/subscriptions,https://api.github.com/users/actual-kwarter/orgs,https://api.github.com/users/actual-kwarter/repos,https://api.github.com/users/actual-kwarter/events{/privacy},https://api.github.com/users/actual-kwarter/received_events,User,False,1
william-vw,11859376,MDQ6VXNlcjExODU5Mzc2,https://avatars.githubusercontent.com/u/11859376?v=4,,https://api.github.com/users/william-vw,https://github.com/william-vw,https://api.github.com/users/william-vw/followers,https://api.github.com/users/william-vw/following{/other_user},https://api.github.com/users/william-vw/gists{/gist_id},https://api.github.com/users/william-vw/starred{/owner}{/repo},https://api.github.com/users/william-vw/subscriptions,https://api.github.com/users/william-vw/orgs,https://api.github.com/users/william-vw/repos,https://api.github.com/users/william-vw/events{/privacy},https://api.github.com/users/william-vw/received_events,User,False,1
aaron-owen,34038355,MDQ6VXNlcjM0MDM4MzU1,https://avatars.githubusercontent.com/u/34038355?v=4,,https://api.github.com/users/aaron-owen,https://github.com/aaron-owen,https://api.github.com/users/aaron-owen/followers,https://api.github.com/users/aaron-owen/following{/other_user},https://api.github.com/users/aaron-owen/gists{/gist_id},https://api.github.com/users/aaron-owen/starred{/owner}{/repo},https://api.github.com/users/aaron-owen/subscriptions,https://api.github.com/users/aaron-owen/orgs,https://api.github.com/users/aaron-owen/repos,https://api.github.com/users/aaron-owen/events{/privacy},https://api.github.com/users/aaron-owen/received_events,User,False,1
alchemi5t,9457955,MDQ6VXNlcjk0NTc5NTU=,https://avatars.githubusercontent.com/u/9457955?v=4,,https://api.github.com/users/alchemi5t,https://github.com/alchemi5t,https://api.github.com/users/alchemi5t/followers,https://api.github.com/users/alchemi5t/following{/other_user},https://api.github.com/users/alchemi5t/gists{/gist_id},https://api.github.com/users/alchemi5t/starred{/owner}{/repo},https://api.github.com/users/alchemi5t/subscriptions,https://api.github.com/users/alchemi5t/orgs,https://api.github.com/users/alchemi5t/repos,https://api.github.com/users/alchemi5t/events{/privacy},https://api.github.com/users/alchemi5t/received_events,User,False,1
chrillemanden,37117239,MDQ6VXNlcjM3MTE3MjM5,https://avatars.githubusercontent.com/u/37117239?v=4,,https://api.github.com/users/chrillemanden,https://github.com/chrillemanden,https://api.github.com/users/chrillemanden/followers,https://api.github.com/users/chrillemanden/following{/other_user},https://api.github.com/users/chrillemanden/gists{/gist_id},https://api.github.com/users/chrillemanden/starred{/owner}{/repo},https://api.github.com/users/chrillemanden/subscriptions,https://api.github.com/users/chrillemanden/orgs,https://api.github.com/users/chrillemanden/repos,https://api.github.com/users/chrillemanden/events{/privacy},https://api.github.com/users/chrillemanden/received_events,User,False,1
dag7dev,44711271,MDQ6VXNlcjQ0NzExMjcx,https://avatars.githubusercontent.com/u/44711271?v=4,,https://api.github.com/users/dag7dev,https://github.com/dag7dev,https://api.github.com/users/dag7dev/followers,https://api.github.com/users/dag7dev/following{/other_user},https://api.github.com/users/dag7dev/gists{/gist_id},https://api.github.com/users/dag7dev/starred{/owner}{/repo},https://api.github.com/users/dag7dev/subscriptions,https://api.github.com/users/dag7dev/orgs,https://api.github.com/users/dag7dev/repos,https://api.github.com/users/dag7dev/events{/privacy},https://api.github.com/users/dag7dev/received_events,User,False,1
d-a-v,4800356,MDQ6VXNlcjQ4MDAzNTY=,https://avatars.githubusercontent.com/u/4800356?v=4,,https://api.github.com/users/d-a-v,https://github.com/d-a-v,https://api.github.com/users/d-a-v/followers,https://api.github.com/users/d-a-v/following{/other_user},https://api.github.com/users/d-a-v/gists{/gist_id},https://api.github.com/users/d-a-v/starred{/owner}{/repo},https://api.github.com/users/d-a-v/subscriptions,https://api.github.com/users/d-a-v/orgs,https://api.github.com/users/d-a-v/repos,https://api.github.com/users/d-a-v/events{/privacy},https://api.github.com/users/d-a-v/received_events,User,False,1
dependabot[bot],49699333,MDM6Qm90NDk2OTkzMzM=,https://avatars.githubusercontent.com/in/29110?v=4,,https://api.github.com/users/dependabot%5Bbot%5D,https://github.com/apps/dependabot,https://api.github.com/users/dependabot%5Bbot%5D/followers,https://api.github.com/users/dependabot%5Bbot%5D/following{/other_user},https://api.github.com/users/dependabot%5Bbot%5D/gists{/gist_id},https://api.github.com/users/dependabot%5Bbot%5D/starred{/owner}{/repo},https://api.github.com/users/dependabot%5Bbot%5D/subscriptions,https://api.github.com/users/dependabot%5Bbot%5D/orgs,https://api.github.com/users/dependabot%5Bbot%5D/repos,https://api.github.com/users/dependabot%5Bbot%5D/events{/privacy},https://api.github.com/users/dependabot%5Bbot%5D/received_events,Bot,False,1
est31,8872119,MDQ6VXNlcjg4NzIxMTk=,https://avatars.githubusercontent.com/u/8872119?v=4,,https://api.github.com/users/est31,https://github.com/est31,https://api.github.com/users/est31/followers,https://api.github.com/users/est31/following{/other_user},https://api.github.com/users/est31/gists{/gist_id},https://api.github.com/users/est31/starred{/owner}{/repo},https://api.github.com/users/est31/subscriptions,https://api.github.com/users/est31/orgs,https://api.github.com/users/est31/repos,https://api.github.com/users/est31/events{/privacy},https://api.github.com/users/est31/received_events,User,False,1
farwayer,2343101,MDQ6VXNlcjIzNDMxMDE=,https://avatars.githubusercontent.com/u/2343101?v=4,,https://api.github.com/users/farwayer,https://github.com/farwayer,https://api.github.com/users/farwayer/followers,https://api.github.com/users/farwayer/following{/other_user},https://api.github.com/users/farwayer/gists{/gist_id},https://api.github.com/users/farwayer/starred{/owner}{/repo},https://api.github.com/users/farwayer/subscriptions,https://api.github.com/users/farwayer/orgs,https://api.github.com/users/farwayer/repos,https://api.github.com/users/farwayer/events{/privacy},https://api.github.com/users/farwayer/received_events,User,False,1
interfect,752054,MDQ6VXNlcjc1MjA1NA==,https://avatars.githubusercontent.com/u/752054?v=4,,https://api.github.com/users/interfect,https://github.com/interfect,https://api.github.com/users/interfect/followers,https://api.github.com/users/interfect/following{/other_user},https://api.github.com/users/interfect/gists{/gist_id},https://api.github.com/users/interfect/starred{/owner}{/repo},https://api.github.com/users/interfect/subscriptions,https://api.github.com/users/interfect/orgs,https://api.github.com/users/interfect/repos,https://api.github.com/users/interfect/events{/privacy},https://api.github.com/users/interfect/received_events,User,False,1
lparam,657233,MDQ6VXNlcjY1NzIzMw==,https://avatars.githubusercontent.com/u/657233?v=4,,https://api.github.com/users/lparam,https://github.com/lparam,https://api.github.com/users/lparam/followers,https://api.github.com/users/lparam/following{/other_user},https://api.github.com/users/lparam/gists{/gist_id},https://api.github.com/users/lparam/starred{/owner}{/repo},https://api.github.com/users/lparam/subscriptions,https://api.github.com/users/lparam/orgs,https://api.github.com/users/lparam/repos,https://api.github.com/users/lparam/events{/privacy},https://api.github.com/users/lparam/received_events,User,False,1
madprogramer,3719664,MDQ6VXNlcjM3MTk2NjQ=,https://avatars.githubusercontent.com/u/3719664?v=4,,https://api.github.com/users/madprogramer,https://github.com/madprogramer,https://api.github.com/users/madprogramer/followers,https://api.github.com/users/madprogramer/following{/other_user},https://api.github.com/users/madprogramer/gists{/gist_id},https://api.github.com/users/madprogramer/starred{/owner}{/repo},https://api.github.com/users/madprogramer/subscriptions,https://api.github.com/users/madprogramer/orgs,https://api.github.com/users/madprogramer/repos,https://api.github.com/users/madprogramer/events{/privacy},https://api.github.com/users/madprogramer/received_events,User,False,1
mone27,17617810,MDQ6VXNlcjE3NjE3ODEw,https://avatars.githubusercontent.com/u/17617810?v=4,,https://api.github.com/users/mone27,https://github.com/mone27,https://api.github.com/users/mone27/followers,https://api.github.com/users/mone27/following{/other_user},https://api.github.com/users/mone27/gists{/gist_id},https://api.github.com/users/mone27/starred{/owner}{/repo},https://api.github.com/users/mone27/subscriptions,https://api.github.com/users/mone27/orgs,https://api.github.com/users/mone27/repos,https://api.github.com/users/mone27/events{/privacy},https://api.github.com/users/mone27/received_events,User,False,1
nullbyte91,24765915,MDQ6VXNlcjI0NzY1OTE1,https://avatars.githubusercontent.com/u/24765915?v=4,,https://api.github.com/users/nullbyte91,https://github.com/nullbyte91,https://api.github.com/users/nullbyte91/followers,https://api.github.com/users/nullbyte91/following{/other_user},https://api.github.com/users/nullbyte91/gists{/gist_id},https://api.github.com/users/nullbyte91/starred{/owner}{/repo},https://api.github.com/users/nullbyte91/subscriptions,https://api.github.com/users/nullbyte91/orgs,https://api.github.com/users/nullbyte91/repos,https://api.github.com/users/nullbyte91/events{/privacy},https://api.github.com/users/nullbyte91/received_events,User,False,1
stes,727984,MDQ6VXNlcjcyNzk4NA==,https://avatars.githubusercontent.com/u/727984?v=4,,https://api.github.com/users/stes,https://github.com/stes,https://api.github.com/users/stes/followers,https://api.github.com/users/stes/following{/other_user},https://api.github.com/users/stes/gists{/gist_id},https://api.github.com/users/stes/starred{/owner}{/repo},https://api.github.com/users/stes/subscriptions,https://api.github.com/users/stes/orgs,https://api.github.com/users/stes/repos,https://api.github.com/users/stes/events{/privacy},https://api.github.com/users/stes/received_events,User,False,1
the-nose-knows,25645310,MDQ6VXNlcjI1NjQ1MzEw,https://avatars.githubusercontent.com/u/25645310?v=4,,https://api.github.com/users/the-nose-knows,https://github.com/the-nose-knows,https://api.github.com/users/the-nose-knows/followers,https://api.github.com/users/the-nose-knows/following{/other_user},https://api.github.com/users/the-nose-knows/gists{/gist_id},https://api.github.com/users/the-nose-knows/starred{/owner}{/repo},https://api.github.com/users/the-nose-knows/subscriptions,https://api.github.com/users/the-nose-knows/orgs,https://api.github.com/users/the-nose-knows/repos,https://api.github.com/users/the-nose-knows/events{/privacy},https://api.github.com/users/the-nose-knows/received_events,User,False,1
wgent,2558661,MDQ6VXNlcjI1NTg2NjE=,https://avatars.githubusercontent.com/u/2558661?v=4,,https://api.github.com/users/wgent,https://github.com/wgent,https://api.github.com/users/wgent/followers,https://api.github.com/users/wgent/following{/other_user},https://api.github.com/users/wgent/gists{/gist_id},https://api.github.com/users/wgent/starred{/owner}{/repo},https://api.github.com/users/wgent/subscriptions,https://api.github.com/users/wgent/orgs,https://api.github.com/users/wgent/repos,https://api.github.com/users/wgent/events{/privacy},https://api.github.com/users/wgent/received_events,User,False,1
