full_name,created_at
DSP-Works/DeepSpeech,2022-10-31 18:32:29
r3dg0d/DeepSpeech,2022-10-31 04:57:56
Sts0mrg0/DeepSpeech,2022-10-30 13:11:19
advisioner/deepspeech,2022-10-29 00:09:39
systemsource/DeepSpeech,2022-10-27 14:36:28
hclzywd/DeepSpeech,2022-10-27 08:50:12
CobooGuo/DeepSpeech,2022-10-27 06:48:32
KabyleAI/DeepSpeech,2022-10-27 04:54:39
dakMLandAI/DeepSpeech,2022-10-26 13:56:56
HunterCrack26/DeepSpeech,2022-10-20 23:09:05
maloadjav/DeepSpeech,2022-10-20 22:30:32
DSP-Works/DeepSpeech,2022-10-31 18:32:29
r3dg0d/DeepSpeech,2022-10-31 04:57:56
Sts0mrg0/DeepSpeech,2022-10-30 13:11:19
advisioner/deepspeech,2022-10-29 00:09:39
systemsource/DeepSpeech,2022-10-27 14:36:28
hclzywd/DeepSpeech,2022-10-27 08:50:12
CobooGuo/DeepSpeech,2022-10-27 06:48:32
KabyleAI/DeepSpeech,2022-10-27 04:54:39
dakMLandAI/DeepSpeech,2022-10-26 13:56:56
HunterCrack26/DeepSpeech,2022-10-20 23:09:05
maloadjav/DeepSpeech,2022-10-20 22:30:32
TSjlz/DeepSpeech,2022-10-20 08:07:03
toowzh/DeepSpeech,2022-10-20 03:20:20
tommy13579/DeepSpeech,2022-10-19 03:15:07
praveencs87/DeepSpeech,2022-10-18 10:20:48
johannsky/DeepSpeech,2022-10-18 08:49:00
khushbookk/DeepSpeech_K,2022-10-17 06:12:19
AbdulQadir0211/DeepSpeech,2022-10-15 18:13:29
vesalbehrouzi/DeepSpeech,2022-10-14 18:41:47
raedfesesi/DeepSpeech,2022-10-14 06:07:03
landryraccoon/DeepSpeech,2022-10-14 02:55:29
mattdanielbrown/DeepSpeech,2022-10-12 04:24:19
replybr/DeepSpeech,2022-10-11 00:05:02
MORANLABS/DeepSpeech,2022-10-09 17:48:19
rooseveltlemos/DeepSpeech,2022-10-08 12:54:29
HYUTS/DeepSpeech,2022-10-08 10:00:18
femidof/DeepSpeech,2022-10-07 09:15:35
petergeorgeshoniko/DeepSpeech,2022-10-07 05:43:06
zxhoper/STT-Mozilla-DeepSpeech,2022-10-06 07:30:08
kcoul/DeepSpeech,2022-09-30 22:35:00
dfqytcom/DeepSpeech,2022-09-29 01:09:38
klonggan/DeepSpeech,2022-09-26 08:56:39
Wavell38/DeepSpeech,2022-09-25 13:26:32
concurs-program/DeepSpeech,2022-09-25 05:17:52
snh1999/DeepSpeechTest,2022-09-25 01:43:01
jisuanjibaoyan2022/DeepSpeech,2022-09-24 00:32:41
KaiQiangSong/DeepSpeech,2022-09-23 10:09:54
skratchdot/DeepSpeech,2022-09-21 23:11:36
fabohax/DeepSpeech,2022-09-21 10:04:28
tdhopkins/DeepSpeech,2022-09-20 19:26:49
bin2000/DeepSpeech,2022-09-20 12:04:09
dannv0602/DeepSpeech,2022-09-19 09:29:29
DanikingRD/DeepSpeech,2022-09-17 18:07:39
dmater01/DeepSpeech,2022-09-15 20:31:26
GCABC123/magnetron-DeepSpeech,2022-09-15 20:08:16
HARPHUNA/DeepSpeech,2022-09-13 17:30:38
JakubTk/DeepSpeech,2022-09-13 11:24:03
poaassasin/DeepSpeech,2022-09-13 06:38:45
Sudiptabain75/DeepSpeech,2022-09-09 11:32:27
toshihikoyanase/DeepSpeech,2022-09-08 01:04:50
sunny-hsu/DeepSpeech,2022-09-06 02:15:08
CosmusMutuku/DeepSpeech,2022-09-04 14:09:30
usench/DeepSpeech,2022-08-31 14:42:20
JuliaRebrova/DeepSpeech,2022-08-31 13:14:44
ArchmageAcheng/DeepSpeech,2022-08-31 12:46:50
ajunlonglive/DeepSpeech,2022-08-30 13:01:58
blackwings92/DeepSpeech,2022-08-30 03:19:02
mattgclaudio/DeepSpeech-Vet,2022-08-29 23:32:16
Pezequiel1976/DeepSpeech,2022-08-29 22:03:20
HamedMahdavi/DeepSpeech,2022-08-27 22:24:53
Budding-Technologies/DeepSpeech,2022-08-27 17:48:27
FlyingGoomy/DeepSpeech,2022-08-25 22:05:44
RaunakSRajpal/DeepSpeech,2022-08-23 14:51:39
mingminyu/DeepSpeech,2022-08-22 11:58:51
wkmtp/DeepSpeech,2022-08-20 23:31:07
sudosadia/DeepSpeech,2022-08-16 19:19:30
Siddhi1106/DeepSpeech,2022-08-16 14:17:51
jaelys/DeepSpeech,2022-08-16 09:47:04
wabwab712-gmail-com/DeepSpeech,2022-08-16 09:12:00
huxiaozheng/DeepSpeech,2022-08-15 10:46:55
aresmuzamel/DeepSpeech,2022-08-14 12:23:20
Sporky073189ImSpecial/DeepSpeech,2022-08-09 14:23:40
RuslanYanyuk/DeepSpeech-desktop-java-client,2022-08-07 17:36:16
vishalsingh456/DeepSpeech,2022-08-07 05:34:05
nikosupano/DeepSpeech,2022-08-05 05:59:37
Harlerina/DeepSpeech,2022-08-03 04:37:07
truong-thoi-gian/DeepSpeech,2022-08-02 17:10:44
anjanisone/DeepSpeech,2022-07-31 17:39:01
sheikhashraf98/DeepSpeech,2022-07-31 08:37:06
f-sky/DeepSpeech,2022-07-29 15:45:59
renbaoshuo/DeepSpeech,2022-07-25 06:51:17
Timreh/DeepSpeech,2022-07-23 07:09:30
pushp360/DeepSpeech,2022-07-20 17:22:32
CristianStanciu/DeepSpeech,2022-07-19 13:18:02
weblfe/DeepSpeech,2022-07-18 09:38:55
stanleyjacob/DeepSpeech,2022-07-18 04:10:16
Teamprajwanam-sih/DeepSpeech,2022-07-16 19:40:14
kfurjan/DeepSpeech,2022-07-15 10:39:29
Aflahurif/DeepSpeech,2022-07-13 11:31:57
tryweirdier/DeepSpeech,2022-07-10 18:25:08
sarfaraz1373/DeepSpeech,2022-07-09 17:29:23
jonasesser/DeepSpeech,2022-07-08 21:11:31
merlionfish/DeepSpeech,2022-07-08 02:55:53
Hriitz/DeepSpeech,2022-07-03 10:21:10
ESOJ74/DeepSpeech,2022-07-03 07:08:21
44vogan/DeepSpeech,2022-07-03 01:02:56
languangit/DeepSpeech,2022-07-03 00:22:01
vpicon/DeepSpeech,2022-07-02 20:29:10
sosojustdo/DeepSpeech,2022-07-02 14:58:37
gvalasid/DeepSpeech-fork,2022-07-01 08:02:08
gelimcgill/DeepSpeech,2022-06-30 15:03:22
yagnak/DeepSpeech,2022-06-30 14:07:18
steveouma/DeepSpeech,2022-06-29 17:00:24
JotaEmeDiaz/DeepSpeech,2022-06-28 13:01:59
wandernei/DeepSpeech,2022-06-27 12:25:15
OneTeam-Lean/DeepSpeech,2022-06-27 06:15:41
flying-binh/DeepSpeech,2022-06-27 03:45:54
Song-Gy/DeepSpeech,2022-06-25 10:45:22
thenomee/DeepSpeech,2022-06-24 07:20:09
mhjghbgf/DeepSpeech,2022-06-23 11:15:34
raikovisk/DeepSpeech,2022-06-21 17:42:26
MohamedGrari/DeepSpeech,2022-06-19 18:25:07
ekkolon/DeepSpeech,2022-06-17 22:26:22
congnghiakhiem/DeepSpeech,2022-06-17 04:39:27
catherine-or/DeepSpeech,2022-06-15 19:42:49
cyijun/DeepSpeech,2022-06-15 15:13:48
UnitySirx/DeepSpeech,2022-06-15 12:57:58
ishandutta2007/DeepSpeech,2022-06-15 06:03:49
ChSalman1/DeepSpeech,2022-06-13 15:58:47
chgitcrazy/DeepSpeech,2022-06-11 18:59:39
Deiolly/DeepSpeech,2022-06-10 12:37:03
remizero/DeepSpeech,2022-06-10 02:53:05
yasaswini144/DeepSpeech,2022-06-09 06:24:36
bluemap/DeepSpeech,2022-06-08 01:32:09
KanotoInROK/DeepSpeech,2022-06-05 14:43:49
macowin/DeepSpeech,2022-06-05 03:50:22
ccwu0918/DeepSpeech,2022-06-04 14:34:32
colakelfatih/DeepSpeech-training-turkish,2022-06-04 07:47:39
happyevero/DeepSpeech,2022-06-03 04:38:56
flydeem/DeepSpeech,2022-06-02 09:43:16
Ragnov/DeepSpeech,2022-06-01 10:17:06
aaro700930/DeepSpeech,2022-05-31 03:34:59
Trolieb/DeepSpeech,2022-05-28 14:00:36
Z1zi/DeepSpeech,2022-05-26 11:56:44
dzynin/DeepSpeech,2022-05-24 17:30:24
hifzapp/DeepSpeech,2022-05-22 17:17:44
IsaacLK/DeepSpeech,2022-05-20 12:53:23
LXFYJQ/DeepSpeech,2022-05-20 02:18:20
kbassemblyai/DeepSpeech,2022-05-19 22:04:06
xy-cypher/DeepSpeech,2022-05-19 12:16:18
imzakria/DeepSpeech,2022-05-17 15:21:24
krompro/DeepSpeech,2022-05-16 07:25:18
hailangzz/DeepSpeech,2022-05-14 04:34:10
xicilou/DeepSpeech,2022-05-13 05:47:08
Hirni-Meshram/DeepSpeech,2022-05-12 13:22:22
Reference-Repos-Dhiman/DeepSpeech,2022-05-12 12:00:29
afirez/DeepSpeech,2022-05-12 11:14:09
adriannetubig/DeepSpeech,2022-05-11 09:17:45
Franklin-Qi/DeepSpeech,2022-05-09 08:22:05
LFYG/DeepSpeech-20211118,2022-05-09 08:19:03
dayoneops-ai/DeepSpeech,2022-05-07 21:30:35
jaydeepmehta15/DeepSpeech,2022-05-06 12:56:15
vacuuminhead/DeepSpeech,2022-05-06 12:05:11
magicalvoice/DeepSpeech,2022-05-04 11:54:44
Luiz-Monad/DeepSpeech,2022-05-02 01:33:23
danieladejumo17/DeepSpeech,2022-04-30 16:18:38
erxiu/DeepSpeech,2022-04-29 07:39:46
diegoramonbs/DeepSpeech,2022-04-28 22:12:41
tjyz1987/DeepSpeech,2022-04-27 08:38:53
zerolyj/DeepSpeech,2022-04-27 08:05:28
dnrtrdata/DeepSpeech,2022-04-26 22:26:26
MohammedRohan/DeepSpeech,2022-04-26 14:58:54
gilbert0571/DeepSpeech,2022-04-26 07:01:48
suraj516/DeepSpeech,2022-04-26 06:49:46
neroxing/DeepSpeech,2022-04-22 19:38:23
James846/DeepSpeech,2022-04-22 06:11:44
dharanaw/DeepSpeech,2022-04-21 10:18:15
wangzigeng2004/DeepSpeech,2022-04-21 03:44:34
thegallivanter/DeepSpeech,2022-04-19 15:36:07
chenyibo89/DeepSpeech,2022-04-19 05:25:11
pks-os/DeepSpeech,2022-04-18 13:19:54
Sutthipong/DeepSpeech,2022-04-18 04:51:27
netapp-rickhuang-ai/DeepSpeech,2022-04-17 23:41:57
Exhorder6/DeepSpeech,2022-04-17 19:18:15
Physolia/DeepSpeech,2022-04-16 22:17:38
siwtom/DeepSpeech,2022-04-14 07:13:30
wall3001/DeepSpeech,2022-04-14 01:57:31
samchan2022/DeepSpeech,2022-04-13 06:28:11
thedickjones/DeepSpeech,2022-04-11 16:16:18
pengjinning/DeepSpeech,2022-04-11 07:34:29
qAison/DeepSpeech,2022-04-11 06:48:49
wahyugithubsatu/DeepSpeech,2022-04-10 08:38:45
ShaneRun/DeepSpeech,2022-04-07 23:10:20
Udara-Sampath/DeepSpeech,2022-04-07 22:29:15
Sreeharinsdigi/DeepSpeech,2022-04-07 09:33:50
lcsouzamenezes/DeepSpeech,2022-04-05 17:38:01
hirnimeshrampuresoftware/DeepSpeech,2022-04-05 10:03:59
tejakshak/DeepSpeech,2022-04-05 03:57:39
Ibrahim-Ola/DeepSpeech,2022-04-05 00:53:43
cmtrapp02/DeepSpeech,2022-04-03 16:00:30
LALFoever/DeepSpeech,2022-04-03 03:16:30
QuocBao02/DeepSpeech,2022-04-02 07:31:33
nonego/DeepSpeech,2022-03-31 05:38:51
Katumbela/DeepSpeech,2022-03-30 15:38:50
istvanzk/DeepSpeech,2022-03-30 15:00:04
WolfeMus/DeepSpeech,2022-03-30 03:26:19
BlenderViking/DeepSpeech,2022-03-29 22:39:34
Ohki-ki/DeepSpeech,2022-03-29 13:40:07
myrosicky/DeepSpeech,2022-03-28 07:39:03
oceancx/DeepSpeech,2022-03-28 04:28:22
winterfellding/DeepSpeech,2022-03-27 12:38:15
stlcours/DeepSpeech,2022-03-26 09:01:41
mustafaabudakk/DeepSpeech,2022-03-23 22:14:56
frozenprocess/DeepSpeech,2022-03-22 07:31:27
Pavithrabrita/DeepSpeech,2022-03-21 09:01:23
andresroyarce/DeepSpeech,2022-03-20 06:40:57
phamasaur/DeepSpeech,2022-03-18 15:55:39
donate555/DeepSpeech,2022-03-18 04:34:20
chrisaugu/DeepSpeech,2022-03-16 22:45:47
Dayton2028/DeepSpeech,2022-03-16 14:37:54
thibaultamartin/DeepSpeech,2022-03-09 13:12:16
talktonpc/DeepSpeech,2022-03-08 16:22:12
kzwkt/DeepSpeech,2022-03-04 20:23:29
Gabomfim/DeepSpeech,2022-03-04 17:07:02
pakistanofficial/DeepSpeech,2022-03-04 07:44:10
DjSPIT/DeepSpeech,2022-03-03 10:01:45
23DarKnight/DeepSpeech,2022-03-03 03:08:46
xinfushe/DeepSpeech,2022-03-02 12:16:13
Aariciah/DeepSpeech,2022-02-28 10:08:49
papamana/DeepSpeech,2022-02-28 01:43:00
vicobill/DeepSpeech,2022-02-26 09:57:41
cs-joy/DeepSpeech,2022-02-26 06:25:54
11ee/DeepSpeech,2022-02-24 08:21:03
chamotex/DeepSpeech,2022-02-23 23:15:58
CaesarHolland/DeepSpeech,2022-02-22 16:57:25
ABZ00/DeepSpeech,2022-02-22 02:12:28
Eric-Wonbin-Sang/DeepSpeech,2022-02-22 01:06:11
zhuyetuo/DeepSpeech,2022-02-18 03:54:55
Jekeer/DeepSpeech,2022-02-17 11:58:04
agentoo7/DeepSpeech,2022-02-17 05:43:21
wy676579037/DeepSpeech,2022-02-16 10:20:34
insubordination/DeepSpeech,2022-02-15 00:13:05
Alves-Lua/DeepSpeech,2022-02-14 13:56:31
Maikoncanuto/DeepSpeech,2022-02-14 05:53:55
aasem/DeepSpeech,2022-02-13 17:03:17
LI-MSU/DeepSpeech,2022-02-10 20:09:54
RealWorga/DeepSpeech,2022-02-10 10:59:20
ariallc/DeepSpeech,2022-02-09 05:20:11
zhangfaquan/DeepSpeech,2022-02-09 03:17:20
arcada-uas/DeepSpeech,2022-02-08 15:58:35
ijabir28/DeepSpeech,2022-02-07 17:26:05
neuroidss/DeepSpeech,2022-02-03 18:31:25
Pawel838383/DeepSpeech,2022-02-02 07:22:00
vigneshwarajpuresoftware/DeepSpeech,2022-02-02 05:29:43
ShaojunBian/DeepSpeech,2022-02-01 15:51:11
philipdongfei/DeepSpeech,2022-02-01 07:03:59
Bluescale007/DeepSpeech,2022-02-01 06:34:56
albertddong/DeepSpeech,2022-01-30 05:09:26
sonyeric/DeepSpeech,2022-01-29 16:50:45
LuisEGR/DeepSpeech,2022-01-29 06:58:40
xk-wang/DeepSpeech,2022-01-28 07:48:35
giuliobenetti/DeepSpeech,2022-01-27 18:14:36
MhmdShd/DeepSpeech,2022-01-26 16:42:19
Adriyst/DeepSpeech,2022-01-26 09:50:48
ramanand-rv/DeepSpeech,2022-01-23 12:19:45
WorkOpenS/DeepSpeech,2022-01-23 02:03:52
merdan1997/DeepSpeech,2022-01-22 11:41:46
arashandishgar/DeepSpeech,2022-01-21 10:11:25
victor-ping/DeepSpeech,2022-01-21 02:34:47
Miracle-byte/DeepSpeech,2022-01-19 17:34:07
robot-leo/DeepSpeech,2022-01-19 16:22:09
lefiker/DeepSpeech,2022-01-19 05:24:17
FlynnK12/DeepSpeech,2022-01-17 18:29:29
kitaki/DeepSpeech,2022-01-16 10:50:58
Jzow/DeepSpeech,2022-01-13 06:08:01
x66ccff/DeepSpeech,2022-01-13 01:15:02
kaizhizhang/DeepSpeech,2022-01-12 10:36:08
Livings5858/DeepSpeech,2022-01-11 12:40:37
kunal-thakkar/DeepSpeech,2022-01-11 05:18:12
brixri/DeepSpeech,2022-01-10 13:12:31
leeklife/DeepSpeech,2022-01-09 14:00:59
sanjaykrkundu/DeepSpeech,2022-01-08 21:08:36
vigneshv94/DeepSpeech,2022-01-08 11:21:41
derikatwork/DeepSpeech,2022-01-07 18:35:30
vvstubbs/DeepSpeech,2022-01-06 20:52:01
zhaowtVincent/DeepSpeech,2022-01-06 08:22:57
wijagels/DeepSpeech,2022-01-04 18:18:38
achyun/DeepSpeech,2022-01-04 03:15:14
chenfancy/DeepSpeech,2022-01-03 16:03:30
kawaki-san/DeepSpeech,2022-01-03 15:54:10
Sjenica1/DeepSpeech,2022-01-01 14:59:13
doovoo/DeepSpeech,2021-12-31 07:08:59
jiyongchen/DeepSpeech,2021-12-30 00:27:07
mohanadsmr/DeepSpeech,2021-12-28 17:35:20
henry-w-cooper/DeepSpeech,2021-12-26 01:47:45
arihant-jain-09/DeepSpeech,2021-12-25 18:12:39
somedayorsomebody04/DeepSpeech,2021-12-25 11:26:53
hosford42/DeepSpeech,2021-12-25 05:29:06
Edi-Nilson/DeepSpeech,2021-12-25 02:12:35
Henderz/DeepSpeech,2021-12-24 11:11:00
ajitkumar15/DeepSpeech,2021-12-22 12:25:25
ZeroInfinite/DeepSpeech,2021-12-21 11:15:46
omaryy/DeepSpeech,2021-12-20 08:45:59
bhavya-quo/DeepSpeech,2021-12-19 19:27:26
linr211/DeepSpeech,2021-12-17 03:20:41
3zfidjddj/DeepSpeech,2021-12-16 09:39:40
ambleryang/DeepSpeech,2021-12-16 06:56:40
jeffreypecker/DeepSpeech,2021-12-14 23:31:31
meanrin/DeepSpeech,2021-12-14 10:31:37
ekicham/DeepSpeech,2021-12-13 03:15:53
theblackhand123/DeepSpeech,2021-12-11 05:00:58
aria1991/DeepSpeech,2021-12-10 17:46:27
500062397/DeepSpeech,2021-12-10 10:35:31
447555240/DeepSpeech,2021-12-10 06:29:13
alireza-rezaee/DeepSpeech,2021-12-09 11:46:36
chenhaohan88/DeepSpeech,2021-12-09 08:57:18
leequn315/DeepSpeech,2021-12-08 13:42:29
kwokhengkum/DeepSpeech,2021-12-06 13:31:51
iwentao/DeepSpeech,2021-12-06 10:35:43
Riddorck/DeepSpeech,2021-12-04 09:05:30
xiaming9880/DeepSpeech,2021-12-04 06:04:54
zagzam/STI_ipa_transcription,2021-12-03 23:21:40
sonjiwon1234/DeepSpeech,2021-12-03 05:04:08
asthajain9/DeepSpeech,2021-12-02 14:20:54
Dickens-odera/DeepSpeech,2021-12-01 22:55:10
classicvalues/DeepSpeech,2021-12-01 08:20:26
zijianh4/DeepSpeech,2021-11-30 23:04:03
YongSeong81/DeepSpeech,2021-11-30 06:27:48
stevkky/DeepSpeech,2021-11-29 08:34:25
johanwasserman/DeepSpeech,2021-11-27 22:42:59
SinSiXX/DeepSpeech,2021-11-23 17:13:21
vwvm/DeepSpeech,2021-11-23 12:00:31
WillDeary/DeepSpeech,2021-11-23 11:07:51
12567878/DeepSpeech,2021-11-19 01:32:44
rebbrunner/DeepSpeech,2021-11-18 04:43:19
danieltinazzi/DeepSpeech,2021-11-17 13:08:53
ag68/DeepSpeech,2021-11-17 04:24:00
lzwyeastar/DeepSpeech,2021-11-17 01:24:30
nineLemon9/DeepSpeech,2021-11-16 09:45:56
jaafaralshall/DeepSpeech,2021-11-13 10:31:45
austinlv/DeepSpeech,2021-11-13 03:37:12
Gitxiaoke/DeepSpeech,2021-11-12 08:30:11
clusterfudge/DeepSpeech,2021-11-12 03:08:00
dudewheresmycode/DeepSpeech,2021-11-10 01:58:57
Willthepenguin/DeepSpeech,2021-11-08 15:07:13
nguyenqu/DeepSpeech,2021-11-08 08:42:10
jorgenlou/DeepSpeech,2021-11-08 01:35:05
rdong25/DeepSpeech,2021-11-06 20:28:20
TheCloudPlanTeam/DeepSpeech,2021-11-05 21:26:51
payneinbrklyn/DeepSpeech,2021-11-05 21:26:38
JuompanBR/DeepSpeech,2021-11-05 00:16:37
ChristophWinklerHub/DeepSpeech,2021-11-04 20:10:40
davgit/DeepSpeech,2021-11-03 18:10:55
pratyushiitd/DeepSpeech,2021-11-02 06:42:53
daxiongpro/DeepSpeech,2021-11-02 01:47:06
Lakshman511/DeepSpeech,2021-11-01 11:27:53
AryaStar/DeepSpeech,2021-10-30 03:36:51
QPC-WORLDWIDE/DeepSpeech,2021-10-28 18:35:57
euphorbiacz/DeepSpeech,2021-10-27 17:12:04
EmrahYener/DeepSpeech,2021-10-27 08:35:15
Sampson2016/DeepSpeech,2021-10-27 07:44:15
hakz-00/DeepSpeech,2021-10-24 21:10:49
bobkleiner/DeepSpeech,2021-10-24 19:07:59
jposeyjr/DeepSpeech,2021-10-24 16:05:19
KunLee/DeepSpeech,2021-10-24 15:04:46
airfri/DeepSpeech,2021-10-22 08:31:22
zhaopufeng/DeepSpeech,2021-10-21 11:25:07
muratsecilmis/DeepSpeech,2021-10-19 23:53:16
bobTheHands/DeepSpeech,2021-10-18 23:17:41
axchanda/DeepSpeech,2021-10-18 23:10:11
lisaterumi/DeepSpeech,2021-10-18 08:58:19
Fusion-Systems/DeepSpeech,2021-10-15 18:49:20
qichen-ca/DeepSpeech,2021-10-15 14:12:42
Yanndd1/DeepSpeech,2021-10-15 10:06:22
NicNewsclip/DeepSpeech,2021-10-15 07:16:36
CyberFlameGO/DeepSpeech,2021-10-15 00:49:03
socialisewrld/DeepSpeech,2021-10-14 23:33:30
Adeyinka-hub/DeepSpeech,2021-10-14 20:40:19
CSA-DanielVillamizar/DeepSpeech,2021-10-14 17:42:42
Swati640/DeepSpeech,2021-10-14 16:28:17
zeynepelicora/DeepSpeech,2021-10-14 11:09:22
finch621/DeepSpeech,2021-10-14 08:19:02
codeproject/DeepSpeech,2021-10-13 18:07:32
bhaskarkumar1/DeepSpeech,2021-10-12 17:24:56
Surfndez/DeepSpeech,2021-10-12 05:55:19
metemaddar/DeepSpeech,2021-10-11 15:40:09
niedev/DeepSpeech,2021-10-10 18:32:30
h-Hasib/DeepSpeech,2021-10-09 10:13:37
sebastiantilman/DeepSpeech,2021-10-08 14:43:22
alphacep/DeepSpeech,2021-10-06 11:52:03
venntobi/DeepSpeech,2021-10-06 08:37:24
ldthinh/DeepSpeech,2021-10-05 10:07:16
MukendiMputu/DeepSpeech,2021-10-01 19:18:57
soDiaoune/DeepSpeech,2021-09-30 16:20:14
assid2019/DeepSpeech,2021-09-28 08:56:54
senaKIC/DeepSpeech,2021-09-27 06:17:23
zapboy216/DeepSpeech,2021-09-26 11:12:03
beholdenkey/DeepSpeech,2021-09-24 12:38:50
chrisorwa/DeepSpeech,2021-09-22 20:38:56
bakode/DeepSpeech,2021-09-22 17:07:42
jmikedupont2/DeepSpeech,2021-09-17 14:56:03
dennisfrancis/DeepSpeech,2021-09-16 08:05:24
ZKeLin/DeepSpeech,2021-09-14 04:57:26
Ign-Es/DeepSpeech,2021-09-12 15:59:02
wanqiutv/DeepSpeech,2021-09-10 11:09:13
ArshaanTech/DeepSpeech,2021-09-10 10:12:30
liangxiaokeai/DeepSpeech,2021-09-10 07:45:22
Zchristian955/DeepSpeech,2021-09-09 08:51:20
EngzSinger/DeepSpeech,2021-09-08 15:12:10
caixiong110/DeepSpeech,2021-09-08 13:44:17
Gemiso-shkim/DeepSpeech,2021-09-08 08:50:47
yashty/DeepSpeech,2021-09-08 04:13:19
somyasharmapuresoftware/DeepSpeech,2021-09-07 04:14:46
4746/DeepSpeech,2021-09-07 02:44:36
yash-fn/DeepSpeech,2021-09-05 16:18:48
idiotwoo/DeepSpeech,2021-09-05 02:47:53
Shiwen-Ni/DeepSpeech,2021-09-03 16:20:09
wienerjier/DeepSpeech,2021-09-03 02:11:38
sravanidn/DeepSpeech,2021-09-02 21:39:05
GlobalOpenSourceSociety/DeepSpeech,2021-09-02 06:35:58
nitimur-in-vetitum/DeepSpeech,2021-09-01 23:44:39
erssebaggala/DeepSpeech,2021-08-31 23:06:21
Virentanti/DeepSpeech,2021-08-31 12:50:49
mishav78/DeepSpeech,2021-08-31 03:35:40
jengbou/DeepSpeech,2021-08-30 18:49:15
raees1200/DeepSpeech,2021-08-28 17:32:19
edwinyzh/DeepSpeech,2021-08-28 15:02:38
ZouYouShun/DeepSpeech,2021-08-27 12:57:53
liushuheng163/DeepSpeech,2021-08-27 10:30:35
bghimire2/DeepSpeech,2021-08-26 04:59:48
Gari73/DeepSpeech,2021-08-22 07:35:31
joe-nano/DeepSpeech,2021-08-22 00:00:48
ZooHam/DeepSpeech,2021-08-19 12:49:26
ChengaoJ/DeepSpeech,2021-08-18 09:53:40
yinxx/DeepSpeech,2021-08-18 01:33:10
zant/DeepSpeech,2021-08-16 14:02:59
ajithpious/DeepSpeech,2021-08-16 09:19:01
ArtPilot/DeepSpeech,2021-08-15 13:22:22
tun-0-9-tap-0-9/DeepSpeech,2021-08-14 11:44:14
renuacpro/DeepSpeech,2021-08-14 11:44:01
renuac/DeepSpeech,2021-08-14 11:43:42
jjplant/DeepSpeech,2021-08-14 08:36:02
chipsbjadajk121/DeepSpeech,2021-08-13 17:59:14
tyan-nguyen/DeepSpeech,2021-08-13 12:45:05
wguo-talend/DeepSpeech,2021-08-12 22:27:21
khlam/DeepSpeech,2021-08-12 15:01:07
markkun/DeepSpeech,2021-08-09 02:08:50
Tiger14n/DeepSpeech,2021-08-08 22:23:25
RellikJaeger/DeepSpeech,2021-08-08 15:35:05
ebluejade/DeepSpeech,2021-08-08 05:41:15
richarddeveloper/DeepSpeech,2021-08-04 21:47:10
vahaha/DeepSpeech,2021-08-04 16:06:23
aweary/DeepSpeech,2021-08-03 18:16:00
GeronimoKTT/DeepSpeech,2021-07-31 12:43:42
Klassikcat/DeepSpeech,2021-07-27 14:54:47
joshSi/DeepSpeech,2021-07-25 22:43:56
saravana4285/DeepSpeech,2021-07-24 15:19:54
LevelShift/DeepSpeech,2021-07-23 22:53:05
sriyuta-apra/DeepSpeech,2021-07-22 10:04:44
amirhk96/DeepSpeech,2021-07-20 06:27:04
pamelaacquaro/DeepSpeech,2021-07-20 03:27:31
Abdulazizbek/DeepSpeech,2021-07-19 04:53:42
wuqundong520/DeepSpeech,2021-07-19 03:10:22
simonzty/DeepSpeech,2021-07-18 01:50:40
soleimani93/DeepSpeech,2021-07-17 19:13:01
miguelamendez/DeepSpeech,2021-07-17 11:37:58
maohieng/DeepSpeech,2021-07-17 10:39:58
amit08255/DeepSpeech,2021-07-17 07:29:07
xiangniLG/DeepSpeech,2021-07-17 01:03:55
yueyedeai/DeepSpeech-1,2021-07-16 11:20:22
ajichand2009/DeepSpeech,2021-07-13 10:23:37
yliu1208/DeepSpeech,2021-07-12 11:14:20
HuitingLiu/DeepSpeech,2021-07-12 01:58:36
baronrustamov/DeepSpeech,2021-07-11 17:40:47
MalteAlex/DeepSpeech,2021-07-10 20:34:35
HubertKuffel/DeepSpeech,2021-07-10 20:12:25
davidhefan/DeepSpeech,2021-07-08 05:58:12
rajivhere/DeepSpeech,2021-07-08 02:20:51
TemuujinE/DeepSpeech,2021-07-06 13:23:18
kevincarrera/DeepSpeech,2021-07-05 19:16:58
atulbari-samespace/DeepSpeech,2021-07-05 06:15:18
karidamaszke/DeepSpeech,2021-07-03 10:34:01
VikingMew/DeepSpeech,2021-07-03 06:13:13
Nadeera3784/DeepSpeech,2021-07-02 15:31:21
zelda3721/DeepSpeech,2021-07-02 15:27:29
OPA-Labs/DeepSpeech,2021-07-01 14:55:49
pavansai018/DeepSpeech,2021-06-30 10:54:34
vanshdeepsinha/DeepSpeech,2021-06-30 06:43:37
shimingliangdm/DeepSpeech,2021-06-30 03:27:40
keithwang5/DeepSpeech,2021-06-30 01:57:11
insad/DeepSpeech,2021-06-29 06:02:41
spotzai/DeepSpeech,2021-06-28 07:08:39
wasertech/DeepSpeech,2021-06-27 20:08:04
jianchi2001/DeepSpeech,2021-06-27 06:52:15
weipin/DeepSpeech,2021-06-27 02:34:47
bishrulhaq/DeepSpeech,2021-06-24 07:55:55
AldoSilvaLuna/DeepSpeech,2021-06-23 19:05:45
childx/DeepSpeech,2021-06-22 18:05:44
augustowski-k/DeepSpeech,2021-06-21 11:41:03
eibay/DeepSpeech,2021-06-19 04:34:10
kaoh/DeepSpeech,2021-06-18 23:35:11
Xu-Shihao/DeepSpeech,2021-06-16 13:25:53
guangzhou/DeepSpeech,2021-06-16 10:36:15
kael7/DeepSpeech,2021-06-16 06:53:20
Shnoozl/DeepSpeech,2021-06-15 08:31:16
Intel-PA/DeepSpeech,2021-06-14 11:06:41
villa-lobos17/DeepSpeech,2021-06-13 17:24:37
qauzy/DeepSpeech,2021-06-12 10:45:39
raosudhir1999/DeepSpeech,2021-06-11 18:38:56
pglomskii/DeepSpeech,2021-06-10 16:11:26
yant07/DeepSpeech-1,2021-06-10 06:57:41
dystudio/DeepSpeech,2021-06-10 06:20:08
suncrown/DeepSpeech,2021-06-09 17:28:00
HRo-Entropeak/DeepSpeech,2021-06-09 12:47:22
msmit5/DeepSpeech,2021-06-09 00:27:08
chengjingfeng/DeepSpeech,2021-06-08 09:54:14
sekR4/DeepSpeech,2021-06-07 09:41:19
zelladoor/DeepSpeech,2021-06-06 20:36:21
MR7721/DeepSpeech,2021-06-06 18:50:22
ThomasStencel/DeepSpeech,2021-06-06 10:08:08
ashwath-lib/DeepSpeech,2021-06-05 22:25:17
giangdip2410/DeepSpeech,2021-06-04 09:54:19
sarathsurpur/DeepSpeech,2021-06-04 08:52:40
aenawi/DeepSpeech,2021-06-04 08:18:46
kelvinxuande/DeepSpeech,2021-06-03 17:11:43
DeepMemories/DeepSpeech,2021-05-29 21:11:38
N0rd1n/DeepSpeech,2021-05-26 19:31:35
arijit08/DeepSpeech,2021-05-25 11:54:44
dnnyyq/DeepSpeech,2021-05-24 01:28:17
macdaddy420/DeepSpeech,2021-05-21 04:30:59
ZIMkaRU/DeepSpeech,2021-05-19 09:09:54
ttkul/DeepSpeech,2021-05-17 09:56:52
tsitema/DeepSpeech,2021-05-16 14:56:52
soroushhashemifar/DeepSpeech,2021-05-16 09:57:16
Innovative-AI/DeepSpeech,2021-05-14 07:51:54
xbsdsongnan/DeepSpeech,2021-05-14 07:11:13
nickthomas/DeepSpeech,2021-05-12 00:11:31
ysinha94/DeepSpeech,2021-05-11 17:13:22
y742035557/DeepSpeech,2021-05-10 02:38:47
orton98/DeepSpeech,2021-05-07 21:20:23
Oo121oO/DeepSpeech,2021-05-06 11:03:21
li492549979/DeepSpeech,2021-05-06 09:44:54
Anton-Fat/DeepSpeech,2021-05-05 12:09:17
Pooja0509/DeepSpeech,2021-05-05 08:45:30
imaginary-person/DeepSpeech,2021-05-04 16:20:46
btrungchi/DeepSpeech,2021-05-04 15:22:11
Steen98/DeepSpeech,2021-05-03 23:59:33
lchmoxing/DeepSpeech,2021-05-01 12:23:58
Blun7/DeepSpeech,2021-04-30 14:03:42
CommanderXA/DeepSpeech,2021-04-30 13:32:58
jamesdigid/DeepSpeech,2021-04-29 15:47:52
Ayushsunny/DeepSpeech,2021-04-28 13:29:56
coolwind8214/DeepSpeech,2021-04-28 11:26:37
PixelMonkeyPro/DeepSpeech,2021-04-26 00:49:44
duhartdg/DeepSpeech,2021-04-25 22:03:29
newhub-spec/DeepSpeech,2021-04-25 19:48:30
kojhliang/DeepSpeech,2021-04-25 13:32:16
zzpu/DeepSpeech,2021-04-23 12:56:29
phobosdpl/DeepSpeech,2021-04-21 03:06:15
KathyReid/DeepSpeech,2021-04-20 13:07:18
imrahul361/DeepSpeech,2021-04-19 07:41:18
keshava/DeepSpeech,2021-04-18 04:02:55
yachana992/DeepSpeech,2021-04-16 03:31:57
suryatmodulus/DeepSpeech,2021-04-15 13:45:33
no0del/DeepSpeech,2021-04-14 08:45:47
mbkan/DeepSpeech,2021-04-14 07:56:40
shamrock256/DeepSpeech,2021-04-14 07:08:00
Radiomix2000/DeepSpeech,2021-04-14 06:19:40
mohamed-khoualed/DeepSpeech,2021-04-13 22:59:29
cybertrust1/DeepSpeech-1,2021-04-13 21:25:23
xzw168/DeepSpeech,2021-04-13 14:29:18
forestlee95/DeepSpeech,2021-04-13 11:52:11
victorromeo/DeepSpeech,2021-04-13 03:38:59
codetogamble/DeepSpeech,2021-04-10 01:46:18
nld-8832/DeepSpeech,2021-04-09 06:36:42
JingjingShii/DeepSpeech,2021-04-07 01:46:54
Teatoller/DeepSpeech,2021-04-06 17:11:08
Connected-World-Tech/DeepSpeech,2021-04-05 20:31:21
wangzh0516/DeepSpeech,2021-04-02 05:08:40
SomabrataP/DeepSpeech,2021-04-01 11:26:11
bschuss02/DeepSpeech,2021-04-01 05:35:19
sribbleinc/DeepSpeech,2021-03-31 21:40:48
Yasinjan99/DeepSpeech,2021-03-31 10:34:22
BadException/DeepSpeech,2021-03-31 08:14:05
stellarpower/DeepSpeech,2021-03-30 23:18:40
sstzal/DeepSpeech,2021-03-30 10:12:32
PeterZs/DeepSpeech,2021-03-30 02:47:43
terrorizer1980/DeepSpeech,2021-03-29 22:03:07
ai-learn-use/DeepSpeech,2021-03-29 14:15:01
fadoscha/DeepSpeech,2021-03-28 21:23:15
54696d21/DeepSpeech,2021-03-28 02:27:05
tianjun/DeepSpeech,2021-03-27 12:57:38
MrGZC/DeepSpeech,2021-03-27 03:02:59
imanojkumar/DeepSpeech,2021-03-25 19:51:48
louk78/DeepSpeech,2021-03-25 13:20:44
shrey-cloud/DeepSpeech,2021-03-24 14:46:42
aniket2702/DeepSpeech,2021-03-24 13:27:11
ashokbijoy/DeepSpeech,2021-03-24 03:12:39
10allday-Software/DeepSpeech,2021-03-23 20:28:51
sanjuprajan/DeepSpeech,2021-03-23 09:07:59
wangbaochao/DeepSpeech,2021-03-22 16:43:03
ronaldofreitas/DeepSpeech,2021-03-21 15:08:57
shark803/DeepSpeech,2021-03-18 01:59:30
eziolotta/DeepSpeech,2021-03-16 19:50:36
willieloo/DeepSpeech,2021-03-16 18:47:34
nenove/DeepSpeech,2021-03-16 09:36:24
tanvimoharir/DeepSpeech,2021-03-16 07:03:56
ariafyy/DeepSpeech,2021-03-16 04:52:13
rcadecaro/DeepSpeech,2021-03-14 17:39:09
campalite/DeepSpeech,2021-03-14 16:34:33
anishnag/DeepSpeech,2021-03-12 07:37:41
Usman-TR/DeepSpeech,2021-03-05 21:20:48
ohiro18/DeepSpeech,2021-03-05 14:32:09
YoGiJY/DeepSpeech,2021-03-05 08:29:15
gkumar28/DeepSpeech,2021-03-04 21:18:16
romatotti/DeepSpeech,2021-03-04 08:04:43
Lmorales45/DeepSpeech,2021-03-04 05:53:35
ChengGong0602/DeepSpeech,2021-03-02 11:53:46
talhaanwarch/DeepSpeech,2021-03-01 08:48:28
dzubke/DeepSpeech,2021-02-28 20:58:58
einsmaleins/DeepSpeech,2021-02-28 15:33:06
nlp-zuiwanyuan/DeepSpeech,2021-02-28 13:21:46
mtoconno/DeepSpeech,2021-02-26 23:56:50
god-daniel/DeepSpeech,2021-02-26 09:45:20
mohmdsh/DeepSpeech,2021-02-25 17:47:08
paulcjh/DeepSpeech,2021-02-25 17:06:47
nmstoker/DeepSpeech,2021-02-25 13:26:11
snowstorm0182/DeepSpeech,2021-02-24 16:18:01
stone89son/DeepSpeech,2021-02-24 12:09:31
wj-100/DeepSpeech,2021-02-23 16:57:46
domcross/DeepSpeech,2021-02-22 18:51:49
dfuchss-research/DeepSpeech,2021-02-22 13:02:31
AustralianDisability/DeepSpeech,2021-02-20 09:32:17
Sid8519/DeepSpeech,2021-02-20 02:23:35
efebuyuk/DeepSpeech,2021-02-19 13:20:35
tejastank/DeepSpeech,2021-02-16 16:28:08
codebenderAlfah/DeepSpeech,2021-02-14 22:01:40
wolfparticle/DeepSpeech,2021-02-14 10:39:34
privacyrespected/DeepSpeech,2021-02-13 08:05:20
zaptrem/DeepSpeech,2021-02-12 04:53:06
usespeakeasy/DeepSpeech,2021-02-11 20:11:22
sujay-tandel/DeepSpeech,2021-02-11 15:37:11
sanjeevhyper-dimention/DeepSpeech,2021-02-10 15:25:33
tegs88/DeepSpeech,2021-02-10 07:12:23
lfelipeparra/DeepSpeech,2021-02-09 23:17:56
Ideefixze/DeepSpeech,2021-02-09 12:54:55
ahmadmysra/DeepSpeech,2021-02-09 08:48:18
gooltz/DeepSpeech,2021-02-09 07:04:11
Wheats/DeepSpeech,2021-02-09 03:06:08
Edlward/DeepSpeech,2021-02-06 09:59:45
kamalcharan/DeepSpeech,2021-02-06 02:52:42
xavierrandmo/DeepSpeech,2021-02-05 14:32:51
oscaru/DeepSpeech,2021-02-04 11:27:30
roniton/DeepSpeech,2021-02-03 17:09:34
Minovoo/DeepSpeech,2021-02-03 02:26:40
xmobe/DeepSpeech,2021-02-02 13:47:42
pandaZGV2/DeepSpeech,2021-02-01 17:17:23
sharathchandrasuroj/DeepSpeech,2021-01-31 07:36:38
Mu-L/DeepSpeech,2021-01-29 09:00:11
bellodox/DeepSpeech,2021-01-28 12:15:00
MZDN/DeepSpeech,2021-01-28 09:25:40
Seham-Nasr/DeepSpeech,2021-01-27 11:35:45
1003657663/DeepSpeech,2021-01-27 07:22:15
aasim-syed/DeepSpeech,2021-01-27 06:35:49
amdanger/DeepSpeech,2021-01-26 07:41:50
resistrlabs/DeepSpeech,2021-01-26 07:12:08
crislmfroes/DeepSpeech,2021-01-24 01:29:17
eamon-cai/DeepSpeech,2021-01-23 14:16:22
bobisai/DeepSpeech,2021-01-22 23:58:28
vernitgarg/DeepSpeech,2021-01-22 17:28:50
cyberdroid1001/DeepSpeech,2021-01-22 05:51:25
elliotthwang/DeepSpeech-1,2021-01-22 03:10:16
MomooSay/DeepSpeech,2021-01-21 20:45:17
Tri0de/DeepSpeech,2021-01-21 19:21:14
robputt/DeepSpeech,2021-01-21 12:47:45
wyzhe/DeepSpeech,2021-01-21 03:57:19
CosmosHua/DeepSpeech,2021-01-20 11:25:27
Ydrsmart/DeepSpeech,2021-01-20 06:58:19
smitshetye/DeepSpeech,2021-01-19 11:24:08
zhaopy1995/DeepSpeech,2021-01-19 11:13:34
TobiasDeBruijn/DeepSpeech,2021-01-18 16:58:34
st1992/DeepSpeech,2021-01-17 07:01:14
flakeman2/DeepSpeech,2021-01-16 17:31:38
teamchong/DeepSpeech,2021-01-16 13:18:05
lert-obo/DeepSpeech,2021-01-15 17:11:01
jeremiedevos/DeepSpeech,2021-01-15 15:45:07
MiSeon23/DeepSpeech_Korean,2021-01-15 14:27:15
sarang-r/DeepSpeech,2021-01-15 13:39:33
heitorsampaio/DeepSpeech,2021-01-15 12:21:34
ajayarunachalam/DeepSpeech,2021-01-14 20:13:20
akiboy96-newid/DeepSpeech,2021-01-14 17:47:44
stubbornrock/DeepSpeech,2021-01-14 08:31:33
LambdaLexicon/DeepSpeech,2021-01-13 23:04:46
641015273/DeepSpeech,2021-01-13 10:10:02
jk128/DeepSpeech,2021-01-12 18:13:50
vipinkatara/DeepSpeech,2021-01-12 18:09:09
tud-zih-tools/DeepSpeech,2021-01-12 12:32:25
mjdhasan/DeepSpeech,2021-01-11 13:28:03
veerapandian22/DeepSpeech,2021-01-10 14:58:50
yuxi2022/DeepSpeech,2021-01-08 07:40:38
zhenx/DeepSpeech,2021-01-08 05:35:09
cxzhou007/DeepSpeech,2021-01-07 13:39:58
lekston/DeepSpeech,2021-01-07 12:29:41
fhalamos/DeepSpeech,2021-01-06 15:47:27
JoosikHan/DeepSpeech,2021-01-06 12:36:05
NocoldBob/DeepSpeech,2021-01-06 03:23:06
pnutnam/DeepSpeech,2021-01-05 23:36:36
stryku/DeepSpeech,2021-01-05 22:03:07
shekofteh/DeepSpeech,2021-01-05 16:45:44
hanasim/DeepSpeech,2021-01-05 15:08:08
boc31/DeepSpeech,2021-01-05 12:50:14
chenying99/DeepSpeech,2021-01-05 08:33:42
nucklehead/DeepSpeech,2021-01-05 06:31:27
jessiahr/DeepSpeech,2021-01-04 23:41:55
xiaomajia99/DeepSpeech,2021-01-04 10:15:29
rxhmdia/DeepSpeech,2021-01-04 03:07:22
Moon-Trance/DeepSpeech,2021-01-04 03:02:50
Bazaltic/DeepSpeech,2021-01-03 21:42:26
mrityunjay-tripathi/DeepSpeech,2021-01-03 04:36:23
Austin-Altmann/DeepSpeech,2021-01-01 07:39:50
Krismars19/DeepSpeech,2021-01-01 00:30:16
daoramey/DeepSpeech,2020-12-31 21:48:45
landsherpax/DeepSpeech,2020-12-31 20:47:20
raduenuca-forks/DeepSpeech,2020-12-31 11:13:55
dummy-akyl/DeepSpeech,2020-12-30 23:08:24
shellkjell/DeepSpeech,2020-12-30 15:18:19
sphara-tech-llc/DeepSpeech,2020-12-30 08:36:20
RBozydar/DeepSpeech,2020-12-29 15:03:20
mikaelharseno/DeepSpeech,2020-12-28 01:37:48
rgurve/DeepSpeech,2020-12-27 22:32:53
nodeplusplus/DeepSpeech,2020-12-27 01:13:52
cvenci/DeepSpeech,2020-12-26 12:07:45
pu55yf3r/DeepSpeech,2020-12-25 20:47:52
sushipan/DeepSpeech,2020-12-25 09:42:14
videoProcess/DeepSpeech,2020-12-24 03:42:54
kalenforn/DeepSpeech,2020-12-23 12:42:49
hoangmeo/DeepSpeech,2020-12-23 02:49:17
wen501271303/DeepSpeech,2020-12-23 01:25:56
sajidmeo/DeepSpeech,2020-12-21 17:16:57
Danil-2000/DeepSpeech,2020-12-21 16:56:10
418sec/DeepSpeech,2020-12-21 09:28:44
PeterZhouSZ/DeepSpeech,2020-12-20 06:20:02
charleschomba90/DeepSpeech,2020-12-18 20:14:31
belf3gor/DeepSpeech,2020-12-18 11:27:48
Day1Hour0/DeepSpeech,2020-12-17 19:43:50
SongMyeKyo/3.DeepSpeech,2020-12-16 11:53:25
yuntuzhuiyi/DeepSpeech,2020-12-15 06:52:10
pragyanaischool/DeepSpeech,2020-12-14 09:04:33
CreatibeFiction/DeepSpeech,2020-12-14 08:09:56
TebelloX/DeepSpeech,2020-12-13 22:09:09
nvladimirovi/DeepSpeech,2020-12-13 16:58:24
Nie-Xiao/DeepSpeech,2020-12-12 09:57:38
Vinaypatil-Ev/DeepSpeech,2020-12-12 06:14:24
gungor2/DeepSpeech,2020-12-12 04:00:32
memo2/DeepSpeech,2020-12-11 09:24:17
kierangilliam/DeepSpeech,2020-12-10 22:26:32
castermomo/DeepSpeech,2020-12-10 08:44:27
Nidhins96/DeepSpeech,2020-12-10 02:36:38
axcn/DeepSpeech,2020-12-10 00:44:48
pypae/DeepSpeech,2020-12-09 07:52:47
nakhunchumpolsathien/DeepSpeech,2020-12-09 07:26:07
GlobalChallengesCommunity/DeepSpeech,2020-12-07 22:40:10
sholtrop/DeepSpeech,2020-12-07 20:05:42
Tubbz-alt/DeepSpeech,2020-12-06 16:03:36
reamerit/DeepSpeech,2020-12-04 02:48:06
agenovia/DeepSpeech,2020-12-03 23:24:35
sanath-Sunkad/DeepSpeech,2020-12-02 20:46:24
eclabs007/DeepSpeech,2020-12-02 20:22:04
THUKElab/DeepSpeech,2020-12-02 13:23:43
strategist922/DeepSpeech,2020-12-02 13:23:24
springtiger/DeepSpeech,2020-12-02 09:30:24
weiqiLee/DeepSpeech,2020-12-02 00:09:03
rahilgholami/DeepSpeech,2020-12-01 15:36:26
jnecus/DeepSpeech,2020-11-29 19:36:50
lightvil/DeepSpeech,2020-11-26 07:40:34
NavyaGRao/DeepSpeech,2020-11-26 00:03:14
assansanogo/DeepSpeech,2020-11-25 10:28:02
GerezPablo/DeepSpeech,2020-11-24 18:32:53
fakhrilandolsi/DeepSpeech,2020-11-24 04:48:10
mahatria/DeepSpeech,2020-11-24 03:34:58
gokulsg/DeepSpeech,2020-11-23 10:35:21
supercourage/DeepSpeech,2020-11-23 04:39:29
qls0ulp/DeepSpeech,2020-11-22 19:27:56
tund/DeepSpeech,2020-11-22 07:27:30
c1a1o1/DeepSpeech,2020-11-20 01:33:44
soerengustenhoff/DeepSpeech,2020-11-19 22:23:17
john1884/DeepSpeech,2020-11-19 14:17:01
David-Jr/DeepSpeech,2020-11-18 14:50:18
vidklopcic/DeepSpeech,2020-11-17 12:26:56
murattkilinc/DeepSpeech,2020-11-16 17:16:07
Mozilla-Chandigarh/DeepSpeech,2020-11-15 17:14:42
samabdullah/DeepSpeech,2020-11-14 23:01:52
Mashfiq137/DeepSpeech,2020-11-14 20:00:32
forkbomb-666/DeepSpeech,2020-11-12 18:18:26
rajibkumardas/DeepSpeech,2020-11-12 15:27:33
RhitaOlz/DeepSpeech,2020-11-12 14:42:58
BaptouKrafft/DeepSpeech,2020-11-12 09:46:04
doytsujin/DeepSpeech,2020-11-10 17:31:15
mratok1/DeepSpeech,2020-11-10 17:13:14
NanoNabla/DeepSpeech,2020-11-10 10:03:27
Samuelpz/DeepSpeech,2020-11-09 21:15:19
Developer1881/DeepSpeech,2020-11-07 18:28:37
DatNguyen0208/DeepSpeech,2020-11-07 09:39:32
managertechteam/DeepSpeech-1,2020-11-06 08:19:07
Live-subtiltles/DeepSpeech,2020-11-05 11:42:44
serg20202020/DeepSpeech,2020-11-05 01:09:37
thej/DeepSpeech,2020-11-04 14:11:17
mengyoo/DeepSpeech,2020-11-03 11:11:13
waterfallc/DeepSpeech,2020-11-03 06:11:46
CatalinVoss/DeepSpeech,2020-11-03 05:08:03
dsjonline/DeepSpeech,2020-11-03 00:20:05
mul1sh/DeepSpeech,2020-11-02 11:32:04
utunga/DeepSpeech,2020-11-02 10:54:29
jongfranco/DeepSpeech,2020-11-01 23:28:03
Shruti-Raj-Vansh-Singh/DeepSpeech,2020-10-31 08:19:55
TamGam/DeepSpeech,2020-10-30 19:22:49
ashishdevo28/DeepSpeech,2020-10-30 12:49:38
Aditya3107/DeepSpeech,2020-10-29 20:31:08
sshuster/DeepSpeech,2020-10-29 17:53:03
drentsoft/DeepSpeech,2020-10-29 11:13:04
ahmedelkordy409/DeepSpeech,2020-10-28 17:21:02
coderxploit/DeepSpeech,2020-10-28 05:26:50
marcelomata/DeepSpeech,2020-10-27 20:46:38
suriyaa/DeepSpeech,2020-10-27 10:03:46
oopsteams/DeepSpeech,2020-10-27 07:02:17
ouzsrcm/DeepSpeech,2020-10-26 10:33:51
irab/DeepSpeech,2020-10-26 09:14:37
bharadwaj9r/DeepSpeech,2020-10-25 11:17:34
Jin992/DeepSpeech,2020-10-25 08:50:20
akeshmiri/DeepSpeech,2020-10-25 02:30:16
infrastrukt/DeepSpeech,2020-10-24 21:36:15
nexzanavod/DeepSpeech,2020-10-24 17:03:15
JJJJJly/DeepSpeech,2020-10-24 13:58:43
Nishant-Pall/DeepSpeech,2020-10-23 09:40:51
liezl200/DeepSpeech,2020-10-23 09:06:21
linkflowlab/DeepSpeech,2020-10-23 08:05:37
ice-a/DeepSpeech,2020-10-23 03:15:30
finaldzn/DeepSpeech,2020-10-22 11:47:38
HappyJoeJoe/DeepSpeech,2020-10-22 10:46:39
ftyers/DeepSpeech,2020-10-21 14:59:54
Sandunifernando/DeepSpeech,2020-10-21 09:53:43
wishyoushine/DeepSpeech,2020-10-21 09:13:05
benedictbayu/DeepSpeech,2020-10-21 05:06:13
vtienbk/DeepSpeech,2020-10-21 02:24:43
jpuigbo88/DeepSpeech,2020-10-20 18:00:57
neha058/DeepSpeech,2020-10-19 08:47:06
Jefferyoung96/DeepSpeech,2020-10-18 10:56:04
Team-Agility/DeepSpeech,2020-10-17 03:51:32
jqueguiner/DeepSpeech,2020-10-16 14:44:24
nahushrk/DeepSpeech,2020-10-16 07:55:17
Davilink/DeepSpeech,2020-10-15 03:52:36
ruixinlee/DeepSpeech,2020-10-14 23:21:47
k9lego/DeepSpeech,2020-10-14 15:13:43
actual-kwarter/DeepSpeech,2020-10-14 03:44:44
HongYeYi/DeepSpeech,2020-10-14 02:29:48
vbraguimcanto/DeepSpeech,2020-10-14 01:23:25
nerd2ninja/DeepSpeech,2020-10-13 07:37:47
stepkillah/DeepSpeech,2020-10-13 07:25:40
mariobehling/DeepSpeech,2020-10-12 18:35:41
yanliang12/DeepSpeech,2020-10-12 18:15:17
thebureaugroup/DeepSpeech,2020-10-11 19:56:18
Chucky84/DeepSpeech,2020-10-11 09:45:36
Xpert-Tekh-dev/DeepSpeech,2020-10-10 12:41:44
adiIspas/DeepSpeech,2020-10-10 11:43:04
fgsoap/DeepSpeech,2020-10-08 03:54:48
waldoswify93/DeepSpeech,2020-10-08 03:54:33
dA505819/DeepSpeech,2020-10-05 14:30:21
gmat/DeepSpeech,2020-10-05 13:49:11
MyCliveAndI/DeepSpeech,2020-10-05 08:58:53
zzirun/DeepSpeech,2020-10-05 02:41:06
Nkosana-263/DeepSpeech,2020-10-03 19:03:54
silexcorp/DeepSpeech,2020-10-01 18:26:15
lexkoro/DeepSpeech,2020-10-01 17:29:50
kanika158/DeepSpeech,2020-10-01 10:38:26
antonizhubar/DeepSpeech,2020-10-01 04:51:46
XinyiXiang/DeepSpeech,2020-10-01 02:17:11
BradleyA/DeepSpeech,2020-09-28 19:33:41
yashsehgal/DeepSpeech,2020-09-28 14:42:04
kavithacd/DeepSpeech,2020-09-28 12:43:31
nimma-vk/DeepSpeech,2020-09-28 10:14:49
zishan696/DeepSpeech,2020-09-27 15:50:12
cosisoft/DeepSpeech-1,2020-09-26 17:53:22
m4stodon/DeepSpeech,2020-09-25 10:42:17
Sarthakj0805/DeepSpeech,2020-09-25 05:48:26
yangfanjx/DeepSpeech,2020-09-25 02:42:06
julioalexandre/DeepSpeech,2020-09-22 14:44:27
josh-cogburn/DeepSpeech,2020-09-22 14:21:04
bruinxiong/DeepSpeech,2020-09-21 12:32:13
michaellin99999/DeepSpeech,2020-09-21 12:13:53
rutsam/DeepSpeech,2020-09-21 10:32:41
So-AI-love/DeepSpeech,2020-09-20 20:10:17
SIVASHANKAR-S/DeepSpeech,2020-09-20 00:05:27
Hippocast/DeepSpeech,2020-09-18 20:28:02
sixthhokage4/DeepSpeech,2020-09-17 19:06:46
PPTF/DeepSpeech,2020-09-17 13:40:52
xjia520/DeepSpeech,2020-09-17 06:38:30
gtcooke94/DeepSpeech,2020-09-16 18:19:47
adteven/DeepSpeech,2020-09-16 09:28:16
srivatsan88/DeepSpeech,2020-09-16 02:18:55
mcdavid109/DeepSpeech,2020-09-15 22:37:42
vkumar-eprosoft/DeepSpeech,2020-09-14 17:10:37
shahruk10/DeepSpeech,2020-09-14 09:59:32
overhacked/DeepSpeech,2020-09-13 18:58:30
xbliss/DeepSpeech,2020-09-12 16:37:10
freeloki/DeepSpeech,2020-09-12 14:28:14
herryliq/DeepSpeech,2020-09-11 22:53:49
KshamaKS/DeepSpeech,2020-09-11 05:13:12
EdwardDixon/DeepSpeech,2020-09-10 14:03:22
tramp00/DeepSpeech,2020-09-10 08:41:25
olyit/DeepSpeech,2020-09-10 01:09:02
huangjip/DeepSpeech,2020-09-08 15:31:41
olafthiele/DeepSpeech,2020-09-08 12:23:43
DrameMariama/DeepSpeech,2020-09-08 11:50:31
huandev/DeepSpeech,2020-09-07 10:14:16
Donny-Hikari/DeepSpeech,2020-09-07 08:56:45
Gauravchats/DeepSpeech,2020-09-07 06:26:53
Skwidensky/DeepSpeech,2020-09-06 16:25:17
ML-and-AI-repo/DeepSpeech,2020-09-06 11:02:58
brucerennie/DeepSpeech,2020-09-05 11:43:12
medienrocker/DeepSpeech,2020-09-04 16:05:54
panxiangwei/DeepSpeech,2020-09-04 06:34:15
TharunAts/DeepSpeech,2020-09-04 06:21:33
FUFU80/DeepSpeech,2020-09-04 03:50:10
scp-053/DeepSpeech,2020-09-04 03:35:46
zhhao1/DeepSpeech,2020-09-02 13:36:58
thomkallor/DeepSpeech,2020-09-01 20:01:52
NtiyisoN/DeepSpeech,2020-08-31 13:17:42
ishitamehta98/DeepSpeech,2020-08-30 16:06:24
YanXiaobin-Ben/DeepSpeech,2020-08-30 09:07:31
itsdevansh/DeepSpeech,2020-08-29 19:37:20
li563042811/DeepSpeech,2020-08-28 06:27:43
Lorenzosciacca/DeepSpeech,2020-08-27 19:04:29
alexivaner/DeepSpeech,2020-08-27 11:36:34
zanwang/STT,2020-08-26 12:00:06
jbampton/STT,2020-08-26 08:16:00
dut3062796s/STT,2020-08-26 01:34:05
DARK-art108/STT,2020-08-25 15:06:43
woomurf/STT,2020-08-25 08:51:17
mschroederi/STT,2020-08-24 14:58:06
zhangchn/STT,2020-08-24 11:58:40
anukurian16/STT,2020-08-24 09:56:38
anjanb/STT,2020-08-24 09:14:33
Textras/STT,2020-08-24 08:41:21
xyqgcs/STT,2020-08-24 03:17:05
pramsky/STT,2020-08-23 17:06:20
tangmq/STT,2020-08-23 12:47:46
SukiBataja/STT,2020-08-23 10:03:10
lxlyh/STT,2020-08-22 15:37:18
MrityunjoyS/STT,2020-08-22 06:41:33
alejandroparra/STT,2020-08-21 16:01:05
poh1207/STT,2020-08-21 08:00:32
KrishikaHK/STT,2020-08-20 13:26:17
ptitloup/STT,2020-08-20 07:17:48
TechtozT/STT,2020-08-19 23:43:56
AI-ML-CV/STT,2020-08-19 13:21:00
ahuachen/STT,2020-08-19 09:10:34
OlegKarasik/STT,2020-08-18 19:57:32
rebung/STT,2020-08-18 19:39:33
nexus-labs/STT,2020-08-17 09:22:15
chahatagarwal/STT,2020-08-16 06:31:50
smartnose/STT,2020-08-16 02:24:16
RiskySignal/STT,2020-08-14 07:05:02
bubblesofdeath/STT,2020-08-14 04:05:56
undefinedroot/STT,2020-08-13 01:05:41
yanarp/STT,2020-08-12 12:06:27
ssifood/DeepSpeech,2020-08-12 08:54:39
WonderInvention/DeepSpeech,2020-08-11 04:32:49
mohsenoon/DeepSpeech,2020-08-10 07:56:15
ffos/DeepSpeech,2020-08-09 14:38:30
xuitex/DeepSpeech,2020-08-09 08:33:39
khle08/DeepSpeech,2020-08-09 06:40:14
francesliang/DeepSpeech,2020-08-09 05:39:38
kashif147/DeepSpeech,2020-08-08 10:57:31
datadve/DeepSpeech,2020-08-08 04:27:26
JunhaoCoding/DeepSpeech,2020-08-08 03:09:24
nitrogate/DeepSpeech,2020-08-06 10:07:04
vyoz/DeepSpeech,2020-08-05 15:20:55
IMA-ChristianPommer/DeepSpeech,2020-08-04 05:11:45
fincamd/DeepSpeech,2020-08-03 08:40:54
farispriadi/DeepSpeech,2020-08-02 15:17:06
ravikantcool2008/DeepSpeech,2020-08-02 10:01:24
commitmoji/DeepSpeech,2020-08-02 03:03:25
thisisreza/DeepSpeech,2020-08-01 07:54:29
mrstegeman/DeepSpeech,2020-07-31 20:44:17
veera08/DeepSpeech,2020-07-31 16:02:35
Andrew6ix/DeepSpeech,2020-07-31 07:52:55
kevin-upgrade/DeepSpeech,2020-07-30 22:47:36
BrunoCavagnaro/DeepSpeech,2020-07-30 00:43:38
peterli1001/DeepSpeech,2020-07-29 07:03:50
sjoerdteunisse/DeepSpeech,2020-07-27 21:09:52
erksch/DeepSpeech,2020-07-27 12:31:39
ThaiLe189/DeepSpeech,2020-07-27 07:20:32
aimlees/DeepSpeech,2020-07-27 00:50:47
m-usamasaleem/DeepSpeech,2020-07-26 18:18:54
neuralbotnetworks/DeepSpeech,2020-07-24 10:16:55
jxncyym/DeepSpeech,2020-07-24 06:29:18
WCurtG/DeepSpeech,2020-07-23 22:17:26
farshadsm/DeepSpeech,2020-07-23 00:48:46
modimod/DeepSpeech,2020-07-22 07:03:34
gale4004/DeepSpeech,2020-07-22 04:07:17
Sebidev/DeepSpeech,2020-07-22 00:47:15
sunnynevarekar/DeepSpeech,2020-07-21 19:05:57
ml2457/DeepSpeech,2020-07-21 06:50:25
smallflyingpig/DeepSpeech,2020-07-20 13:21:13
varungoti/DeepSpeech,2020-07-20 08:46:16
edgar-moran/DeepSpeech,2020-07-20 02:14:15
dnsamw/DeepSpeech,2020-07-19 18:29:08
codegression/DeepSpeech,2020-07-19 02:22:00
wam94/DeepSpeech,2020-07-18 03:18:46
prabhjotSL/DeepSpeech,2020-07-17 17:50:59
hawa920/DeepSpeech,2020-07-17 06:52:26
luweishuang/DeepSpeech,2020-07-17 02:30:54
ashishnigam/DeepSpeech,2020-07-16 16:22:29
preniqivjosa/DeepSpeech,2020-07-16 07:58:37
mk12306/DeepSpeech,2020-07-16 07:12:49
CMU-TBD/DeepSpeech,2020-07-15 20:39:38
fogdingding/DeepSpeech,2020-07-14 06:51:18
guyt101z/DeepSpeech,2020-07-13 06:39:49
AbaiCPyJ/DeepSpeech,2020-07-13 05:27:17
ArduPilotX/DeepSpeech,2020-07-12 08:53:57
pbxqdown/DeepSpeech,2020-07-11 23:01:15
kvakil/DeepSpeech,2020-07-11 19:34:52
Hegemon98/DeepSpeech,2020-07-11 07:11:02
karansag/DeepSpeech,2020-07-10 19:23:01
poneill/DeepSpeech,2020-07-09 19:29:16
pgollor/DeepSpeech,2020-07-09 18:39:18
hyxhyxhyx220825/DeepSpeech,2020-07-09 10:58:06
lan0mkdy/DeepSpeech,2020-07-09 10:39:04
applied-machinelearning/DeepSpeech,2020-07-09 08:11:39
kristiankielhofner/DeepSpeech,2020-07-08 22:48:35
ExpressGit/DeepSpeech,2020-07-07 10:53:34
andrewJYjang/DeepSpeech,2020-07-07 06:49:51
sysang/DeepSpeech,2020-07-07 01:25:25
sahilbajaj82/DeepSpeech,2020-07-06 05:43:14
nagisa-sakamoto/DeepSpeech,2020-07-06 04:05:15
tom-doerr/DeepSpeech,2020-07-05 11:08:55
hsetially/DeepSpeech,2020-07-05 10:58:40
JokeCorleone/DeepSpeech,2020-07-04 05:12:45
woody0105/DeepSpeech,2020-07-04 03:27:58
software8899/DeepSpeech,2020-07-02 03:09:41
deepakpster/DeepSpeech,2020-07-01 20:09:03
irora/DeepSpeech-1,2020-07-01 11:39:20
Hemanshu-Bhargav/DeepSpeech,2020-06-30 07:00:01
techbot-co/DeepSpeech,2020-06-30 00:04:05
mareacaspica/DeepSpeech,2020-06-27 22:14:56
ava6969/DeepSpeech,2020-06-27 15:45:13
KScorcia/DeepSpeech,2020-06-26 04:55:24
it-cat/DeepSpeech,2020-06-25 16:17:27
luvwinnie/DeepSpeech,2020-06-23 15:13:20
nine909/DeepSpeech,2020-06-23 10:00:46
sinabio/DeepSpeech,2020-06-22 15:54:24
arunbalas/DeepSpeech,2020-06-22 05:43:24
lowsaelee/DeepSpeech,2020-06-21 00:15:34
gyunt/DeepSpeech,2020-06-20 16:26:24
FinizX/DeepSpeech,2020-06-20 09:30:08
BriantOliveira/DeepSpeech,2020-06-18 23:18:11
yiyiwang515/DeepSpeech,2020-06-18 20:21:24
TGlove/DeepSpeech,2020-06-18 11:22:22
Juzenn/DeepSpeech,2020-06-18 02:50:55
yangzhinong/DeepSpeech,2020-06-17 12:36:14
eagledot/DeepSpeech,2020-06-17 04:32:06
Nikhar444/DeepSpeech,2020-06-16 19:11:43
mr-jestin-roy/DeepSpeech,2020-06-16 17:39:54
wjlee-barco/DeepSpeech,2020-06-16 13:29:24
alamkamran/DeepSpeech,2020-06-15 20:41:32
kaushikjadhav01/DeepSpeech,2020-06-15 12:09:24
Sapate-Vivek/DeepSpeech,2020-06-15 11:10:41
wayaya/DeepSpeech,2020-06-15 09:54:00
ObliviousParadigm/DeepSpeech,2020-06-14 10:27:46
sea-mc/DeepSpeech,2020-06-13 21:25:25
onnoeberhard/deepspeech-transfer,2020-06-13 14:52:33
Cesar-Roucco/DeepSpeech,2020-06-11 22:40:07
tanveersohaib/DeepSpeech,2020-06-11 11:46:42
ibitoyeofd/DeepSpeech,2020-06-10 15:07:55
williamdaburke/DeepSpeech,2020-06-10 14:17:12
Jeriousman/DeepSpeech,2020-06-10 01:48:21
Aldemaro14/DeepSpeech,2020-06-09 20:03:11
lazynewt/DeepSpeech,2020-06-08 13:14:12
MLikeWater/DeepSpeech,2020-06-07 23:37:37
lcfcosta/DeepSpeech,2020-06-06 12:35:55
benqurra/DeepSpeech,2020-06-06 12:27:16
ricky-cck/DeepSpeech,2020-06-05 10:58:13
Mdlglobal-atlassian-net/DeepSpeech,2020-06-04 10:21:19
adilelghali/DeepSpeech,2020-06-04 06:45:27
aoyarzun/DeepSpeech,2020-06-03 23:03:54
marekjg/DeepSpeech,2020-06-03 16:02:39
great-energizer/DeepSpeech,2020-06-02 13:24:12
lvchigo/DeepSpeech,2020-06-02 07:30:35
Aaron-Junker/DeepSpeech,2020-06-01 10:39:57
narthanaj/DeepSpeech,2020-06-01 06:43:30
rohitsharm1985/DeepSpeech,2020-06-01 06:42:22
MangoLuo/DeepSpeech-1,2020-06-01 01:45:15
hejinghui/DeepSpeech,2020-05-29 04:06:44
mischa99/DeepSpeech,2020-05-28 08:00:17
kartikmehta09/DeepSpeech,2020-05-27 15:26:16
gregnr/DeepSpeech,2020-05-25 03:33:51
zloop1982/DeepSpeech,2020-05-24 19:52:19
Mo3et/DeepSpeech,2020-05-24 13:12:34
wahello/DeepSpeech,2020-05-24 10:21:43
amgp-upm/DeepSpeech-1,2020-05-24 08:11:32
thphuc/DeepSpeech,2020-05-24 05:28:39
omerasif-itu/dequ.ai,2020-05-23 19:32:19
ajaysg-zz/DeepSpeech,2020-05-22 17:15:31
wevlu/DeepSpeech,2020-05-22 16:31:29
SamiKlash/DeepSpeech,2020-05-22 10:05:15
shuihan0555/DeepSpeech,2020-05-22 08:53:52
MikeyBeez/DeepSpeech,2020-05-22 05:23:14
Munia-AK/DeepSpeech,2020-05-21 23:57:40
thapadipendra/DeepSpeech,2020-05-21 05:00:22
ddkv587/DeepSpeech,2020-05-19 09:52:06
jgvg1/DeepSpeech,2020-05-19 08:52:47
namgyupark22/DeepSpeech,2020-05-18 02:29:23
knighthunter09/DeepSpeech-1,2020-05-17 01:58:21
b0r1ngx/DeepSpeech,2020-05-16 23:09:17
luyun2hit/DeepSpeech,2020-05-16 16:09:00
skyInGitHub/DeepSpeech,2020-05-14 10:20:12
welocalize-qa/DeepSpeech,2020-05-13 23:14:49
aibrahim-/DeepSpeech,2020-05-13 12:33:13
bisikuku/DeepSpeech,2020-05-13 04:09:25
gospeljohn/DeepSpeech,2020-05-13 01:24:38
rajsardhara/DeepSpeech,2020-05-11 19:24:48
lper1582/DeepSpeech,2020-05-11 18:55:20
mat1992/DeepSpeech,2020-05-11 15:16:11
zagir/DeepSpeech,2020-05-11 13:36:19
deepmagic-io/DeepSpeech,2020-05-10 23:17:10
adarshksudarsan/DeepSpeech,2020-05-08 09:39:44
karayakar/DeepSpeech,2020-05-08 03:35:39
jizhi/DeepSpeech-1,2020-05-08 01:19:01
IAmRilind/DeepSpeech,2020-05-07 07:25:56
zeta1999/DeepSpeech,2020-05-07 05:18:45
mhooijman/DeepSpeech,2020-05-06 09:20:31
mmccartn/DeepSpeech,2020-05-05 21:14:45
CraftyDragon678/DeepSpeech,2020-05-05 09:57:49
dalaidsa/DeepSpeech,2020-05-04 18:41:56
adrabi-abderrahim/DeepSpeech,2020-05-03 20:39:08
nandishajani/DeepSpeech,2020-05-02 18:25:05
hobbit19/DeepSpeech,2020-05-02 10:56:53
rainisto/DeepSpeech,2020-05-01 15:09:40
lwalejko/DeepSpeech,2020-04-30 13:16:15
kashyap-aditya/DeepSpeech,2020-04-30 01:25:04
schneider-p/DeepSpeech,2020-04-29 18:59:34
zcy618/DeepSpeech,2020-04-29 15:05:43
gphuang/DeepSpeech,2020-04-29 11:22:07
kukupigs/DeepSpeech,2020-04-29 07:15:24
donfanning/DeepSpeech,2020-04-29 02:14:55
mlcollection/DeepSpeech,2020-04-28 15:39:01
lowellmower/DeepSpeech,2020-04-28 14:13:28
rezaprimasatya/DeepSpeech,2020-04-28 13:30:48
dwtcourses/DeepSpeech,2020-04-28 12:58:19
umit-ai/DeepSpeech,2020-04-28 10:20:04
purplesparkle/DeepSpeech,2020-04-27 15:55:53
bingbingfeng1993/DeepSpeech,2020-04-27 12:54:27
ruhit3/DeepSpeech,2020-04-26 11:45:00
d-a-v/DeepSpeech,2020-04-25 15:36:55
msduketown/DeepSpeech,2020-04-25 12:28:56
jschueller/DeepSpeech,2020-04-25 12:12:23
Delvify/DeepSpeech,2020-04-24 05:23:46
knappsimon/DeepSpeech,2020-04-24 00:20:33
gaurav3384/DeepSpeech,2020-04-23 19:54:18
bknorrcmse/DeepSpeech,2020-04-23 17:09:51
GoldschmittGabriel/DeepSpeech,2020-04-23 12:39:42
hmen97/DeepSpeech,2020-04-23 12:01:43
59ranjbar/DeepSpeech,2020-04-23 00:15:34
k-farruh/DeepSpeech,2020-04-22 09:32:22
gitusertd/DeepSpeech,2020-04-22 01:13:24
Ivasoft/DeepSpeech,2020-04-21 23:15:22
ZeroNilZero/DeepSpeech,2020-04-21 10:51:46
kh0shi/DeepSpeech,2020-04-20 04:52:34
tu1258/DeepSpeech,2020-04-19 19:15:57
unhingedporter/DeepSpeech,2020-04-19 04:52:55
jimregan/DeepSpeech,2020-04-16 20:43:00
mahesh-kart/DeepSpeech,2020-04-16 15:17:12
madprogramer/DeepSpeech,2020-04-16 12:41:53
deeplazyguy/DeepSpeech,2020-04-16 07:13:01
ericruleman/DeepSpeech,2020-04-16 02:27:28
ra2003/DeepSpeech,2020-04-15 19:27:34
salma95B/DeepSpeech,2020-04-15 16:44:35
lyonguyen8697/DeepSpeech,2020-04-15 12:59:25
sts-sadr/DeepSpeech,2020-04-15 12:39:55
csetanmayjain/DeepSpeech,2020-04-15 11:55:49
la3lma/DeepSpeech,2020-04-14 12:14:54
IIIDimaIII/DeepSpeech,2020-04-14 06:31:43
mapleleafss/DeepSpeech,2020-04-14 03:57:51
ALICE-Natural-Language-Processing-Lab/DeepSpeech,2020-04-14 02:08:44
Sharpest-Marble/DeepSpeech,2020-04-13 18:58:37
vladbodareu96/DeepSpeech,2020-04-13 16:42:12
Yaffa16/DeepSpeech,2020-04-13 11:13:40
kingfener/DeepSpeech,2020-04-13 06:03:17
ocastx/DeepSpeech,2020-04-12 19:34:38
chrillemanden/DeepSpeech,2020-04-12 13:47:29
nextpbx/DeepSpeech,2020-04-11 21:17:11
kuskyfei/DeepSpeech,2020-04-11 15:15:11
Devansh-S/DeepSpeech,2020-04-11 11:46:55
inomax5/DeepSpeech,2020-04-10 16:02:09
Coastchb/DeepSpeech,2020-04-10 12:20:15
amarsaikhanb/DeepSpeech,2020-04-10 01:48:23
ken-zoukun/DeepSpeech,2020-04-09 08:28:44
tsiAILAB/DeepSpeech,2020-04-07 16:54:42
5l1v3r1/DeepSpeech,2020-04-07 09:29:19
gleissonbezerra/DeepSpeech,2020-04-05 22:51:34
amittomar-1/DeepSpeech,2020-04-05 05:48:21
shekhart47/DeepSpeech,2020-04-03 01:31:41
ShuanDeMorian/DeepSpeech,2020-04-02 14:05:45
hiBruce/DeepSpeech,2020-04-02 12:41:02
sweetcard/DeepSpeech,2020-04-02 08:41:09
yuanzhenjie/DeepSpeech-2,2020-04-02 07:29:04
Ashchenlovelive/DeepSpeech,2020-04-01 11:25:36
nathannlp/DeepSpeech,2020-03-30 10:00:24
MestafaKamal/DeepSpeech,2020-03-30 09:58:01
ajolivette/DeepSpeech,2020-03-29 17:45:48
baobrian/DeepSpeech,2020-03-29 12:07:44
beamiter/DeepSpeech,2020-03-29 01:56:48
dixitabhishek63/DeepSpeech,2020-03-27 11:45:01
rickdynasty/DeepSpeech,2020-03-27 07:46:31
harvyso/DeepSpeech,2020-03-26 17:55:24
ct1104/DeepSpeech,2020-03-26 14:17:08
DiaosXue/DeepSpeech,2020-03-26 03:23:58
kirnafwei/DeepSpeech,2020-03-26 01:25:26
catalincoroeanu/DeepSpeech,2020-03-25 09:50:31
likhvar/DeepSpeech,2020-03-25 03:25:39
aishiitm/DeepSpeech,2020-03-24 14:53:52
ValeriyMarkin/DeepSpeech,2020-03-23 06:28:21
NormanTUD/DeepSpeech,2020-03-22 19:38:12
sn00py-dk/DeepSpeech,2020-03-22 00:54:59
prasoons075/DeepSpeech,2020-03-21 14:49:12
marc48/DeepSpeechM,2020-03-21 13:18:47
henkeldi/DeepSpeech,2020-03-21 11:16:54
saprrow/DeepSpeech,2020-03-21 03:10:26
funny07/DeepSpeech,2020-03-20 14:41:39
qbit-/DeepSpeech,2020-03-20 11:35:03
gitxchen/DeepSpeech,2020-03-20 09:43:02
maggie0830/DeepSpeech,2020-03-19 07:24:49
MrLee66/DeepSpeech,2020-03-19 05:35:26
ZhangTongLe/DeepSpeech,2020-03-19 05:08:37
alighofrani95/DeepSpeech,2020-03-18 12:57:31
fjlikun/DeepSpeech,2020-03-18 10:27:34
xiayongtao/DeepSpeech-1,2020-03-16 08:33:38
jarodvip/DeepSpeech,2020-03-15 09:14:55
mdvandergon/DeepSpeech,2020-03-14 18:58:32
meetsavani/DeepSpeech,2020-03-14 12:29:02
sharonbubz/DeepSpeech,2020-03-14 01:04:02
Soccentric/DeepSpeech,2020-03-12 17:37:06
abbycabs/DeepSpeech,2020-03-12 14:13:26
kyhoolee/DeepSpeech,2020-03-12 02:20:53
Nipuni411/DeepSpeech,2020-03-11 21:42:37
chrisgks/DeepSpeech,2020-03-11 12:53:41
ajanthasingam/DeepSpeech,2020-03-10 17:51:41
alexking/DeepSpeech,2020-03-09 18:57:10
pransh15/DeepSpeech,2020-03-09 15:47:28
Vman45/DeepSpeech,2020-03-08 23:51:23
ernesthenry/DeepSpeech,2020-03-07 20:29:47
VitthalGupta/DeepSpeech,2020-03-07 09:19:04
AI-ML-Projects/DeepSpeech,2020-03-06 19:20:53
StefanF-ITEOS/DeepSpeech,2020-03-06 06:52:04
KaiRuiF/DeepSpeech,2020-03-06 05:52:57
skjalgw/DeepSpeech,2020-03-05 10:50:13
abhinavdayal/DeepSpeech,2020-03-05 05:10:22
eddie841006/DeepSpeech,2020-03-05 02:22:10
Jordan-Sauchuk/DeepSpeech,2020-03-04 10:47:06
leekinboo/DeepSpeech,2020-03-04 06:08:35
MontyD/DeepSpeech,2020-03-02 09:20:26
lucky096/DeepSpeech,2020-03-02 07:26:26
ashokbabus/DeepSpeech,2020-03-02 07:14:30
laputa-coder/DeepSpeech,2020-03-02 02:05:45
wahyubram82/DeepSpeech,2020-02-29 12:57:47
robin536180/DeepSpeech,2020-02-29 03:07:03
neozhangthe1/DeepSpeech-1,2020-02-28 10:55:40
yitagessu/DeepSpeech,2020-02-27 16:32:59
dabinat/DeepSpeech,2020-02-26 19:28:51
harishree7/DeepSpeech,2020-02-26 12:34:31
TechV/DeepSpeech,2020-02-25 19:06:00
mgavillo/DeepSpeech,2020-02-25 13:26:07
m-2k/DeepSpeech,2020-02-25 10:59:15
gmlakd1221/DeepSpeech,2020-02-25 10:22:11
nagasai-iitr/DeepSpeech,2020-02-24 18:33:06
imskr/DeepSpeech,2020-02-23 08:49:41
HashMallow/DeepSpeech,2020-02-23 05:20:54
crypto-futurologist/DeepSpeech,2020-02-22 12:21:17
Hexthol/DeepSpeech,2020-02-21 21:04:05
ana-kuznetsova/DeepSpeech,2020-02-21 17:13:14
vinprofessionalapps/DeepSpeech,2020-02-21 09:05:20
movane/DeepSpeech,2020-02-20 06:49:13
ChenHuaYou/DeepSpeech-1,2020-02-20 03:01:23
JnCrMx/DeepSpeech,2020-02-19 18:04:36
vivchawda/DeepSpeech,2020-02-19 14:20:54
dragonxu/DeepSpeech,2020-02-19 12:28:51
chadng/DeepSpeech,2020-02-19 10:58:03
lipsajohny/DeepSpeech,2020-02-19 09:43:14
realashishdave/DeepSpeech,2020-02-19 09:17:20
jjedele/DeepSpeech,2020-02-18 18:24:45
nero-angela/DeepSpeech,2020-02-18 13:04:31
VinuAbraham/DeepSpeech,2020-02-18 12:23:28
gabrioo/DeepSpeech,2020-02-18 11:00:04
chuanma/DeepSpeech,2020-02-18 02:14:47
rhamnett/DeepSpeech,2020-02-17 12:22:07
yehuangcn/DeepSpeech-1,2020-02-17 08:19:02
camtorbri/DeepSpeech,2020-02-16 19:11:43
Nirushan1/DeepSpeech,2020-02-16 16:33:48
fuxishi/DeepSpeech,2020-02-16 15:26:25
Veents/DeepSpeech,2020-02-16 07:52:44
AugustinMorieux/DeepSpeech,2020-02-15 15:51:51
riham-mefleh/DeepSpeech,2020-02-15 10:43:56
rancec/DeepSpeech,2020-02-14 15:08:37
robbine75/DeepSpeech,2020-02-13 21:57:36
ninja9099/DeepSpeech,2020-02-12 17:40:21
ZahraEljemi/DeepSpeech,2020-02-11 19:04:01
Criticalstone/DeepSpeech,2020-02-11 09:00:11
sheldon124/DeepSpeech,2020-02-11 06:10:14
dlxj/DeepSpeech,2020-02-10 10:07:20
AmirStudy/DeepSpeech,2020-02-09 20:21:53
phillip1029/DeepSpeech,2020-02-07 19:15:38
xiejy/DeepSpeech,2020-02-07 18:37:09
OurBigAdventure/DeepSpeech,2020-02-07 16:00:58
kezakool/DeepSpeech,2020-02-07 14:37:43
JayZ92-99/DeepSpeech,2020-02-07 11:52:24
pasiasach/DeepSpeech,2020-02-07 09:09:35
Aditi1709/DeepSpeech,2020-02-06 07:46:45
D-B-Cooper/DeepSpeech,2020-02-05 23:33:00
DanBmh/DeepSpeech,2020-02-05 16:41:31
tap222/DeepSpeech,2020-02-05 11:01:35
aicityorg/DeepSpeech,2020-02-05 09:12:28
gunjanddave/DeepSpeech,2020-02-04 16:15:58
zh4r0nax/DeepSpeech,2020-02-03 23:08:36
ArtShx/DeepSpeech,2020-02-03 00:00:33
krishnakatyal/DeepSpeech,2020-02-01 09:37:22
chitranjanit/DeepSpeech,2020-02-01 00:19:44
ssthurai/DeepSpeech,2020-01-31 10:13:06
Nivratti/DeepSpeech,2020-01-31 09:13:23
chiyochow/DeepSpeech,2020-01-30 16:49:35
KyleGuyMandude/DeepSpeech,2020-01-30 11:14:36
averossina/DeepSpeech,2020-01-30 09:53:43
saptechengineer/DeepSpeech,2020-01-30 05:19:47
yinshengabc/DeepSpeech,2020-01-30 04:29:26
commonBilguun/DeepSpeech,2020-01-28 08:50:28
timxor/DeepSpeech,2020-01-28 08:20:34
happyshi0402/DeepSpeech,2020-01-27 16:26:01
evgenek11/DeepSpeech,2020-01-27 09:22:18
XrosLiang/DeepSpeech,2020-01-25 08:33:59
bilbiten/DeepSpeech,2020-01-24 20:45:14
sean-metzger/DeepSpeech,2020-01-24 19:26:24
jzoeller/DeepSpeech,2020-01-24 15:06:03
Sandy4321/DeepSpeech,2020-01-23 22:09:00
gorpo/DeepSpeech,2020-01-23 20:45:10
satishluintel/DeepSpeech,2020-01-23 16:35:44
iamkish0re/DeepSpeech,2020-01-23 15:40:34
Duxy1996/DeepSpeech,2020-01-23 15:39:11
JohnJBoren/DeepSpeech,2020-01-22 01:16:30
harshaldesai01/DeepSpeech,2020-01-21 17:43:29
iamlost127/DeepSpeech,2020-01-21 07:20:26
sethips/DeepSpeech,2020-01-21 06:31:06
mlaradji/DeepSpeech,2020-01-21 00:09:49
sumsuddin/DeepSpeech,2020-01-20 11:03:26
Matthew9799/DeepSpeech,2020-01-20 04:39:30
phymucs/DeepSpeech,2020-01-19 06:50:06
codeshef/DeepSpeech,2020-01-18 13:15:40
Harshit090/DeepSpeech,2020-01-17 20:25:07
wardmundy/DeepSpeech,2020-01-17 12:25:16
abhijitdalavi/DeepSpeech,2020-01-17 11:36:21
keithpohl/DeepSpeech,2020-01-16 22:08:08
kg4ysy/DeepSpeech,2020-01-16 12:19:00
ma521dy/DeepSpeech,2020-01-16 06:07:55
Dreambee0123/DeepSpeech,2020-01-15 05:11:32
odiezapha/DeepSpeech,2020-01-14 22:20:13
deltabug/DeepSpeech,2020-01-14 14:56:42
Wangzhzh0723/DeepSpeech,2020-01-14 05:57:39
jeanru/DeepSpeech,2020-01-14 03:14:46
Perpleex/DeepSpeech,2020-01-13 14:43:34
alexvechirko/DeepSpeech,2020-01-13 00:19:57
bookong22/DeepSpeech,2020-01-10 07:55:26
Dylan-Sullivan/DeepSpeech,2020-01-10 05:02:33
geminird/DeepSpeech,2020-01-09 06:32:01
JesterOrNot/DeepSpeech,2020-01-08 23:32:12
mcgreey/DeepSpeech,2020-01-08 10:20:04
constructorfleet/DeepSpeech,2020-01-08 05:53:47
madkote/DeepSpeech-2,2020-01-07 11:41:54
ykhemanth/DeepSpeech,2020-01-06 11:42:41
saqib22/DeepSpeech,2020-01-06 09:58:42
MaciejMacko/DeepSpeech,2020-01-05 16:16:39
DigitalCosmos555/DeepSpeech,2020-01-04 23:22:26
DeepakShrestha/DeepSpeech,2020-01-03 05:08:35
Domhnall-Liopa/DeepSpeech,2020-01-02 10:54:20
shangshanshi/DeepSpeech,2020-01-02 08:30:11
mikec54088/DeepSpeech,2020-01-02 05:47:23
rkarhila/DeepSpeech,2019-12-31 10:03:18
smdshakeelhassan/DeepSpeech,2019-12-31 09:44:34
wezleysherman/DeepSpeech,2019-12-31 03:23:32
guoqingiskid/DeepSpeech,2019-12-30 14:44:59
DaDaGGqaing/DeepSpeech,2019-12-30 03:19:27
aesmin/DeepSpeech,2019-12-26 22:49:56
kiranscaria/DeepSpeech,2019-12-26 17:32:11
giering/DeepSpeech,2019-12-26 13:28:37
ChengWang2017/DeepSpeech,2019-12-26 05:32:40
hieule1997/DeepSpeech,2019-12-26 02:55:21
kevin11x/DeepSpeech,2019-12-25 07:52:08
32r81b/DeepSpeech,2019-12-23 16:04:03
amirunpri2018/DeepSpeech,2019-12-23 14:29:11
c4pt000/DeepSpeech,2019-12-23 09:25:41
oerdem19/DeepSpeech,2019-12-23 05:30:51
mattc-eostar/DeepSpeech,2019-12-20 15:22:04
lpffernando/DeepSpeech,2019-12-20 14:15:26
Moveisthebest/DeepSpeech,2019-12-20 10:35:46
shilik/DeepSpeech,2019-12-20 08:45:18
cdcsai/DeepSpeech,2019-12-19 19:44:28
FabricioMatos/DeepSpeech,2019-12-19 13:49:04
jiyulongxu/DeepSpeech,2019-12-19 00:48:38
battani/DeepSpeech,2019-12-18 13:36:48
theelizabethgrace/DeepSpeech,2019-12-17 23:28:22
gdineshk6174/DeepSpeech,2019-12-17 06:07:53
HeiNimda/DeepSpeech,2019-12-17 03:50:53
caiyueliang/DeepSpeech,2019-12-16 10:11:36
winsomexjs/DeepSpeech,2019-12-16 03:29:28
QAQ1551QAQ/DeepSpeech-1,2019-12-16 02:09:54
William8Work/DeepSpeech,2019-12-14 19:25:14
Danielson23/DeepSpeech,2019-12-14 11:10:49
xjzpguob/DeepSpeech-1,2019-12-13 10:56:51
iamrupok/DeepSpeech,2019-12-12 14:14:47
willemneal/DeepSpeech,2019-12-12 02:06:24
thecodrr/DeepSpeech,2019-12-11 15:17:00
panfilovaev/DeepSpeech,2019-12-11 13:17:29
KSuljic/DeepSpeech,2019-12-10 19:34:04
massielislas/DeepSpeech,2019-12-10 14:22:44
BCoskun/DeepSpeech,2019-12-10 13:33:16
EduardoPataki/DeepSpeech,2019-12-10 12:53:41
AppalachianWine/DeepSpeech,2019-12-10 11:49:26
Taekyoon/DeepSpeech,2019-12-10 05:14:49
lcbasu/DeepSpeech,2019-12-10 01:06:22
retzger/DeepSpeech,2019-12-09 23:37:45
osirusgroup/DeepSpeech,2019-12-09 23:37:44
flazer99/DeepSpeech,2019-12-09 13:16:41
AlanNaoto/DeepSpeech,2019-12-09 11:09:08
scarecrow1123/DeepSpeech,2019-12-09 10:16:42
hovonako/DeepSpeech,2019-12-09 06:39:43
kontomondo/DeepSpeech,2019-12-08 13:18:43
xxxuu/DeepSpeech,2019-12-08 08:03:17
bluseking/DeepSpeech,2019-12-08 06:39:54
monigarr/DeepSpeech,2019-12-08 02:44:49
afahitech/DeepSpeech,2019-12-07 15:19:53
sanjayws/DeepSpeech,2019-12-07 13:27:36
StarGrin/DeepSpeech,2019-12-07 04:10:49
bs111/DeepSpeech,2019-12-07 03:00:38
hoehnp/DeepSpeech,2019-12-06 19:25:00
Phdmani/DeepSpeech,2019-12-06 17:39:24
cambricorp/DeepSpeech,2019-12-06 17:23:22
antrepo/DeepSpeech,2019-12-06 16:01:59
fengshaoxie/DeepSpeech,2019-12-06 12:57:39
chensaics/DeepSpeech,2019-12-06 11:42:49
usayamadx/DeepSpeech,2019-12-06 09:47:04
zanapepaj/DeepSpeech,2019-12-06 09:31:02
thomascherickal/DeepSpeech,2019-12-06 09:20:26
lovebingo/DeepSpeech,2019-12-06 09:04:15
xmpx/DeepSpeech,2019-12-06 03:35:48
karthikindia/DeepSpeech,2019-12-06 03:07:24
matthewmoran/DeepSpeech,2019-12-06 00:29:48
tolysz/DeepSpeech,2019-12-05 19:09:49
Edresson/DeepSpeech,2019-12-05 18:27:51
jaden-young/DeepSpeech,2019-12-05 17:35:54
jsemig/DeepSpeech,2019-12-05 16:51:57
LongJohnCoder/DeepSpeech,2019-12-05 14:34:28
IgorDzreyev/DeepSpeech,2019-12-05 10:55:18
absalan/DeepSpeech,2019-12-05 10:08:52
israelws/DeepSpeech,2019-12-04 19:27:40
HappyFreeAngel/DeepSpeech,2019-12-04 15:27:11
pietrop/DeepSpeech,2019-12-04 14:24:03
RiyuBana/DeepSpeech,2019-12-04 12:37:41
proxip/DeepSpeech,2019-12-04 12:28:30
SuperKogito/DeepSpeech,2019-12-04 09:24:00
jeongHwarr/DeepSpeech,2019-12-03 07:20:09
donaldo3/DeepSpeech,2019-12-02 06:06:26
mychiux413/DeepSpeech,2019-11-29 08:00:16
conr-g/DeepSpeech,2019-11-29 03:40:00
sachgits/DeepSpeech,2019-11-28 16:05:33
ppvastar/DeepSpeech,2019-11-28 04:54:59
SegfaultCreator/DeepSpeech,2019-11-27 08:23:44
zxiong0217/DeepSpeech,2019-11-27 02:52:53
legendpvper/DeepSpeech,2019-11-27 02:31:25
danielgalbraith/DeepSpeech,2019-11-27 01:05:45
vasurobo/DeepSpeech,2019-11-26 17:48:39
pannunzio/DeepSpeech,2019-11-26 14:42:44
jingchun01/DeepSpeech,2019-11-26 09:10:26
zhukai802/DeepSpeech,2019-11-26 07:53:18
forksbot/DeepSpeech,2019-11-25 19:36:00
Aragaki-Yui-sss/DeepSpeech,2019-11-25 04:03:53
makabakas/DeepSpeech,2019-11-25 03:22:18
gaiyangjun/DeepSpeech,2019-11-23 12:42:12
fengchuiguo1994/DeepSpeech,2019-11-22 18:12:39
jeffmcneill/DeepSpeech,2019-11-22 13:12:11
repo-wiseacre/DeepSpeech,2019-11-21 07:23:29
Zer0-dev115/DeepSpeech,2019-11-19 11:56:53
taorui-plus/DeepSpeech,2019-11-18 13:13:22
ivesbai/DeepSpeech,2019-11-18 09:03:55
w-stew/DeepSpeech,2019-11-18 00:27:16
amaaniqbal/DeepSpeech,2019-11-16 09:24:49
bluekandil/DeepSpeech,2019-11-16 01:10:46
dotrado/DeepSpeech,2019-11-15 09:35:14
shangadi/DeepSpeech,2019-11-15 06:21:46
smallDrea/DeepSpeech-1,2019-11-14 14:03:52
ezrealik/DeepSpeech,2019-11-14 12:33:06
Superxdd/DeepSpeech-1,2019-11-13 13:17:06
hiyassat/DeepSpeech,2019-11-11 08:11:41
vp6111998/DeepSpeech,2019-11-11 04:38:03
xibelly/DeepSpeech,2019-11-11 00:51:54
ylu1317/DeepSpeech,2019-11-10 21:35:43
HackyRoot/DeepSpeech,2019-11-10 07:47:41
lyqgo/DeepSpeech,2019-11-08 07:17:58
gehhxing/DeepSpeech,2019-11-08 05:49:30
DevenLu/DeepSpeech,2019-11-07 02:06:54
prithvi26690/DeepSpeech,2019-11-06 16:30:16
bprfh/DeepSpeech,2019-11-06 10:32:09
jiegev5/DeepSpeech,2019-11-06 08:30:44
MatthewAlmeida/DeepSpeech,2019-11-05 18:38:43
ell-hol/DeepSpeech,2019-11-05 11:46:43
HeberTU/DeepSpeech,2019-11-04 10:21:48
naman28/DeepSpeech,2019-11-03 18:14:30
iamsusiep/DeepSpeech,2019-11-03 16:37:19
Ryangoabroad/DeepSpeech,2019-11-03 13:21:05
westinedu/DeepSpeech,2019-11-03 09:47:56
rinaldo-rex/DeepSpeech,2019-11-03 09:39:14
mapbased/DeepSpeech,2019-11-03 03:50:24
djmitche/DeepSpeech,2019-11-03 03:50:16
PablaOO7/DeepSpeech,2019-11-01 17:00:03
kuonanhong/DeepSpeech,2019-11-01 16:25:23
Zoeing00/DeepSpeech,2019-11-01 03:46:42
guoygleo/DeepSpeech,2019-10-31 19:10:00
crisdeodates/Speech-Mozilla-DeepSpeech,2019-10-31 11:28:12
Usama0121/DeepSpeech,2019-10-31 09:23:57
tangingw/DeepSpeech,2019-10-31 03:45:49
noise-trader/DeepSpeech,2019-10-30 15:39:49
angenge/DeepSpeech-1,2019-10-30 10:00:37
joyfish/DeepSpeech,2019-10-29 13:00:02
yuanyanan123/DeepSpeech,2019-10-29 12:50:37
9define/DeepSpeech,2019-10-29 07:14:10
Ali-Tahir/DeepSpeech,2019-10-29 07:11:34
AnJiangile/DeepSpeech,2019-10-28 19:47:33
dgai91/DeepSpeech,2019-10-28 08:38:26
safeqq2/DeepSpeech,2019-10-28 03:58:04
BlueCanoeLearning/DeepSpeech,2019-10-25 17:48:18
jiayong/DeepSpeech,2019-10-25 07:05:39
CSPSolutions-Dev/DeepSpeech,2019-10-24 17:55:50
jiangge/DeepSpeech,2019-10-23 12:36:31
ryojiysd/DeepSpeech,2019-10-23 01:19:26
VKarlin/DeepSpeech,2019-10-21 19:10:05
uncharted-technologies/DeepSpeech,2019-10-21 15:14:31
dertilo/DeepSpeech,2019-10-21 13:49:12
anubhavagar/DeepSpeech,2019-10-21 08:36:55
shsabahdev/DeepSpeech,2019-10-20 22:39:04
xdr1xnl0p3z/DeepSpeech,2019-10-20 21:00:01
alshamiri5/DeepSpeech,2019-10-19 20:45:42
sahilpesugit/DeepSpeech,2019-10-19 13:24:48
SSusantAchary/DeepSpeech,2019-10-19 03:47:27
erogol/DeepSpeech,2019-10-18 17:28:17
weitjong/DeepSpeech,2019-10-18 14:06:16
xelera-technologies/DeepSpeech,2019-10-18 13:18:04
yog-singh/DeepSpeech,2019-10-18 10:28:39
lnesteroff/DeepSpeech,2019-10-18 01:46:19
hmoster/DeepSpeech,2019-10-17 17:00:03
Esdsnqxz/DeepSpeech,2019-10-17 10:15:55
neuralsyn/DeepSpeech,2019-10-17 06:25:06
Tobenna-KA/DeepSpeech,2019-10-16 20:46:38
nikkkkhil/DeepSpeech,2019-10-16 16:01:02
rohithreddy/DeepSpeech,2019-10-16 14:43:29
sumepr/DeepSpeech,2019-10-16 13:30:50
JackJagt/DeepSpeech,2019-10-15 13:18:53
lakshmi25npathi/DeepSpeech,2019-10-15 06:22:57
Yoimer/DeepSpeech,2019-10-14 14:21:32
rnkjoshi/DeepSpeech,2019-10-14 02:52:11
belie51/DeepSpeech,2019-10-12 19:39:40
hailubeshada/DeepSpeech,2019-10-12 15:24:01
BaileyWaldorf/DeepSpeech,2019-10-12 07:34:15
weave85/DeepSpeech,2019-10-11 17:04:08
anomalies41/DeepSpeech,2019-10-11 17:02:44
sundeepteki/DeepSpeech,2019-10-11 09:34:19
RamanHacks/DeepSpeech,2019-10-11 09:05:58
a1300/DeepSpeech,2019-10-11 05:54:21
ajithAI/DeepSpeech,2019-10-11 04:38:49
seadj/DeepSpeech,2019-10-11 04:08:10
mukeshbcc/DeepSpeech,2019-10-10 02:54:30
kasanitej/DeepSpeech,2019-10-09 23:52:37
digitiqman/DeepSpeech,2019-10-09 18:05:11
hongyang-li/DeepSpeech,2019-10-09 09:16:26
safa0/DeepSpeech,2019-10-09 08:47:32
trtworld/data.asr-deepspeech,2019-10-08 11:37:28
huliflove/DeepSpeech,2019-10-08 10:08:40
varghesesanya/DeepSpeech,2019-10-08 08:21:53
ShambhaviCodes/DeepSpeech,2019-10-08 01:30:53
Anush-Onkar/DeepSpeech,2019-10-06 19:43:41
Ak-47-SY/DeepSpeech,2019-10-06 11:56:27
nradpour/DeepSpeech,2019-10-06 05:55:14
hzlijianjun/DeepSpeech,2019-10-06 02:11:10
RobesonJ/DeepSpeech,2019-10-05 23:34:14
afrisauti/DeepSpeech,2019-10-05 10:55:03
infiniteoverflow/DeepSpeech,2019-10-05 10:21:55
asksasasa83/DeepSpeech,2019-10-05 07:52:26
castaned/DeepSpeech,2019-10-05 00:12:47
zijuzhang/DeepSpeech,2019-10-04 13:42:28
HHanWenHui/DeepSpeech,2019-10-04 06:36:04
syedrz/DeepSpeech,2019-10-03 08:37:20
mpmckenz/DeepSpeech,2019-10-02 17:30:22
MattCurryCom/DeepSpeech,2019-10-01 18:11:07
vinhngx/DeepSpeech,2019-10-01 14:04:10
obaf/DeepSpeech,2019-10-01 01:22:56
AOE-khkhan/DeepSpeech,2019-10-01 01:02:56
samhithaaaa/DeepSpeech,2019-09-30 18:24:04
mjiline/DeepSpeech,2019-09-30 16:22:28
kvt0012/DeepSpeech,2019-09-30 14:15:52
watson1101/DeepSpeech,2019-09-30 04:46:24
thatcashcow/DeepSpeech,2019-09-30 04:10:56
kaixi-wang/DeepSpeech,2019-09-29 15:09:34
TIMEXue/DeepSpeech,2019-09-29 03:06:30
venkyjntu-git/DeepSpeech,2019-09-28 16:24:51
evgenyorlov1/DeepSpeech,2019-09-28 01:41:00
EdAlexc/DeepSpeech,2019-09-27 15:13:37
Alan-Penkar/DeepSpeech,2019-09-26 21:46:20
amalic/DeepSpeech,2019-09-26 14:32:28
CheLz3/DeepSpeech,2019-09-26 13:42:53
ahmedMsai/DeepSpeech,2019-09-26 09:16:29
godisloveforme/DeepSpeech,2019-09-26 07:02:15
wanxnch/DeepSpeech,2019-09-26 06:34:25
zymale/DeepSpeech,2019-09-26 00:44:07
rmfkxhxh/DeepSpeech,2019-09-26 00:00:17
Dannynis/DeepSpeech,2019-09-25 17:45:33
gochipon/DeepSpeech,2019-09-25 12:37:52
hisashi-ito/DeepSpeech,2019-09-25 11:33:55
TaChao/DeepSpeech,2019-09-25 06:20:05
alan101-tech/DeepSpeech,2019-09-25 05:57:38
getnamo/DeepSpeech,2019-09-25 00:39:13
betashepherd/DeepSpeech,2019-09-24 02:23:34
AnuragSinghChaudhary/DeepSpeech,2019-09-23 10:50:45
davidbebb/DeepSpeech,2019-09-22 16:08:05
Michal-Lindberg/DeepSpeech,2019-09-22 14:30:42
djpredator/DeepSpeech,2019-09-20 16:13:22
HaolongEdward/DeepSpeech,2019-09-20 15:54:21
flying2020/DeepSpeech,2019-09-20 11:40:02
FengYen-Chang/DeepSpeech,2019-09-20 09:40:19
sluckywhh/DeepSpeech,2019-09-20 03:13:08
liesenf/DeepSpeech,2019-09-19 12:41:24
ArticSeths/DeepSpeech,2019-09-19 12:30:54
rakesh-roshan/DeepSpeech,2019-09-19 10:47:01
xames3-old/DeepSpeech,2019-09-19 09:01:02
Arjunbala/DeepSpeech,2019-09-18 23:49:06
Vinothsuku/DeepSpeech,2019-09-18 17:20:47
shiyongde/DeepSpeech,2019-09-18 07:59:18
BhavinSuthar/DeepSpeech,2019-09-17 19:02:20
CentUser/DeepSpeech-1,2019-09-17 11:08:13
beauthy/DeepSpeech,2019-09-17 08:52:18
thakd1011/DeepSpeech,2019-09-17 06:38:11
sanhhn/DeepSpeech,2019-09-16 21:38:48
northxstar/DeepSpeech,2019-09-16 18:20:31
CP-4/DeepSpeech,2019-09-16 06:32:56
markhsia/DeepSpeech-1,2019-09-14 12:39:16
torekndsn/DeepSpeech,2019-09-14 11:03:24
ajinkyapuar/DeepSpeech,2019-09-14 10:15:01
xhwyli/DeepSpeech,2019-09-14 01:58:50
fanjinfei/DeepSpeech,2019-09-11 21:23:32
yisampi/DeepSpeech,2019-09-10 12:56:56
robinluog/DeepSpeech,2019-09-10 11:14:39
tiendht/DeepSpeech,2019-09-09 08:32:17
chiragsanghvi10/DeepSpeech,2019-09-09 08:09:36
ReparkHjc/DeepSpeech,2019-09-08 08:19:09
woi6v/DeepSpeech,2019-09-06 03:12:25
Martin1001/DeepSpeech,2019-09-04 19:10:18
Tony1236/DeepSpeech,2019-09-04 06:27:09
superrichiesui/DeepSpeech,2019-09-04 04:46:45
richiesui/DeepSpeech,2019-09-04 04:46:44
artie-inc/DeepSpeech,2019-09-03 21:49:09
Phonebooth/DeepSpeech,2019-09-03 18:11:32
Dorniwang/DeepSpeech,2019-09-03 07:21:02
saber5433/DeepSpeech-1,2019-09-02 15:28:59
cyx1233528/DeepSpeech,2019-09-02 01:35:44
HolyCaonima/DeepSpeech,2019-08-31 16:42:27
genikineg/DeepSpeech,2019-08-31 12:49:27
janarthan-j/DeepSpeech,2019-08-31 11:20:28
oguzhankarahan/DeepSpeech,2019-08-30 19:25:50
kek1205/DeepSpeech,2019-08-30 16:51:17
kevinbird15/DeepSpeech,2019-08-29 02:13:05
mdasari823/DeepSpeech-Jetson-Nano,2019-08-28 19:01:49
nihachg/DeepSpeech,2019-08-28 10:45:02
Ranganaths/DeepSpeech,2019-08-28 08:10:55
gar1t/DeepSpeech,2019-08-27 14:26:58
zane678/DeepSpeech,2019-08-27 04:29:48
lukeinator42/DeepSpeech,2019-08-27 01:05:22
shaikhalid/DeepSpeech,2019-08-26 10:51:19
voice-displays/DeepSpeech,2019-08-25 15:49:25
Jemyz/DeepSpeech-1,2019-08-25 09:00:49
dendisuhubdy/DeepSpeech,2019-08-24 12:18:11
NJW007/DeepSpeech,2019-08-24 03:43:50
Lucaaas7/DeepSpeech,2019-08-23 17:30:04
wlemos/DeepSpeech,2019-08-22 14:59:39
phillio/DeepSpeech,2019-08-20 14:59:33
EK332/DeepSpeech,2019-08-20 05:53:12
hccho2/DeepSpeech,2019-08-19 05:56:15
anandj91/DeepSpeech,2019-08-16 21:59:00
feroult/DeepSpeech,2019-08-14 14:32:10
lym0302/DeepSpeech,2019-08-14 09:01:49
UTN-MDI/DeepSpeech,2019-08-13 20:49:58
jamestic/DeepSpeech,2019-08-13 10:52:32
Shubhamrock428/DeepSpeech,2019-08-13 05:31:59
XiongMaoXia/DeepSpeech,2019-08-12 09:08:12
rajkuma2011/DeepSpeech,2019-08-12 05:10:36
shirishbahirat/DeepSpeech,2019-08-10 20:07:18
roee058/DeepSpeech,2019-08-10 14:49:58
kendallcorner/DeepSpeech,2019-08-10 14:41:06
sanyaade-machine-learning/DeepSpeech,2019-08-10 12:47:15
backwardn/DeepSpeech,2019-08-09 15:56:50
imtiyazs/DeepSpeech,2019-08-09 09:57:17
shawwn/DeepSpeech,2019-08-09 06:54:52
GDchouchouhu/DeepSpeech,2019-08-06 10:29:52
zkrhm/DeepSpeech,2019-08-06 08:00:48
matrixIn/DeepSpeech,2019-08-04 06:25:22
pnandini/DeepSpeech,2019-08-02 18:07:05
rcgale/DeepSpeech,2019-08-01 18:16:31
px2017/DeepSpeech,2019-08-01 14:30:20
tangaiyun/DeepSpeech-1,2019-08-01 06:32:24
SlZeroth/DeepSpeech,2019-08-01 05:37:42
Zhao-Yajun/DeepSpeech,2019-08-01 01:45:34
murijr/DeepSpeech,2019-07-31 17:56:23
CMakhubela/DeepSpeech,2019-07-31 13:27:32
aidizhou/DeepSpeech,2019-07-30 09:27:24
husin123/DeepSpeech,2019-07-30 09:11:29
sly123197811/DeepSpeech,2019-07-30 07:33:17
bermeitinger-b/DeepSpeech,2019-07-29 15:14:17
naiveba/DeepSpeech,2019-07-29 14:59:40
DavidYangda/DeepSpeech,2019-07-29 10:28:12
rohanghige/DeepSpeech,2019-07-29 07:30:53
yangyw08/DeepSpeech,2019-07-29 03:26:14
gqy2468/deep-speech,2019-07-29 02:23:49
grajer/DeepSpeech,2019-07-28 11:26:44
wangliqiang7/DeepSpeech,2019-07-27 05:06:51
Jlreese/DeepSpeech,2019-07-25 22:31:47
DrSnowbird/DeepSpeech,2019-07-25 21:32:50
isjosan/DeepSpeech,2019-07-25 19:12:43
malena1906/DeepSpeech,2019-07-25 12:00:40
miniweeds/DeepSpeech,2019-07-23 21:10:40
agicblack/DeepSpeech,2019-07-23 11:02:13
Buhorl/DeepSpeech,2019-07-22 10:15:32
hack121/DeepSpeech,2019-07-22 08:02:53
lnaclst/DeepSpeech,2019-07-21 06:14:04
kytening/DeepSpeech,2019-07-21 02:35:42
harshhegde/DeepSpeech,2019-07-20 12:40:14
pwaaben/DeepSpeech,2019-07-20 11:24:13
chandramohan1995/DeepSpeech,2019-07-20 09:46:06
Neumann789/DeepSpeech,2019-07-19 23:50:07
alchemi5t/DeepSpeech,2019-07-19 09:05:11
tuanad121/DeepSpeech,2019-07-19 05:03:43
POGE0124/DeepSpeech,2019-07-19 01:06:35
weiibo/DeepSpeech,2019-07-19 00:58:42
sumegha19/DeepSpeech,2019-07-18 05:52:01
chinaloryu/DeepSpeech,2019-07-17 23:17:39
7o1/DeepSpeech,2019-07-17 13:24:24
qusaiw/DeepSpeech,2019-07-17 07:01:19
iGoog/DeepSpeech,2019-07-17 00:20:31
biddwan09/DeepSpeech,2019-07-16 08:58:09
yangshiyu89/DeepSpeech,2019-07-15 18:19:22
mirrorforce/DeepSpeech,2019-07-15 09:47:07
Will-Holden/DeepSpeech,2019-07-15 00:47:22
MrZ-777/DeepSpeech,2019-07-15 00:31:28
Acr4805/DeepSpeech,2019-07-13 22:58:39
KhryptorGraphics/DeepSpeech,2019-07-13 13:20:48
i-rocky/DeepSpeech,2019-07-13 11:20:43
B1sounours/DeepSpeech,2019-07-13 05:43:56
cursorhu/DeepSpeech,2019-07-12 12:18:42
aiqoai/DeepSpeech,2019-07-11 16:26:27
avdhootmukhedkar/DeepSpeech,2019-07-11 06:47:35
alvarlaigna/DeepSpeech,2019-07-10 10:33:15
xianjunzhengbackup/DeepSpeech,2019-07-10 00:46:03
smacheng/DeepSpeech,2019-07-09 19:56:13
shah-aman/DeepSpeech,2019-07-09 13:31:16
Librence/DeepSpeech,2019-07-09 03:08:51
xinziXu/DeepSpeech,2019-07-09 02:22:40
pvk444/DeepSpeech,2019-07-08 15:46:36
longisland04/DeepSpeech,2019-07-08 08:36:28
karthik19967829/DeepSpeech,2019-07-08 08:26:42
nizvoo/DeepSpeech,2019-07-08 05:59:06
human2b/DeepSpeech,2019-07-07 17:20:19
Indieaner/DeepSpeech,2019-07-07 15:29:49
junnydelacruz/DeepSpeech,2019-07-06 22:57:41
yinxueyuan/DeepSpeech,2019-07-05 13:45:06
ksteimel/DeepSpeech,2019-07-04 18:19:55
MachineLearning-IIUI/DeepSpeech,2019-07-03 13:52:18
LeoYiChen/DeepSpeech,2019-07-02 17:02:38
jeewenjie/DeepSpeech,2019-07-02 09:51:26
yuluozhao/DeepSpeech-1,2019-07-02 05:24:00
anshu4321/DeepSpeech,2019-07-01 22:26:30
j394183306/DeepSpeech,2019-06-30 12:17:26
kikanny/DeepSpeech,2019-06-29 22:40:13
tiberiu44/DeepSpeech,2019-06-29 07:34:07
StevenSama/DeepSpeech,2019-06-28 15:21:33
burdinskid13/DeepSpeech,2019-06-27 21:29:47
dream1986/DeepSpeech,2019-06-27 19:58:18
yuv4r4j/DeepSpeech,2019-06-27 03:37:00
miguel-negrao/DeepSpeech,2019-06-25 13:10:27
Lukaschen1986/DeepSpeech,2019-06-25 10:34:42
norisalsaadie/DeepSpeech,2019-06-25 08:55:53
geon-su/DeepSpeech,2019-06-25 07:01:19
LivingInFHL/DeepSpeech,2019-06-25 05:06:50
sjtilney/DeepSpeech,2019-06-24 20:23:31
keshavkmr48/DeepSpeech,2019-06-23 05:48:40
zhjy8827/DeepSpeech,2019-06-22 08:09:07
yassinkhalifa/DeepSpeech,2019-06-20 20:52:22
Soumya0803/DeepSpeech,2019-06-20 08:44:38
mojalil/DeepSpeech,2019-06-20 07:09:45
btomtom5/DeepSpeech,2019-06-20 05:10:42
cyberwjf/DeepSpeech-1,2019-06-20 01:46:02
IslamHisham96/DeepSpeech,2019-06-20 01:15:22
gvc0461082002/DeepSpeech,2019-06-19 02:16:59
AlexNewtown/DeepSpeech,2019-06-18 09:20:19
XujieHong/DeepSpeech,2019-06-18 06:56:59
danielmlow/DeepSpeech,2019-06-17 15:21:31
mohandodda0/DeepSpeech,2019-06-17 14:16:19
dschoenleber/DeepSpeech,2019-06-17 11:33:00
joncampbell123/DeepSpeech,2019-06-16 17:49:31
stgrosshh/DeepSpeech,2019-06-14 18:32:34
Stephanzf/DeepSpeech,2019-06-14 12:45:32
AyoubHaggui/DeepSpeech,2019-06-14 08:51:03
MXYs/DeepSpeech,2019-06-14 07:54:31
snowrunfly/DeepSpeech,2019-06-14 07:23:06
divya369/DeepSpeech,2019-06-14 07:18:37
mayankagarwals/DeepSpeech,2019-06-14 06:35:44
batermj/DeepSpeech,2019-06-13 10:59:23
avi26/DeepSpeech,2019-06-13 10:28:53
dghcs/DeepSpeech,2019-06-12 08:28:48
anlianglu/DeepSpeech,2019-06-11 09:16:05
bamutra/DeepSpeech,2019-06-11 09:03:31
chamin96/DeepSpeech,2019-06-11 04:17:22
aviralvj/DeepSpeech,2019-06-09 16:26:22
baifang/DeepSpeech,2019-06-09 13:46:35
leonardo-iheme/DeepSpeech,2019-06-08 11:10:10
ziiin/DeepSpeech,2019-06-07 09:02:07
bbxfnet/DeepSpeech,2019-06-06 08:30:39
Madhusakth/DeepSpeech,2019-06-03 22:40:53
bkunters/DeepSpeech,2019-06-03 11:03:47
prasadp-qp/DeepSpeech,2019-06-03 10:06:51
mmmamer/DeepSpeech,2019-06-02 18:58:13
elainecrutchley/DeepSpeech,2019-06-02 08:48:49
zhangyanflags/DeepSpeech,2019-05-31 09:08:05
spendyala/DeepSpeech,2019-05-31 07:41:45
tzirakis/DeepSpeech,2019-05-30 13:51:44
wangshujingscan/DeepSpeech,2019-05-30 07:07:02
jvishnuvardhan/DeepSpeech,2019-05-28 17:56:25
kartikeysharma12321/DeepSpeech,2019-05-28 17:20:30
kmader/DeepSpeech,2019-05-28 09:51:12
whu933314/DeepSpeech,2019-05-28 05:41:42
UnderController/DeepSpeech,2019-05-27 07:14:46
j420247/DeepSpeech,2019-05-27 03:43:43
puppup420247-org/DeepSpeech,2019-05-27 03:43:40
wanggrplus123/DeepSpeech,2019-05-27 02:23:38
dijksterhuis/DeepSpeechAdversary,2019-05-26 14:35:59
Riszin/DeepSpeech,2019-05-26 05:21:39
iamvazu/DeepSpeech,2019-05-25 08:45:52
badribnarayanan/DeepSpeech,2019-05-24 09:41:35
jiangyanmei09/DeepSpeech,2019-05-24 02:54:16
TommyNeeld/DeepSpeech,2019-05-23 14:41:11
RechardWong/DeepSpeech,2019-05-23 02:21:03
zghzdxs/DeepSpeech,2019-05-22 04:25:53
dwwu/DeepSpeech,2019-05-21 08:39:42
fishg/DeepSpeech,2019-05-21 08:34:50
luciaark/DeepSpeech,2019-05-21 07:54:20
Flavio58it/DeepSpeech,2019-05-21 06:19:22
Panda1018/DeepSpeech,2019-05-21 02:59:39
Gun-Yuan/DeepSpeech,2019-05-21 02:14:53
sassyn/DeepSpeech,2019-05-20 16:48:56
KaiyuanY/DeepSpeech,2019-05-20 03:05:05
pvn25/DeepSpeech,2019-05-20 00:24:31
freshy969/DeepSpeech,2019-05-19 16:10:15
zhodj/DeepSpeech,2019-05-19 01:12:43
anirrudh/DeepSpeech,2019-05-18 17:38:32
akuldr67/DeepSpeech,2019-05-18 15:34:05
areyliu6/DeepSpeech,2019-05-17 07:36:58
pchemla/DeepSpeech,2019-05-16 14:14:49
jiarongqiu/DeepSpeech,2019-05-15 10:56:03
ElliotWu402/DeepSpeech,2019-05-14 18:09:27
Terry0923/DeepSpeech,2019-05-14 04:16:07
fred9/DeepSpeech,2019-05-13 23:53:01
zyh8306/DeepSpeech,2019-05-13 17:56:19
20richardh/DeepSpeech,2019-05-13 17:37:56
kindle0226/DeepSpeech,2019-05-13 09:35:24
yilunjiangyueming/DeepSpeech-1,2019-05-13 03:27:06
boxabirds/DeepSpeech,2019-05-11 17:21:25
trevorrjohn/DeepSpeech,2019-05-11 15:02:00
kuldeepsandiya/DeepSpeech,2019-05-11 08:02:42
chris-lyra/DeepSpeech,2019-05-10 17:37:58
JD-RD/DeepSpeech,2019-05-10 15:41:32
rahulmanuwas/DeepSpeech,2019-05-10 09:27:48
christinesu12/DeepSpeech,2019-05-09 09:44:49
hello-yaowq/DeepSpeech,2019-05-09 08:30:19
developer-mayuan/DeepSpeech,2019-05-09 04:48:06
Nathaliewang/DeepSpeech,2019-05-08 14:43:13
bm371613/DeepSpeech,2019-05-08 11:01:35
quangpl/DeepSpeech,2019-05-08 10:16:54
aslily1234/DeepSpeech,2019-05-08 06:06:37
yiwenxu08015/DeepSpeech,2019-05-07 08:32:06
ruo2012/DeepSpeech,2019-05-03 06:53:40
cytyoutubelearn/DeepSpeech,2019-05-03 05:36:52
cahuja1992/DeepSpeech,2019-05-02 11:36:04
theshubhamgoel/DeepSpeech,2019-05-01 05:37:49
AphelionGroup/DeepSpeech,2019-04-30 17:45:43
dtchantao/DeepSpeech,2019-04-30 05:39:48
buscamais/DeepSpeech,2019-04-30 01:17:53
Jakeur/DeepSpeech,2019-04-29 15:18:40
tavoaqp-zz/DeepSpeech,2019-04-29 04:00:04
cfreemoser/DeepSpeech,2019-04-28 09:35:51
kripaz777/DeepSpeech,2019-04-28 06:16:55
liby001/DeepSpeech,2019-04-28 02:38:42
pradeep-wynk/DeepSpeech,2019-04-27 11:59:36
QoogleLabs/DeepSpeech,2019-04-26 18:01:57
biligee/DeepSpeech,2019-04-26 08:57:23
wangbaorui/DeepSpeech,2019-04-26 07:26:53
BartekRoszak/DeepSpeech,2019-04-25 13:08:06
kishorekolla/DeepSpeech,2019-04-25 11:20:04
sutariyaraj/DeepSpeech,2019-04-24 06:06:54
xumx/DeepSpeech,2019-04-23 04:18:31
BuaaAlban/DeepSpeech,2019-04-22 14:11:45
AmeerHamzaRiaz/DeepSpeech,2019-04-21 11:07:25
zhangpengpengpeng/DeepSpeech,2019-04-20 13:19:47
Owen864720655/DeepSpeech,2019-04-20 07:28:54
pyTh0n39/DeepSpeech,2019-04-19 22:58:54
brierjon/DeepSpeech,2019-04-19 15:52:08
SpoC-DHKA/DeepSpeech,2019-04-19 11:19:38
iamsingularity/DeepSpeech,2019-04-19 10:55:14
nbufl/DeepSpeech,2019-04-19 06:57:07
Sushantmkarande/DeepSpeech,2019-04-18 14:28:51
luohao123/DeepSpeech,2019-04-18 09:29:19
daniel-salesforce/DeepSpeech,2019-04-18 09:11:30
Yankai-Jia/DeepSpeech,2019-04-18 09:01:14
myhugong/DeepSpeech,2019-04-18 08:00:20
sebastienlayer/DeepSpeech,2019-04-17 12:03:32
xiaolang17/DeepSpeech,2019-04-17 12:01:34
venkatesh3ae/DeepSpeech,2019-04-17 11:39:19
Fabididi/DeepSpeech,2019-04-17 02:56:01
nnethery/DeepSpeech,2019-04-16 13:13:26
mahbubnoor/DeepSpeech,2019-04-16 12:47:29
OvidijusParsiunas/DeepSpeech,2019-04-15 15:21:37
outlierd29/DeepSpeech,2019-04-14 14:08:51
sams007/DeepSpeech,2019-04-14 14:01:04
younes-elansari/DeepSpeech,2019-04-14 10:28:47
hongjie7202/DeepSpeech,2019-04-14 03:29:29
Zhangjianfeng000/DeepSpeech,2019-04-14 02:45:28
oms1226/DeepSpeech,2019-04-13 08:22:58
sshaar/DeepSpeech,2019-04-12 14:27:33
Sc-TuDou/DeepSpeech,2019-04-12 12:34:12
Jithub/DeepSpeech,2019-04-12 01:54:55
arpabet/DeepSpeech,2019-04-12 00:00:51
val260/DeepSpeech,2019-04-10 14:04:40
jainshubham/DeepSpeech,2019-04-10 10:32:32
mauna-ai/DeepSpeech,2019-04-10 07:38:29
rpereira-dev/DeepSpeech,2019-04-09 16:08:01
mdigiorgio/DeepSpeech,2019-04-09 10:26:37
dr0ptp4kt/DeepSpeech,2019-04-07 11:10:57
aaronjta42/DeepSpeech,2019-04-06 23:51:18
wansuiye09/DeepSpeech,2019-04-05 17:56:16
dshwei/DeepSpeech,2019-04-05 09:30:57
bartlomiejcieszkowski/DeepSpeech,2019-04-05 08:48:37
fabiangermann/DeepSpeech,2019-04-05 06:53:36
synthesiagame/DeepSpeech,2019-04-05 05:04:43
YveOms/DeepSpeech,2019-04-05 01:58:48
temsa/DeepSpeech,2019-04-04 16:29:58
simongcc/DeepSpeech,2019-04-04 08:25:25
Piyush-k-singh/DeepSpeech,2019-04-04 07:46:51
Adenov94/DeepSpeech,2019-04-03 19:27:00
ravish0007/DeepSpeech,2019-04-03 15:35:01
Sahanduiuc/DeepSpeech,2019-04-03 10:35:07
anhle-uet/DeepSpeech,2019-04-03 08:38:56
akhilvasvani/DeepSpeech,2019-04-03 02:16:35
YunzhaoLu/DeepSpeech,2019-04-03 01:40:25
peter880805/DeepSpeech,2019-04-02 02:18:13
xiaomaha/DeepSpeech,2019-03-30 13:52:38
abhishekyana/DeepSpeech,2019-03-30 04:00:10
Mozilla-GitHub-Standards/0daf1f9cb07b65d791c0944ccb264a4bcf141ee3f50ad3eadee5863e7ed7b9d7,2019-03-29 21:58:38
matthewtoast/DeepSpeech,2019-03-29 01:49:55
gm19900510/DeepSpeech,2019-03-29 01:10:52
thegeekpi/DeepSpeech,2019-03-28 15:48:13
kevinyang007/DeepSpeech,2019-03-28 05:51:56
rahulkhairnarr/DeepSpeech,2019-03-28 04:36:04
mengyi-liu/DeepSpeech,2019-03-28 04:14:28
jpfss/DeepSpeech,2019-03-28 02:28:05
jacobkreider/DeepSpeech,2019-03-27 19:32:02
brucelkx/DeepSpeech,2019-03-27 07:37:14
encom-one/DeepSpeech,2019-03-27 06:39:15
Sadam1195/DeepSpeech,2019-03-26 08:37:13
OrangeBaoWang/DeepSpeech,2019-03-26 02:15:15
mr-edl/DeepSpeech,2019-03-25 22:15:55
jinsongpan/DeepSpeech,2019-03-25 07:53:15
ariansyahputra/DeepSpeech,2019-03-25 07:38:39
0Slugcat0/DeepSpeech,2019-03-24 16:34:07
Solertis/DeepSpeech,2019-03-23 22:36:57
corsariovasco/DeepSpeech,2019-03-23 08:43:35
ctier/DeepSpeech,2019-03-22 09:00:10
loreste/DeepSpeech,2019-03-21 23:00:23
luckyrockyma/DeepSpeech,2019-03-21 06:59:14
bdwyer2/DeepSpeech,2019-03-19 19:51:46
rjimersonjr/DeepSpeech,2019-03-19 17:29:35
Priyadharshini1997/DeepSpeech,2019-03-18 18:24:43
WordToken/DeepSpeech,2019-03-18 17:13:09
gongchensz/DeepSpeech,2019-03-18 07:49:58
briankhdo/DeepSpeech,2019-03-16 10:42:47
gtdc/DeepSpeech,2019-03-16 10:14:50
wsp317/DeepSpeech,2019-03-16 09:18:38
wenqzheng/DeepSpeech,2019-03-16 02:06:48
xueshang-liulp/DeepSpeech-1,2019-03-15 09:31:26
jai2033shankar/DeepSpeech,2019-03-15 05:47:45
iamweiweishi/DeepSpeech,2019-03-15 03:22:30
klm122/DeepSpeech,2019-03-14 15:55:19
databill86/DeepSpeech,2019-03-14 13:15:59
Ruomei/DeepSpeech,2019-03-14 11:43:02
prem2017/DeepSpeech,2019-03-14 01:50:36
hrisheekeshr/DeepSpeech,2019-03-13 10:19:31
ngochuyenluu/DeepSpeech,2019-03-13 09:34:12
alexandrasp/DeepSpeech,2019-03-13 03:08:32
IrenTang/DeepSpeech,2019-03-13 02:11:48
alexander-chan/DeepSpeech,2019-03-12 23:56:19
gaara2016/DeepSpeech,2019-03-12 14:01:15
huangjingshu007/DeepSpeech,2019-03-11 15:45:29
ujwalbvs/DeepSpeech,2019-03-11 03:11:35
soniaai/DeepSpeech,2019-03-11 00:25:59
litpuvn/DeepSpeech,2019-03-10 22:40:21
gulshan-mittal/DeepSpeech,2019-03-10 21:17:21
vxltersmxth/DeepSpeech,2019-03-09 18:59:09
yueyihua/DeepSpeech,2019-03-09 07:59:34
dahburj/DeepSpeech,2019-03-08 11:25:09
mohitsethi/DeepSpeech,2019-03-08 08:55:03
adamchau/DeepSpeech-1,2019-03-08 02:36:48
dacod/DeepSpeech,2019-03-07 18:31:26
newhousewhite/DeepSpeech,2019-03-07 16:00:01
nimanshijha/DeepSpeech,2019-03-07 11:42:21
vigneshve/DeepSpeech,2019-03-06 19:05:29
praneethpj/DeepSpeech,2019-03-06 11:44:41
bgindikagamage/DeepSpeech,2019-03-05 13:14:26
sizhongming/DeepSpeech,2019-03-05 08:53:31
kellyquek/DeepSpeech,2019-03-05 07:20:06
leefrank1013/DeepSpeech,2019-03-04 06:16:16
qboot/DeepSpeech,2019-03-03 16:24:26
keliaoyuan0926/DeepSpeech,2019-03-03 08:09:51
Tech1ng/DeepSpeech,2019-03-02 05:14:48
ERSSLE/DeepSpeech,2019-03-01 13:00:57
ClarkDing/DeepSpeech,2019-03-01 11:41:11
Nidhiya/DeepSpeech,2019-02-27 16:52:25
jusme/DeepSpeech,2019-02-27 10:02:56
sher-ali84/DeepSpeech,2019-02-26 17:36:26
parety/DeepSpeech,2019-02-26 13:14:06
hyun-park/DeepSpeech,2019-02-26 12:30:58
eggonlea/DeepSpeech,2019-02-26 01:37:08
pzz111/DeepSpeech,2019-02-25 12:00:33
intrepid-technology/DeepSpeech,2019-02-25 11:04:36
rohit-kumar1907/DeepSpeech,2019-02-24 11:32:44
xxFly/DeepSpeech,2019-02-24 01:50:16
mahababa/DeepSpeech,2019-02-23 21:24:02
mostafa8026/DeepSpeech,2019-02-23 08:12:07
dsteinman/DeepSpeech,2019-02-22 20:00:29
Thibaud-A/DeepSpeech,2019-02-22 20:00:26
Kerinchen911/DeepSpeech,2019-02-22 09:50:48
bingqing0729/DeepSpeech,2019-02-22 08:08:44
chain-veerender/DeepSpeech,2019-02-22 07:28:49
fengweijp/DeepSpeech,2019-02-22 06:33:01
AmesianX/DeepSpeech,2019-02-21 14:57:17
AlexandrosFerles/Swedish-Language-Automatic-Speech-Recognition-DeepSpeech,2019-02-21 14:39:33
jorxster/DeepSpeech,2019-02-21 06:03:25
wh-forker/DeepSpeech,2019-02-21 03:08:52
kieranricardo/DeepSpeech,2019-02-20 00:15:31
mooosu/DeepSpeech,2019-02-19 12:04:05
danielwinkler/DeepSpeech,2019-02-19 10:32:07
mercyqz/DeepSpeech,2019-02-19 10:11:38
aperturetechnology/DeepSpeech,2019-02-18 11:34:33
intfrr/DeepSpeech,2019-02-18 10:05:32
NaveAtVoca/DeepSpeech,2019-02-18 07:11:38
SourceLink/DeepSpeech,2019-02-17 13:20:02
CONDITIONBLACK/DeepSpeech,2019-02-16 02:16:19
insystemsco/DeepSpeech,2019-02-15 23:13:05
nhadiq/DeepSpeech,2019-02-14 19:40:43
FUTESTECH/DeepSpeech,2019-02-13 19:50:33
FuzeSoft/DeepSpeech,2019-02-13 10:28:57
innnzzz6/DeepSpeech,2019-02-12 12:10:04
brenthe/DeepSpeech,2019-02-11 05:39:45
Reckoning47/DeepSpeech,2019-02-08 23:44:43
menaka-mdosl/DeepSpeech,2019-02-08 16:13:32
DragonComputer/DeepSpeech,2019-02-07 22:10:58
imsaurav/DeepSpeech,2019-02-07 12:38:06
DawerG/DeepSpeech,2019-02-07 00:05:18
sakthivelsivasankar/DeepSpeech,2019-02-06 16:51:50
llrraa/DeepSpeech,2019-02-05 14:47:09
shashank0117/DeepSpeech,2019-02-03 09:48:19
X-HotGitHub-X/DeepSpeech,2019-02-02 13:47:21
anniyanvr/DeepSpeech,2019-02-02 12:47:08
yupbank/DeepSpeech,2019-02-01 15:03:06
Herobring/DeepSpeech,2019-02-01 07:57:24
SuperCraig/DeepSpeech,2019-01-31 01:28:14
AASHISHAG1/DeepSpeech,2019-01-30 19:59:37
sunilkraut/DeepSpeech,2019-01-30 07:42:08
sougatabh/DeepSpeech,2019-01-29 15:59:39
BhaskarNallani/DeepSpeech,2019-01-29 08:19:56
parallelo/DeepSpeech,2019-01-29 01:47:41
tidesq/DeepSpeech,2019-01-27 14:23:04
YeWenting/DeepSpeech,2019-01-26 15:07:08
ahmadRMusa/DeepSpeech,2019-01-25 14:20:40
kristiank/DeepSpeech,2019-01-25 12:47:51
opensource-now/DeepSpeech,2019-01-25 10:13:25
ybhwang/Mozilla-DeepSpeech,2019-01-25 07:13:35
MODU-FTNC/Mozilla-DeepSpeech,2019-01-25 07:13:35
gkucsko/DeepSpeech,2019-01-24 15:48:37
hee2000/DeepSpeech,2019-01-24 08:28:16
UESTCgan/DeepSpeech,2019-01-24 06:09:57
samuallin/DeepSpeech,2019-01-24 01:32:51
rachitagrawal14/DeepSpeech,2019-01-23 21:21:20
DjalmaLab/DeepSpeech,2019-01-23 15:01:11
rajgupt/DeepSpeech,2019-01-23 12:14:32
YongGuCheng/DeepSpeech,2019-01-23 09:11:01
orf53975/DeepSpeech,2019-01-22 06:04:54
SujathaSIyer/DeepSpeech,2019-01-21 09:27:28
iamsupercool/DeepSpeech,2019-01-21 06:57:47
kotenev/DeepSpeech,2019-01-20 13:27:46
songxianjin/DeepSpeech,2019-01-18 12:14:11
tafoca/DeepSpeech,2019-01-18 06:51:33
yskimno1/DeepSpeech,2019-01-18 06:21:20
rovervoice/DeepSpeech,2019-01-17 14:55:05
piplyman/DeepSpeech-1,2019-01-17 12:35:37
ninjanody/DeepSpeech,2019-01-17 09:20:49
zhangziliang04/DeepSpeech,2019-01-17 08:29:39
m13225311263/DeepSpeech,2019-01-17 01:47:24
Dharmesh-Poddar/DeepSpeech,2019-01-16 19:39:50
Andrewwang3/DeepSpeech,2019-01-16 01:41:30
Justin18Chan/DeepSpeech,2019-01-15 15:51:43
mansi1710/DeepSpeech,2019-01-15 07:25:26
akshayjh/DeepSpeech,2019-01-14 18:46:59
Averroes/DeepSpeech,2019-01-12 13:32:45
Hafsa26/DeepSpeech,2019-01-11 12:38:45
Niteshkumarchaudhary/DeepSpeech,2019-01-11 03:40:01
amirpavlo/DeepSpeech,2019-01-10 22:56:44
achema4/DeepSpeech,2019-01-10 18:18:51
jonnycrunch/DeepSpeech,2019-01-08 18:23:23
mbibaeva/DeepSpeech,2019-01-08 12:19:05
tianshuichen/DeepSpeech,2019-01-08 12:09:47
JayKimBravekjh/DeepSpeech,2019-01-08 08:29:50
tachen-cs/DeepSpeech,2019-01-08 07:55:13
mmmika/DeepSpeech,2019-01-07 21:50:15
dacer250/DeepSpeech,2019-01-07 07:46:00
jacktang/DeepSpeech,2019-01-06 08:18:31
ayoubBouziane/DeepSpeech,2019-01-05 21:50:05
yuhonghong7035/DeepSpeech,2019-01-05 16:48:30
agiza/DeepSpeech,2019-01-05 16:29:30
gdcollect/DeepSpeech,2019-01-05 08:53:32
chusri/DeepSpeech,2019-01-05 07:02:12
NghiLamPhuc/DeepSpeech,2019-01-03 17:08:18
chenchuanyin/DeepSpeech,2019-01-03 07:23:27
srihari-palivela/DeepSpeech,2019-01-02 10:22:37
sukhoi/DeepSpeech,2019-01-02 09:16:19
w4-nuri/DeepSpeech,2019-01-02 08:26:17
