User,NewGithubUser
CatalinVoss,False
DanBmh,False
GoldschmittGabriel,False
Ideefixze,False
Jemyz,False
KathyReid,False
Mozilla-GitHub-Standards,False
NanoNabla,False
NormanTUD,False
ObliviousParadigm,False
actual-kwarter,False
alchemi5t,False
areyliu6,False
bprfh,False
cahuja1992,False
cfreemoser,False
chrillemanden,False
d-a-v,False
dabinat,False
danieltinazzi,False
danielwinkler,False
djmitche,False
dsteinman,False
dzubke,False
eagledot,False
eggonlea,False
erksch,False
ftyers,False
gregnr,False
imrahul361,False
imskr,False
jimregan,False
jorxster,False
jschueller,False
karansag,False
kristiank,False
liezl200,False
lnesteroff,False
lwalejko,False
madprogramer,False
marekjg,False
mdigiorgio,False
mrstegeman,False
mychiux413,False
nmstoker,False
olafthiele,False
pbxqdown,False
pietrop,False
ptitloup,False
qboot,False
rcgale,False
rhamnett,False
ryojiysd,False
sholtrop,False
stepkillah,False
suriyaa,False
thecodrr,False
vinhngx,False
zaptrem,False
